run_id,workload_class,elapsed_s,time_since_awq_stable_s,waiting_q_depth,running_q_count,swapped_q_count,preemption_count,scheduler_used_kv_blocks,physical_used_kv_blocks,fp16_reference_utilization,physical_margin_to_1759_blocks,physical_shrink_feasible,old_persistence_ready,old_waiting_mean_10s,old_waiting_ready,old_recent_preemptions_10s,old_preemption_ready,old_current_le070,old_le070_fraction_10s,old_dwell90_ready,old_release_all_ready,primary_quiet_pressure_drop_waiting_mean,primary_quiet_pressure_drop_recent_preemptions,primary_quiet_pressure_drop_recent_utilization_mean,primary_quiet_pressure_drop_prior_utilization_mean,primary_quiet_pressure_drop_utilization_ratio,primary_quiet_pressure_drop_ready
v9-high-closed_loop_dynamic-rep0,high,69.750677042,0.22100145600001042,1,32,0,5,2479,2479,1.4021493212669682,-720,False,False,3.775058585400008,False,4,False,False,0.0,False,False,5.950205606800014,2,0.9706776706488689,0.8577782289850114,1.1316184508406661,False
v9-high-closed_loop_dynamic-rep0,high,70.00055713,0.47088154400000803,1,32,0,5,2479,2479,1.4021493212669682,-720,False,False,3.7500708862000067,False,4,False,False,0.0,False,False,5.950205606800014,2,0.9920192392506785,0.8623857464447401,1.1503196143261454,False
v9-high-closed_loop_dynamic-rep0,high,70.250252766,0.7205771800000065,1,32,0,5,2479,2479,1.4021493212669682,-720,False,False,3.7251013226000067,False,4,False,False,0.0,False,False,5.950205606800014,2,1.0131474127291855,0.8670886836034504,1.168447278678282,False
v9-high-closed_loop_dynamic-rep0,high,70.500831116,0.9711555300000043,1,32,0,5,2479,2479,1.4021493212669682,-720,False,False,3.700043487600007,False,4,False,False,0.0,False,False,5.950205606800014,2,1.0339252766285063,0.8718082719197964,1.1859548824327102,False
v9-high-closed_loop_dynamic-rep0,high,70.750094028,1.2204184420000104,1,32,0,5,2479,2479,1.4021493212669682,-720,False,False,3.6751171964000067,False,4,False,False,0.0,False,False,5.950205606800014,2,1.0545937963678733,0.8764890008102943,1.2032025449183334,False
v9-high-closed_loop_dynamic-rep0,high,71.000361922,1.470686336,1,32,0,5,2479,2479,1.4021493212669682,-720,False,False,3.6500904070000075,False,4,False,False,0.0,False,False,5.950205606800014,2,1.0751479638105192,0.8826151876448529,1.2181389793205528,False
v9-high-closed_loop_dynamic-rep0,high,71.250180769,1.7205051830000002,1,32,0,5,2479,2479,1.4021493212669682,-720,False,False,3.6251085223000077,False,4,False,False,0.0,False,False,5.950205606800014,1,1.0972427856424196,0.8890862343839366,1.234124141403132,False
v9-high-closed_loop_dynamic-rep0,high,71.500670515,1.9709949289999997,1,32,0,5,2479,2479,1.4021493212669682,-720,False,False,3.6000595477000075,False,4,False,False,0.0,False,False,5.950205606800014,1,1.119401450530542,0.8955469308224545,1.2499640298052315,False
v9-high-closed_loop_dynamic-rep0,high,71.750645227,2.2209696410000106,1,32,0,5,2479,2479,1.4021493212669682,-720,False,False,3.5750620765000063,False,4,False,False,0.0,False,False,5.950205606800014,1,1.1413166543540725,0.9018813017944571,1.2654843293493447,False
v9-high-closed_loop_dynamic-rep0,high,72.000680106,2.471004520000008,1,32,0,5,2479,2479,1.4021493212669682,-720,False,False,3.550058588600007,False,4,False,False,0.0,False,False,5.949994484800004,1,1.1628415097218323,0.9083865543854074,1.280117483144148,False
v9-high-closed_loop_dynamic-rep0,high,72.250616235,2.720940648999999,1,32,0,5,2502,2502,1.415158371040724,-743,False,False,3.5250649757000074,False,4,False,False,0.0,False,False,5.50010945260002,1,1.1843575045373291,0.914677620778224,1.2948359920839176,False
v9-high-closed_loop_dynamic-rep0,high,72.500676288,2.9710007019999978,1,32,0,5,2509,2509,1.4191176470588236,-750,False,False,3.5000589704000076,False,3,False,False,0.0,False,False,5.050001357200022,1,1.2063370737609718,0.9210703462596719,1.3097122045669205,False
v9-high-closed_loop_dynamic-rep0,high,72.750818533,3.221142947000004,1,32,0,5,2534,2534,1.4332579185520362,-775,False,False,3.475102803400007,False,3,False,False,0.0,False,False,4.5997453162000115,1,1.2281260885799767,0.9276348165371042,1.32393272297025,False
v9-high-closed_loop_dynamic-rep0,high,73.000645036,3.4709694499999983,1,32,0,5,2534,2534,1.4332579185520362,-775,False,False,3.475102803400007,False,3,False,False,0.0,False,False,4.150057610800022,1,1.2505934741914015,0.9339794138746038,1.3389946883340047,False
v9-high-closed_loop_dynamic-rep0,high,73.250352002,3.7206764160000034,1,32,0,5,2541,2541,1.4372171945701357,-782,False,False,3.475102803400007,False,3,False,False,0.0,False,False,3.7005850720000124,1,1.2728524209343883,0.9404198197850114,1.3534938270711627,False
v9-high-closed_loop_dynamic-rep0,high,73.500659015,3.9709834290000003,1,32,0,5,2566,2566,1.4513574660633484,-807,False,False,3.475102803400007,False,3,False,False,0.0,False,False,3.250032448600018,0,1.2970569657754516,0.9460005324316174,1.3710953866394475,False
v9-high-closed_loop_dynamic-rep0,high,73.75024155,4.220565964000002,1,32,0,5,2566,2566,1.4513574660633484,-807,False,False,3.475102803400007,False,3,False,False,0.0,False,False,2.8007838856000147,0,1.321902286001696,0.9513509614307691,1.3895001314905302,False
v9-high-closed_loop_dynamic-rep0,high,74.001158979,4.471483393,1,32,0,5,2567,2567,1.4519230769230769,-808,False,False,3.475102803400007,False,2,False,False,0.0,False,False,2.3491325134000194,0,1.3467106114770353,0.9568146383984727,1.4074937374820842,False
v9-high-closed_loop_dynamic-rep0,high,74.25018442,4.720508834,1,32,0,5,2574,2574,1.4558823529411764,-815,False,False,3.475102803400007,False,2,False,False,0.0,False,False,1.900886719600018,0,1.3713596228882343,0.9622092506101808,1.425219745100759,False
v9-high-closed_loop_dynamic-rep0,high,74.50066851,4.970992924000001,1,32,0,5,2598,2598,1.4694570135746607,-839,False,False,3.475102803400007,False,2,False,False,0.0,False,False,1.4500153576000172,0,1.396351361279637,0.9674234111641967,1.4433714805384632,False
v9-high-closed_loop_dynamic-rep0,high,74.751153025,5.221477438999997,1,32,0,5,2598,2598,1.4694570135746607,-839,False,False,3.475102803400007,False,2,False,False,0.0,False,False,1.0,0,1.421980815122285,0.9726479992355198,1.4619685808637153,False
v9-high-closed_loop_dynamic-rep0,high,75.000567418,5.470891832000007,1,32,0,5,2605,2605,1.4734162895927603,-846,False,False,3.475102803400007,False,2,False,False,0.0,False,False,1.0,0,1.4253383165665157,0.9835246110569568,1.4492146922838651,False
v9-high-closed_loop_dynamic-rep0,high,75.250822778,5.721147192000004,1,32,0,5,2630,2630,1.487556561085973,-871,False,False,3.475102803400007,False,2,False,False,0.0,False,False,1.0,0,1.4289053047294118,0.9944378962696263,1.436897477549454,False
v9-high-closed_loop_dynamic-rep0,high,75.50087274,5.971197154000009,1,32,0,5,2630,2630,1.487556561085973,-871,False,False,3.475102803400007,False,2,False,False,0.0,False,False,1.0,0,1.4331765201436653,1.005342224363631,1.4255608542164317,False
v9-high-closed_loop_dynamic-rep0,high,75.75049522,6.220819634000009,1,32,0,5,2631,2631,1.4881221719457014,-872,False,False,3.475102803400007,False,2,False,False,0.0,False,False,1.0,0,1.4374404335463802,1.0162279105672511,1.4144862767486983,False
v9-high-closed_loop_dynamic-rep0,high,76.000337908,6.47066232200001,1,32,0,5,2638,2638,1.492081447963801,-879,False,False,3.475102803400007,False,2,False,False,0.0,False,False,1.0,0,1.4417363711680997,1.027123199732862,1.4036644986142575,False
v9-high-closed_loop_dynamic-rep0,high,76.250135648,6.720460062000001,0,24,0,5,2702,1838,1.5282805429864252,-79,False,False,3.475102803400007,False,1,False,False,0.0,False,False,1.0,0,1.446229339568552,1.0380165287792416,1.3932623416598084,False
v9-high-closed_loop_dynamic-rep0,high,76.500890548,6.971214962000005,0,24,0,5,1854,1854,1.0486425339366516,-95,False,False,3.450027313400007,False,1,False,False,0.0,False,False,0.9498490199999992,0,1.4525549439463803,1.0486255034656673,1.3851989477136897,False
v9-high-closed_loop_dynamic-rep0,high,76.750554038,7.220878452000008,0,24,0,5,1854,1854,1.0486425339366516,-95,False,False,3.4250609644000063,False,1,False,False,0.0,False,False,0.8999163219999986,0,1.434903396293665,1.059188189581052,1.354719973663247,False
v9-high-closed_loop_dynamic-rep0,high,77.000789954,7.471114368000002,0,24,0,5,1861,1861,1.0526018099547512,-102,False,False,3.3998329486000074,False,1,False,False,0.0,False,False,0.8498691387999997,0,1.4172113773457018,1.06966186545707,1.32491530558596,False
v9-high-closed_loop_dynamic-rep0,high,77.250556284,7.720880698000002,0,24,0,5,1878,1878,1.0622171945701357,-119,False,False,3.1500666186000075,False,1,False,False,0.0,False,False,0.7999158727999998,0,1.3997503375334843,1.0799043333037892,1.2961799433207004,False
v9-high-closed_loop_dynamic-rep0,high,77.501088966,7.971413380000001,0,24,0,5,1878,1878,1.0622171945701357,-119,False,False,2.899533936600008,False,1,False,False,0.0,False,False,0.7498093363999999,0,1.3820655068274887,1.0905052856871602,1.2673625015550545,False
v9-high-closed_loop_dynamic-rep0,high,77.750592059,8.220916473000003,0,24,0,5,1885,1885,1.0661764705882353,-126,False,False,2.650030843600007,False,1,False,False,0.0,False,False,0.6999087177999996,0,1.3642559534696836,1.1019918877328052,1.2379909223074683,False
v9-high-closed_loop_dynamic-rep0,high,78.000819135,8.471143549000004,0,24,0,5,1888,1888,1.0678733031674208,-129,False,False,2.3998037676000052,False,1,False,False,0.0,False,False,0.6498633025999994,0,1.345885850474887,1.1133706720797507,1.2088389646197553,False
v9-high-closed_loop_dynamic-rep0,high,78.25109322,8.721417634000005,0,24,0,5,1902,1902,1.0757918552036199,-143,False,False,2.1495296826000043,False,0,True,False,0.0,False,False,0.5998084855999991,0,1.3275960034798644,1.1245398876968886,1.1805681754862822,False
v9-high-closed_loop_dynamic-rep0,high,78.50099826,8.971322674000007,0,24,0,5,1902,1902,1.0757918552036199,-143,False,False,1.8996246426000027,False,0,True,False,0.0,False,False,0.5498274775999988,0,1.3095306412983028,1.1357915591800904,1.1529674003244326,False
v9-high-closed_loop_dynamic-rep0,high,78.750616436,9.220940850000005,0,24,0,5,1910,1910,1.080316742081448,-151,False,False,1.6500064666000043,False,0,True,False,0.0,False,False,0.49990384239999913,0,1.2907810407480764,1.1472847936888004,1.1250746526482762,False
v9-high-closed_loop_dynamic-rep0,high,79.000636126,9.470960540000007,0,24,0,5,1926,1926,1.089366515837104,-167,False,True,1.3999867766000023,False,0,True,False,0.0,False,False,0.4498999043999987,0,1.2722275433906103,1.1595029504851808,1.0972180302415455,False
v9-high-closed_loop_dynamic-rep0,high,79.250294039,9.720618453,0,24,0,5,1926,1926,1.089366515837104,-167,False,True,1.1503288636000093,False,0,True,False,0.0,False,False,0.39996832180000014,0,1.254124492857466,1.171717562432296,1.0703300292385365,False
v9-high-closed_loop_dynamic-rep0,high,79.500835364,9.971159778,0,24,0,5,1933,1933,1.0933257918552035,-174,False,True,0.8997875386000089,False,0,True,False,0.0,False,False,0.34986005680000004,0,1.2357585671678737,1.1839752684201355,1.0437368077939977,False
v9-high-closed_loop_dynamic-rep0,high,79.751223163,10.22154757700001,0,24,0,5,1950,1950,1.1029411764705883,-191,False,True,0.6498912484999991,False,0,True,False,0.0,False,False,0.2997824969999982,0,1.2169228334195696,1.196353036311878,1.0171937517466452,False
v9-high-closed_loop_dynamic-rep0,high,80.001023765,10.471348179000003,0,24,0,5,1950,1950,1.1029411764705883,-191,False,True,0.6249111882999998,False,0,True,False,0.0,False,False,0.24982237659999953,0,1.1986112967085973,1.2087018130061082,0.9916517736724368,False
v9-high-closed_loop_dynamic-rep0,high,80.251038987,10.721363401000005,0,24,0,5,1957,1957,1.1069004524886878,-198,False,True,0.5999096660999996,False,0,True,False,0.0,False,False,0.19981933219999917,0,1.1800858017272624,1.221060936436991,0.9664430058426956,False
v9-high-closed_loop_dynamic-rep0,high,80.501191346,10.971515760000003,0,24,0,5,1974,1974,1.1165158371040724,-215,False,True,0.5748944301999999,False,0,True,False,0.0,False,False,0.14978886039999964,0,1.1610413970205884,1.2335685543869908,0.9412054100208124,False
v9-high-closed_loop_dynamic-rep0,high,80.750528314,11.220852727999997,0,24,0,5,1974,1974,1.1165158371040724,-215,False,True,0.5499607334000004,False,0,True,False,0.0,False,False,0.09992146680000076,0,1.1425385594524893,1.2460354046588231,0.9169390814904875,False
v9-high-closed_loop_dynamic-rep0,high,81.000122995,11.470447409000002,0,24,0,5,1981,1981,1.120475113122172,-222,False,True,0.5250012652999999,False,0,True,False,0.0,False,False,0.050002530599999775,0,1.1239883665320138,1.258430508678337,0.8931668127725856,False
v9-high-closed_loop_dynamic-rep0,high,81.250603272,11.72092768600001,0,24,0,5,1998,1998,1.1300904977375565,-239,False,True,0.49995323759999905,True,0,True,False,0.0,False,False,0.0,0,1.1053691396616512,1.2717606484368216,0.8691644461717779,False
v9-high-closed_loop_dynamic-rep0,high,81.50040515,11.97072956400001,0,24,0,5,1998,1998,1.1300904977375565,-239,False,True,0.4749730497999991,True,0,True,False,0.0,False,False,0.0,0,1.0854754154408368,1.2859603592620477,0.8440971042557954,False
v9-high-closed_loop_dynamic-rep0,high,81.750451828,12.220776242,0,24,0,5,1998,1998,1.1300904977375565,-239,False,True,0.4499683820000001,True,0,True,False,0.0,False,False,0.0,0,1.0895020109304299,1.2881051609022056,0.845817596264678,False
v9-high-closed_loop_dynamic-rep0,high,82.001093263,12.471417677000005,0,24,0,5,2006,2006,1.1346153846153846,-247,False,True,0.4249042384999996,True,0,True,False,0.0,False,False,0.0,0,1.0935846176585975,1.2900336249542985,0.8477179171956386,False
v9-high-closed_loop_dynamic-rep0,high,82.250132585,12.720456999000007,0,24,0,5,2022,2022,1.1436651583710407,-263,False,True,0.4000003062999994,True,0,True,False,0.0,False,False,0.0,0,1.0976695386642534,1.2920479135881222,0.8495579205077123,False
v9-high-closed_loop_dynamic-rep0,high,82.500969293,12.971293707000001,0,24,0,5,2022,2022,1.1436651583710407,-263,False,True,0.3749166355,True,0,True,False,0.0,False,False,0.0,0,1.101756381292647,1.294218554410916,0.8512908252919684,False
v9-high-closed_loop_dynamic-rep0,high,82.75087275,13.221197164000003,0,22,0,5,1835,1835,1.03789592760181,-76,False,True,0.3499262897999998,True,0,True,False,0.0,False,False,0.0,0,1.1058269845699096,1.2961834755444002,0.8531407824848712,False
v9-high-closed_loop_dynamic-rep0,high,83.000703458,13.471027872000008,0,22,0,5,1852,1852,1.0475113122171946,-93,False,True,0.32494321899999934,True,0,True,False,0.0,False,False,0.0,0,1.1044139149545251,1.298246512497681,0.8506966160299991,False
v9-high-closed_loop_dynamic-rep0,high,83.250856156,13.721180570000001,0,22,0,5,1852,1852,1.0475113122171946,-93,False,True,0.29992794919999993,True,0,True,False,0.0,False,False,0.0,0,1.1033952328168553,1.300255637841855,0.8485986914452102,False
v9-high-closed_loop_dynamic-rep0,high,83.500783972,13.971108385999997,0,22,0,5,1857,1857,1.0503393665158371,-98,False,True,0.27493516760000036,True,0,True,False,0.0,False,False,0.0,0,1.101981989388801,1.3033080710364249,0.8455268665009309,False
v9-high-closed_loop_dynamic-rep0,high,83.750142746,14.220467159999998,0,22,0,5,1874,1874,1.0599547511312217,-115,False,True,0.24999929020000025,True,0,True,False,0.0,False,False,0.0,0,1.100712629113914,1.3063545356961535,0.8425833868501453,False
v9-high-closed_loop_dynamic-rep0,high,84.001053252,14.47137766600001,0,22,0,5,1874,1874,1.0599547511312217,-115,False,True,0.22490823959999914,True,0,True,False,0.0,False,False,0.0,0,1.0996904953229638,1.3094487513004522,0.8398117866245843,False
v9-high-closed_loop_dynamic-rep0,high,84.250815568,14.721139981999997,0,22,0,5,1875,1875,1.0605203619909502,-116,False,True,0.19993200800000038,True,0,True,False,0.0,False,False,0.0,0,1.0982213052288463,1.312754429012217,0.8365778708933427,False
v9-high-closed_loop_dynamic-rep0,high,84.500520452,14.970844866000007,0,22,0,5,1880,1880,1.0633484162895928,-121,False,True,0.17496151959999934,True,0,True,False,0.0,False,False,0.0,0,1.0967807001288459,1.3160593465945698,0.8333824025237703,False
v9-high-closed_loop_dynamic-rep0,high,84.750430011,15.22075442500001,0,17,0,5,1411,1411,0.7980769230769231,348,True,True,0.14997056369999912,True,0,True,False,0.0,False,False,0.0,0,1.095282622952036,1.3194657945207577,0.8300955034229235,False
v9-high-closed_loop_dynamic-rep0,high,85.00048052,15.470804934,0,17,0,5,1411,1411,0.7980769230769231,348,True,True,0.12496551280000005,True,0,True,False,0.0,False,False,0.0,0,1.0800378558969461,1.311994313217138,0.8232031534104656,False
v9-high-closed_loop_dynamic-rep0,high,85.250369482,15.720693896,0,17,0,5,1417,1417,0.8014705882352942,342,True,True,0.09997661660000005,True,0,True,False,0.0,False,False,0.0,0,1.0648014135306565,1.3045174319446269,0.8162416135316576,False
v9-high-closed_loop_dynamic-rep0,high,85.500439945,15.970764359,0,17,0,5,1428,1428,0.8076923076923077,331,True,True,0.07496957030000004,True,0,True,False,0.0,False,False,0.0,0,1.0495261461680998,1.2971338647375565,0.809111668964441,False
v9-high-closed_loop_dynamic-rep0,high,85.750578855,16.220903269000004,0,17,0,5,1428,1428,0.8076923076923077,331,True,True,0.049955679299999646,True,0,True,False,0.0,False,False,0.0,0,1.0340778349641404,1.289988337397794,0.8016179720276506,False
v9-high-closed_loop_dynamic-rep0,high,86.000540494,16.47086490800001,0,17,0,5,1433,1433,0.8105203619909502,326,True,True,0.024959515399999077,True,0,True,False,0.0,False,False,0.0,0,1.0186386972506785,1.282848761311708,0.7940442614678321,True
v9-high-closed_loop_dynamic-rep0,high,86.251009366,16.72133378000001,0,17,0,5,1445,1445,0.8173076923076923,314,True,True,0.0,True,0,True,False,0.0,False,False,0.0,0,1.003111112923303,1.2757940896681563,0.786264116636737,True
v9-high-closed_loop_dynamic-rep0,high,86.501071818,16.971396232000004,0,17,0,5,1445,1445,0.8173076923076923,314,True,True,0.0,True,0,True,False,0.0,False,False,0.0,0,0.9874680658694572,1.2689909200181562,0.7781521918654304,True
v9-high-closed_loop_dynamic-rep0,high,86.75104872,17.221373134000004,0,17,0,5,1450,1450,0.8201357466063348,309,True,True,0.0,True,0,True,False,0.0,False,False,0.0,0,0.971830370529412,1.2621900778313915,0.7699556410704356,True
v9-high-closed_loop_dynamic-rep0,high,87.000599905,17.470924319000005,0,17,0,5,1462,1462,0.8269230769230769,297,True,True,0.0,True,0,True,False,0.0,False,False,0.0,0,0.9563604554411768,1.2554008176512443,0.761796903422806,True
v9-high-closed_loop_dynamic-rep0,high,87.250728141,17.721052555,0,17,0,5,1462,1462,0.8269230769230769,297,True,True,0.0,True,0,True,False,0.0,False,False,0.0,0,0.940967317158824,1.2487092086334843,0.7535519964560561,True
v9-high-closed_loop_dynamic-rep0,high,87.500432006,17.97075642,0,17,0,5,1467,1467,0.8297511312217195,292,True,True,0.0,True,0,True,False,0.0,False,False,0.0,0,0.9251489727696838,1.2419299181809955,0.7449284852761354,True
v9-high-closed_loop_dynamic-rep0,high,87.750553852,18.220878266,0,17,0,5,1470,1470,0.831447963800905,289,True,True,0.0,True,0,True,False,0.0,False,False,0.0,0,0.9094456215785073,1.2350403464033939,0.7363691592966474,True
v9-high-closed_loop_dynamic-rep0,high,88.000130326,18.470454740000008,0,17,0,5,1479,1479,0.8365384615384616,280,True,True,0.0,True,0,True,False,0.0,False,False,0.0,0,0.8991339646852943,1.225176788463631,0.7338809983600867,True
v9-high-closed_loop_dynamic-rep0,high,88.250552462,18.720876876000005,0,17,0,5,1480,1480,0.8371040723981901,279,True,True,0.0,True,0,True,False,0.0,False,False,0.0,0,0.8885686124812219,1.2155162090962104,0.7310216069779206,True
v9-high-closed_loop_dynamic-rep0,high,88.501075897,18.97140031100001,0,17,0,5,1496,1496,0.8461538461538461,263,True,True,0.0,True,0,True,False,0.0,False,False,0.0,0,0.8780260584716062,1.2057526565430423,0.7281974903451212,True
v9-high-closed_loop_dynamic-rep0,high,88.750694911,19.221019325,0,17,0,5,1496,1496,0.8461538461538461,263,True,True,0.0,True,0,True,False,0.0,False,False,0.0,0,0.8678312789626699,1.195743013210407,0.7257673842748712,True
v9-high-closed_loop_dynamic-rep0,high,89.001046902,19.471371316000003,0,17,0,5,1501,1501,0.8489819004524887,258,True,True,0.0,True,0,True,False,0.0,False,False,0.0,0,0.8571261825149323,1.1859441683138008,0.7227373812492468,True
v9-high-closed_loop_dynamic-rep0,high,89.250638747,19.720963161,0,17,0,5,1513,1513,0.8557692307692307,246,True,True,0.0,True,0,True,False,0.0,False,False,0.0,0,0.8465947619057698,1.1761607850108031,0.7197950932346326,True
v9-high-closed_loop_dynamic-rep0,high,89.500621468,19.97094588200001,0,17,0,5,1513,1513,0.8557692307692307,246,True,True,0.0,True,0,True,False,0.0,False,False,0.0,0,0.8363578757902715,1.1662774369497169,0.7171174278889273,True
v9-high-closed_loop_dynamic-rep0,high,89.750559486,20.220883900000004,0,13,0,5,1130,1130,0.6391402714932126,629,True,True,0.0,True,0,True,True,0.0,False,False,0.0,0,0.8259883589541854,1.1561238684151582,0.7144462470846396,True
v9-high-closed_loop_dynamic-rep0,high,90.000082055,20.470406468999997,0,13,0,5,1133,1133,0.6408371040723982,626,True,True,0.0,True,0,True,True,0.02495225689999927,False,False,0.0,0,0.8180567026319008,1.1393714199195142,0.7179894881773397,True
v9-high-closed_loop_dynamic-rep0,high,90.250629062,20.720953476000005,0,13,0,5,1142,1142,0.6459276018099548,617,True,True,0.0,True,0,True,True,0.05000695760000014,False,False,0.0,0,0.810177333239819,1.1224512744819006,0.7217928756985726,True
v9-high-closed_loop_dynamic-rep0,high,90.501294179,20.971618593000002,0,12,0,5,1046,1046,0.5916289592760181,713,True,True,0.0,True,0,True,True,0.07507346929999983,False,False,0.0,0,0.802378430100792,1.105254297816346,0.7259672563011547,True
v9-high-closed_loop_dynamic-rep0,high,90.750954574,21.22127898800001,0,12,0,5,1047,1047,0.5921945701357466,712,True,True,0.0,True,0,True,True,0.10003950880000048,False,False,0.0,0,0.7915899379186649,1.0882807540299202,0.727376584569189,True
v9-high-closed_loop_dynamic-rep0,high,91.000272391,21.470596805,0,12,0,5,1058,1058,0.5984162895927602,701,True,True,0.0,True,0,True,True,0.12497129049999955,False,False,0.0,0,0.7808444528194571,1.071316425192195,0.7288644460756523,True
v9-high-closed_loop_dynamic-rep0,high,91.250668178,21.720992592,0,12,0,5,1058,1058,0.5984162895927602,701,True,True,0.0,True,0,True,True,0.15001086919999979,False,False,0.0,0,0.7702226112346154,1.0542484451497174,0.7305892788158047,True
v9-high-closed_loop_dynamic-rep0,high,91.500948633,21.971273046999997,0,12,0,5,1058,1058,0.5984162895927602,701,True,True,0.0,True,0,True,True,0.17503891469999927,False,False,0.0,0,0.7592662264123307,1.0364567386954753,0.7325594962776475,True
v9-high-closed_loop_dynamic-rep0,high,91.750643231,22.220967645,0,12,0,5,1070,1070,0.6052036199095022,689,True,True,0.0,True,0,True,True,0.20000837449999978,False,False,0.0,0,0.7483350262510182,1.0306804326670815,0.7260592153812012,True
v9-high-closed_loop_dynamic-rep0,high,92.000223365,22.470547779,0,12,0,5,1070,1070,0.6052036199095022,689,True,True,0.0,True,0,True,True,0.22496638789999962,False,False,0.0,0,0.7376066978036201,1.02497724253241,0.7196322681089155,True
v9-high-closed_loop_dynamic-rep0,high,92.250830567,22.721154980999998,0,12,0,5,1070,1070,0.6052036199095022,689,True,True,0.0,True,0,True,True,0.2500271080999994,False,False,0.0,0,0.7264943103936654,1.019321275973247,0.7127235813850832,True
v9-high-closed_loop_dynamic-rep0,high,92.500674188,22.97099860200001,0,12,0,5,1082,1082,0.6119909502262444,677,True,True,0.0,True,0,True,True,0.2750114702000005,False,False,0.0,0,0.7154151350156106,1.0134426710283373,0.7059256092795866,True
v9-high-closed_loop_dynamic-rep0,high,92.750922584,23.221246997999998,0,12,0,5,1082,1082,0.6119909502262444,677,True,True,0.0,True,0,True,True,0.3000363097999994,False,False,0.0,0,0.7045161826789595,1.0076251767842765,0.6991847751634634,True
v9-high-closed_loop_dynamic-rep0,high,93.000858308,23.47118272200001,0,12,0,5,1082,1082,0.6119909502262444,677,True,True,0.0,True,0,True,True,0.3250298822000005,False,False,0.0,0,0.6935454120058823,1.0017588367876136,0.6923277205419085,True
v9-high-closed_loop_dynamic-rep0,high,93.250302311,23.720626725000002,0,11,0,5,997,997,0.5639140271493213,762,True,True,0.0,True,0,True,True,0.34997428249999984,False,False,0.0,0,0.682343005988801,0.9959883278946835,0.6850913679190751,True
v9-high-closed_loop_dynamic-rep0,high,93.501024356,23.971348770000006,0,11,0,5,997,997,0.5639140271493213,762,True,True,0.0,True,0,True,True,0.3750464870000002,False,False,0.0,0,0.6686440809227372,0.9900045111291293,0.6753949839684356,True
v9-high-closed_loop_dynamic-rep0,high,93.750245959,24.220570373,0,11,0,5,997,997,0.5639140271493213,762,True,True,0.0,True,0,True,True,0.3999686472999997,False,False,0.0,0,0.6545761221850678,0.9842813892131792,0.6650294614513912,True
v9-high-closed_loop_dynamic-rep0,high,94.000684129,24.47100854300001,0,11,0,5,1008,1008,0.5701357466063348,751,True,True,0.0,True,0,True,True,0.42501246430000067,False,False,0.0,0,0.6404393974305423,0.9784171806944004,0.6545667942748213,True
v9-high-closed_loop_dynamic-rep0,high,94.250567616,24.72089203,0,11,0,5,1008,1008,0.5701357466063348,751,True,True,0.0,True,0,True,True,0.4500008129999998,False,False,0.0,0,0.6265037927669682,0.9724102635088803,0.6442792885651673,True
v9-high-closed_loop_dynamic-rep0,high,94.500846154,24.971170568000005,0,11,0,5,1008,1008,0.5701357466063348,751,True,True,0.0,True,0,True,True,0.4750286668000001,False,False,0.0,0,0.6122063031608596,0.9665637722591063,0.6333842843395394,True
v9-high-closed_loop_dynamic-rep0,high,94.751177082,25.221501496000002,0,11,0,5,1019,1019,0.5763574660633484,740,True,True,0.0,True,0,True,True,0.5000617595999998,False,False,0.0,0,0.5979324819649322,0.9606036179023191,0.6224549552193486,True
v9-high-closed_loop_dynamic-rep0,high,95.001255534,25.471579948,0,11,0,5,1019,1019,0.5763574660633484,740,True,True,0.0,True,0,True,True,0.5250696047999994,False,False,0.0,0,0.5947919583666291,0.9490052000954188,0.6267531076824712,True
v9-high-closed_loop_dynamic-rep0,high,95.250854839,25.721179253000003,0,11,0,5,1019,1019,0.5763574660633484,740,True,True,0.0,True,0,True,True,0.5500295352999999,False,False,0.0,0,0.5915729139364253,0.9374712294963237,0.6310304736010517,True
v9-high-closed_loop_dynamic-rep0,high,95.500760072,25.97108448600001,0,11,0,5,1030,1030,0.582579185520362,729,True,True,0.0,True,0,True,True,0.5750200586000005,False,False,0.0,0,0.5880957257397059,0.925951349640045,0.6351259447575973,True
v9-high-closed_loop_dynamic-rep0,high,95.750465021,26.220789435,0,11,0,5,1030,1030,0.582579185520362,729,True,True,0.0,True,0,True,True,0.5999905534999996,False,False,0.0,0,0.5876379708238688,0.9128479793492084,0.6437413283675233,True
v9-high-closed_loop_dynamic-rep0,high,96.001082986,26.471407400000004,0,11,0,5,1030,1030,0.582579185520362,729,True,True,0.0,True,0,True,True,0.62505235,False,False,0.0,0,0.5871550599192308,0.8997076430087105,0.652606504437071,True
v9-high-closed_loop_dynamic-rep0,high,96.250459744,26.720784158,0,11,0,5,1041,1041,0.5888009049773756,718,True,True,0.0,True,0,True,True,0.6499900257999996,False,False,0.0,0,0.5863651787852941,0.8866887093190046,0.6612976714631168,True
v9-high-closed_loop_dynamic-rep0,high,96.500528755,26.97085316900001,0,11,0,5,1041,1041,0.5888009049773756,718,True,True,0.0,True,0,True,True,0.6749969269000005,False,False,0.0,0,0.5858842768410633,0.8733933229861988,0.6708137804830931,True
v9-high-closed_loop_dynamic-rep0,high,96.750742347,27.221066761000003,0,11,0,5,1041,1041,0.5888009049773756,718,True,True,0.0,True,0,True,True,0.7000182860999999,False,False,0.0,0,0.5854029623098416,0.8600901789201357,0.6806297486675518,True
v9-high-closed_loop_dynamic-rep0,high,97.000812217,27.471136631000007,0,10,0,5,955,955,0.540158371040724,804,True,True,0.0,True,0,True,True,0.7250252731000003,False,False,0.0,0,0.5845825973516967,0.846964339589819,0.6902092213643934,True
v9-high-closed_loop_dynamic-rep0,high,97.250493698,27.720818112000003,0,10,0,5,955,955,0.540158371040724,804,True,True,0.0,True,0,True,True,0.7499934211999999,False,False,0.0,0,0.5813344785377828,0.8337457086138012,0.6972563367124476,True
v9-high-closed_loop_dynamic-rep0,high,97.500606972,27.970931386000004,0,10,0,5,955,955,0.540158371040724,804,True,True,0.0,True,0,True,True,0.7750047486,False,False,0.0,0,0.5780807425072397,0.8202780707830317,0.7047375312074452,True
v9-high-closed_loop_dynamic-rep0,high,97.750440207,28.220764621,0,1,0,5,92,92,0.05203619909502263,1667,True,True,0.0,True,0,True,True,0.7999880720999997,False,False,0.0,0,0.5744916006234162,0.8069950364226248,0.711889881219237,True
v9-high-closed_loop_dynamic-rep0,high,98.000279156,28.47060357000001,0,1,0,5,92,92,0.05203619909502263,1667,True,True,0.0,True,0,True,True,0.8249719670000004,False,False,0.0,0,0.5465118993213792,0.7963496962564479,0.6862712472805244,True
v9-high-closed_loop_dynamic-rep0,high,98.250544204,28.720868617999997,0,1,0,5,92,92,0.05203619909502263,1667,True,True,0.0,True,0,True,True,0.8499984717999993,False,False,0.0,0,0.5184868046816746,0.7854493888621612,0.6601148489437096,True
v9-high-closed_loop_dynamic-rep0,high,98.500229812,28.970554226000004,0,1,0,5,93,93,0.05260180995475113,1666,True,True,0.0,True,0,True,True,0.8749670326000001,False,False,0.0,0,0.4929250993377824,0.7733746606472286,0.637369084377886,True
v9-high-closed_loop_dynamic-rep0,high,98.751383488,29.221707902000006,0,1,0,5,93,93,0.05260180995475113,1666,True,True,0.0,True,0,True,True,0.9000824002000002,True,True,0.0,0,0.46724151075135695,0.761156873137387,0.6138570473987179,True
v9-high-closed_loop_dynamic-rep0,high,99.176675519,29.646999933000004,0,1,0,5,93,93,0.05260180995475113,1666,True,True,0.0,True,0,True,True,0.9426116032999999,True,True,0.0,0,0.4235311146751129,0.7401701533468328,0.5722077724426325,True
v9-high-closed_loop_dynamic-rep0,high,99.25056122,29.720885634,0,1,0,5,93,93,0.05260180995475113,1666,True,True,0.0,True,0,True,True,0.9500001733999994,True,True,0.0,0,0.41588344313495496,0.7365510912955888,0.5646362459438062,True
v9-high-closed_loop_dynamic-rep0,high,99.500588671,29.970913085000007,0,1,0,5,93,93,0.05260180995475113,1666,True,True,0.0,True,0,True,True,0.9750029185000002,True,True,0.0,0,0.39000390493755605,0.7242901248496608,0.5384636509002635,True
v9-high-closed_loop_dynamic-rep0,high,99.750396614,30.220721028,0,1,0,5,93,93,0.05260180995475113,1666,True,True,0.0,True,0,True,True,0.9999837127999995,True,True,0.0,0,0.36414708730803186,0.7119692806021498,0.5114646056077778,True
v9-high-closed_loop_dynamic-rep0,high,100.001064559,30.471388973000003,0,1,0,5,93,93,0.05260180995475113,1666,True,True,0.0,True,0,True,True,1.0,True,True,0.0,0,0.337890307678846,0.7064101130240387,0.47832031485561105,True
v9-high-closed_loop_dynamic-rep0,high,100.437058159,30.907382573000007,0,1,0,5,93,93,0.05260180995475113,1666,True,True,0.0,True,0,True,True,1.0,True,True,0.0,0,0.29221948487341576,0.6966799307128395,0.41944582008328873,True
v9-high-closed_loop_dynamic-rep0,high,100.501199619,30.97152403300001,0,1,0,5,93,93,0.05260180995475113,1666,True,True,0.0,True,0,True,True,1.0,True,True,0.0,0,0.2855000474325785,0.6952358231066743,0.41065209522261986,True
v9-high-closed_loop_dynamic-rep0,high,100.751150516,31.22147493,0,1,0,5,94,94,0.053167420814479636,1665,True,True,0.0,True,0,True,True,1.0,True,True,0.0,0,0.2590063833501134,0.6896091004253395,0.37558434653829614,True
v9-high-closed_loop_dynamic-rep0,high,101.0005349,31.47085931400001,0,1,0,5,94,94,0.053167420814479636,1665,True,True,0.0,True,0,True,True,1.0,True,True,0.0,0,0.23260097798540652,0.6839951306950225,0.3400623301938649,True
v9-high-closed_loop_dynamic-rep0,high,101.25107899,31.721403404,0,1,0,5,94,94,0.053167420814479636,1665,True,True,0.0,True,0,True,True,1.0,True,True,0.0,0,0.20607200966572412,0.6782845388351811,0.30381351463445094,True
v9-high-closed_loop_dynamic-rep0,high,101.500226437,31.970550851,0,1,0,5,95,95,0.05373303167420815,1664,True,True,0.0,True,0,True,True,1.0,True,True,0.0,0,0.17938166664434413,0.6725913505666292,0.2667023096464485,True
v9-high-closed_loop_dynamic-rep0,high,101.750580869,32.22090528300001,0,1,0,5,95,95,0.05373303167420815,1664,True,True,0.0,True,0,True,True,1.0,True,True,0.0,0,0.15259034394389068,0.6668705818716063,0.2288155274680705,True
v9-high-closed_loop_dynamic-rep0,high,102.000764423,32.47108883700001,0,1,0,5,96,96,0.05429864253393665,1663,True,True,0.0,True,0,True,True,1.0,True,True,0.0,0,0.12581730750904874,0.6610829852343325,0.19031999055980933,True
v9-high-closed_loop_dynamic-rep0,high,102.250688282,32.721012696,0,1,0,5,96,96,0.05429864253393665,1663,True,True,0.0,True,0,True,True,1.0,True,True,0.0,0,0.10153125488857447,0.6539162835245476,0.15526644227504247,True
v9-high-closed_loop_dynamic-rep1,high,48.268706838,0.04222836400000318,6,21,0,2,1776,1776,1.004524886877828,-17,False,False,2.111182691399999,False,1,False,False,0.0,False,False,4.222365382799998,1,0.9392524766311088,0.8788650339458709,1.0687107125130628,False
v9-high-closed_loop_dynamic-rep1,high,48.500636001,0.27415752699999985,0,27,0,2,2160,2160,1.2217194570135748,-401,False,False,2.250340189199997,False,1,False,False,0.0,False,False,4.500680378399994,1,0.9466508768290725,0.8794423557438347,1.076421746856157,False
v9-high-closed_loop_dynamic-rep1,high,48.751063194,0.52458472,0,27,0,2,2160,2160,1.2217194570135748,-401,False,False,2.250340189199997,False,1,False,False,0.0,False,False,4.500680378399994,1,0.9652909314210408,0.8801649359442303,1.0967159585668889,False
v9-high-closed_loop_dynamic-rep1,high,49.00048905,0.774010576000002,0,27,0,2,2160,2160,1.2217194570135748,-401,False,False,2.250340189199997,False,1,False,False,0.0,False,False,4.500680378399994,1,0.9836028522970588,0.880870454497398,1.1166260001969044,False
v9-high-closed_loop_dynamic-rep1,high,49.250300353,1.0238218790000033,0,27,0,2,2160,2160,1.2217194570135748,-401,False,False,2.250340189199997,False,1,False,False,0.0,False,False,4.500680378399994,1,1.0019148163364258,0.8814781359531108,1.1366303660533692,False
v9-high-closed_loop_dynamic-rep1,high,49.500729393,1.2742509190000035,0,27,0,2,2160,2160,1.2217194570135748,-401,False,False,2.250340189199997,False,1,False,False,0.0,False,False,4.500680378399994,1,1.019989600430317,0.8821999877531107,1.1561886358989246,False
v9-high-closed_loop_dynamic-rep1,high,49.750836961,1.5243584870000007,0,27,0,2,2160,2160,1.2217194570135748,-401,False,False,2.250340189199997,False,1,False,False,0.0,False,False,4.499758847999999,1,1.037797648542534,0.882900989935577,1.1754405764323126,False
v9-high-closed_loop_dynamic-rep1,high,50.00079092,1.7743124460000033,0,27,0,2,2173,2173,1.2290723981900453,-414,False,False,2.250340189199997,False,1,False,False,0.0,False,False,4.1998140971999955,1,1.0501822451536202,0.8861807938286764,1.1850654544389165,False
v9-high-closed_loop_dynamic-rep1,high,50.250305018,2.023826544000002,0,27,0,2,2175,2175,1.2302036199095023,-416,False,False,2.250340189199997,False,1,False,False,0.0,False,False,3.9003971795999974,1,1.0629119802438916,0.8892997200536765,1.1952235632995996,False
v9-high-closed_loop_dynamic-rep1,high,50.500657317,2.2741788430000014,0,27,0,2,2185,2185,1.2358597285067874,-426,False,False,2.250340189199997,False,1,False,False,0.0,False,False,3.599974420799998,1,1.075741119547851,0.8924291237911766,1.205407903966577,False
v9-high-closed_loop_dynamic-rep1,high,50.75029526,2.5238167860000047,0,27,0,2,2193,2193,1.2403846153846154,-434,False,False,2.250340189199997,False,1,False,False,0.0,False,False,3.300408889199994,1,1.0885058549787334,0.8955637071640838,1.2154421246318985,False
v9-high-closed_loop_dynamic-rep1,high,51.001064229,2.774585755000004,0,27,0,2,2202,2202,1.245475113122172,-443,False,False,2.250340189199997,False,1,False,False,0.0,False,False,2.999486126399995,1,1.1014974680694574,0.898599657056957,1.2257933323467092,False
v9-high-closed_loop_dynamic-rep1,high,51.250260248,3.0237817739999997,0,27,0,2,2212,2212,1.251131221719457,-453,False,False,2.250340189199997,False,1,False,False,0.0,False,False,2.7004509036,1,1.1144364921329184,0.9017287020919117,1.235888898232415,False
v9-high-closed_loop_dynamic-rep1,high,51.500611934,3.2741334600000016,0,27,0,2,2214,2214,1.252262443438914,-455,False,False,2.250340189199997,False,1,False,False,0.0,False,False,2.400028880399998,1,1.1274080081467193,0.9048863485186086,1.2459111688361764,False
v9-high-closed_loop_dynamic-rep1,high,51.750693434,3.524214960000002,0,27,0,2,2228,2228,1.260180995475113,-469,False,False,2.250340189199997,False,1,False,False,0.0,False,False,2.0999310803999975,0,1.1403666283987557,0.9079267693241515,1.2560116816994276,False
v9-high-closed_loop_dynamic-rep1,high,52.000429626,3.773951152000002,0,27,0,2,2231,2231,1.2618778280542986,-472,False,False,2.250340189199997,False,1,False,False,0.0,False,False,1.800247649999997,0,1.1553394996385746,0.910144449309672,1.26940234653398,False
v9-high-closed_loop_dynamic-rep1,high,52.251019336,4.024540862000002,2,32,0,2,2559,2559,1.4473981900452488,-800,False,False,2.250340189199997,False,1,False,False,0.0,False,False,1.4995399979999973,0,1.1703911730492083,0.9122548914387443,1.282965083589028,False
v9-high-closed_loop_dynamic-rep1,high,52.500504095,4.274025621,2,32,0,2,2559,2559,1.4473981900452488,-800,False,False,2.3002371409999967,False,1,False,False,0.0,False,False,1.2999521907999991,0,1.194351869926018,0.9134543373954749,1.3075113019129825,False
v9-high-closed_loop_dynamic-rep1,high,52.75069252,4.524214046000004,2,32,0,2,2559,2559,1.4473981900452488,-800,False,False,2.3502748259999975,False,1,False,False,0.0,False,False,1.0998014507999954,0,1.2183801473949099,0.9146430227526017,1.3320827001207716,False
v9-high-closed_loop_dynamic-rep1,high,53.000147967,4.773669493,2,32,0,2,2559,2559,1.4473981900452488,-800,False,False,2.4001659153999966,False,1,False,False,0.0,False,False,0.9002370931999991,0,1.242338029126018,0.9158282183152714,1.356518618100001,False
v9-high-closed_loop_dynamic-rep1,high,53.251032043,5.024553569000005,2,32,0,2,2559,2559,1.4473981900452488,-800,False,False,2.450342730599998,False,1,False,False,0.0,False,False,0.6995298323999947,0,1.2664331174205887,0.9168785169192875,1.381244182354501,False
v9-high-closed_loop_dynamic-rep1,high,53.500112981,5.273634507000004,2,32,0,2,2565,2565,1.4507918552036199,-806,False,False,2.5001589181999977,False,1,False,False,0.0,False,False,0.5002650819999956,0,1.2886273381133488,0.9186299255466628,1.4027709116339817,False
v9-high-closed_loop_dynamic-rep1,high,53.750191802,5.523713328000007,2,32,0,2,2579,2579,1.458710407239819,-820,False,False,2.550174682399998,False,1,False,False,0.0,False,False,0.5996689864000018,0,1.300107288586765,0.9258748121695701,1.4041933871602674,False
v9-high-closed_loop_dynamic-rep1,high,54.000520012,5.774041538000006,2,32,0,2,2581,2581,1.459841628959276,-822,False,False,2.600240324399998,False,1,False,False,0.0,False,False,0.6998002704000015,0,1.3119723926580318,0.9329967364704752,1.406191834733764,False
v9-high-closed_loop_dynamic-rep1,high,54.250534506,6.024056032000004,0,26,0,2,2709,1941,1.532239819004525,-182,False,False,2.6502432231999977,False,1,False,False,0.0,False,False,0.7998060680000009,0,1.3238791915238688,0.9399542736240383,1.4084506328372655,False
v9-high-closed_loop_dynamic-rep1,high,54.501087398,6.274608924000006,0,26,0,2,2709,1941,1.532239819004525,-182,False,False,2.6502432231999977,False,1,False,False,0.0,False,False,0.7998060680000009,0,1.3394395464682127,0.9469266731072965,1.4145124268945801,False
v9-high-closed_loop_dynamic-rep1,high,54.750962872,6.524484398000006,0,26,0,2,1950,1950,1.1029411764705883,-191,False,False,2.649706911399997,False,1,False,False,0.0,False,False,0.7998060680000009,0,1.3549578309960408,0.9537388013242081,1.4206801999821803,False
v9-high-closed_loop_dynamic-rep1,high,55.001155277,6.7746768030000055,0,26,0,2,1958,1958,1.1074660633484164,-199,False,False,2.499591468399997,False,1,False,False,0.0,False,False,0.7998060680000009,0,1.3490138104427605,0.9604041754208144,1.404631346851102,False
v9-high-closed_loop_dynamic-rep1,high,55.251012392,7.024533918000003,0,26,0,2,1967,1967,1.112556561085973,-208,False,False,2.3496771993999985,False,1,False,False,0.0,False,False,0.7998060680000009,0,1.3429368088055431,0.9671311732643663,1.3885777296090218,False
v9-high-closed_loop_dynamic-rep1,high,55.500091337,7.273612863000004,0,26,0,2,1976,1976,1.1176470588235294,-217,False,False,2.200229832399998,False,1,False,False,0.0,False,False,0.7998060680000009,0,1.3370761277467198,0.9738371448605203,1.3729976668103219,False
v9-high-closed_loop_dynamic-rep1,high,55.750203761,7.523725287000005,0,26,0,2,1984,1984,1.1221719457013575,-225,False,False,2.0501623779999973,False,1,False,False,0.0,False,False,0.7998060680000009,0,1.3311634765231903,0.9805571455708145,1.3575582846303937,False
v9-high-closed_loop_dynamic-rep1,high,56.000883588,7.774405114000004,0,26,0,2,1993,1993,1.127262443438914,-234,False,False,1.899754481799998,False,1,False,False,0.0,False,False,0.7998060680000009,0,1.3252368530106338,0.9872927126595025,1.3422937655852845,False
v9-high-closed_loop_dynamic-rep1,high,56.251072544,8.024594070000006,0,26,0,2,2010,2010,1.1368778280542986,-251,False,False,1.7496411081999965,False,1,False,False,0.0,False,False,0.7998060680000009,0,1.3193210171514707,0.9980902214951362,1.321845449177061,False
v9-high-closed_loop_dynamic-rep1,high,56.5007804,8.274301926,0,26,0,2,2019,2019,1.1419683257918551,-260,False,False,1.5998163946000006,False,1,False,False,0.0,False,False,0.7998060680000009,0,1.313614985042421,1.0089937736311088,1.3019059377493074,False
v9-high-closed_loop_dynamic-rep1,high,56.750075724,8.523597250000002,0,26,0,2,2029,2029,1.1476244343891402,-270,False,False,1.4502392001999993,False,1,False,False,0.0,False,False,0.7998060680000009,0,1.308115823483598,1.0197665381184389,1.2827600971269262,False
v9-high-closed_loop_dynamic-rep1,high,57.000629021,8.774150547000005,0,26,0,2,2044,2044,1.1561085972850678,-285,False,False,1.2999072219999974,False,0,True,False,0.0,False,False,0.7998060680000009,0,1.3024764505935527,1.030678190050509,1.2637081711506128,False
v9-high-closed_loop_dynamic-rep1,high,57.250396807,9.023918333000005,0,26,0,2,2049,2049,1.1589366515837105,-290,False,False,1.1500465503999977,False,0,True,False,0.0,False,False,0.7998060680000009,0,1.297192901274322,1.0414856635732472,1.2455216107572382,False
v9-high-closed_loop_dynamic-rep1,high,57.500256968,9.273778494000005,0,26,0,2,2062,2062,1.166289592760181,-303,False,True,1.000130453799997,False,0,True,False,0.0,False,False,0.7001110151999995,0,1.2828009903469462,1.0568925973306569,1.2137477295108843,False
v9-high-closed_loop_dynamic-rep1,high,57.750573833,9.524095359,0,26,0,2,2071,2071,1.1713800904977376,-312,False,True,0.8499403348000001,False,0,True,False,0.0,False,False,0.5999842692000016,0,1.2687277457875572,1.0722260880765273,1.1832651340012956,False
v9-high-closed_loop_dynamic-rep1,high,58.000830623,9.774352149000002,0,26,0,2,2081,2081,1.1770361990950227,-322,False,True,0.6997862607999992,False,0,True,False,0.0,False,False,0.4998815532000009,0,1.254912665072625,1.0874424886369347,1.154003708872556,False
v9-high-closed_loop_dynamic-rep1,high,58.250972532,10.024494058000002,0,26,0,2,2096,2096,1.1855203619909502,-337,False,True,0.5497011153999992,False,0,True,False,0.0,False,False,0.39982478960000095,0,1.241386892165159,1.102623275819118,1.1258486188249166,False
v9-high-closed_loop_dynamic-rep1,high,58.50050381,10.274025336000001,0,26,0,2,2101,2101,1.1883484162895928,-342,False,True,0.3999823485999997,True,0,True,False,0.0,False,False,0.3000122784000013,0,1.2283172850737563,1.117654500217082,1.0990134114211327,False
v9-high-closed_loop_dynamic-rep1,high,58.75093248,10.524454006000006,0,26,0,2,2114,2114,1.1957013574660633,-355,False,True,0.39990303400000043,True,0,True,False,0.0,False,False,0.1998408103999992,0,1.2151714397828055,1.1327118651337675,1.0727983675171442,False
v9-high-closed_loop_dynamic-rep1,high,59.001659836,10.775181362000005,0,26,0,2,2123,2123,1.2007918552036199,-364,False,True,0.39990303400000043,True,0,True,False,0.0,False,False,0.09954986799999972,0,1.2019824691733034,1.147857677511256,1.0471528768090823,False
v9-high-closed_loop_dynamic-rep1,high,59.25053278,11.024054306000004,0,26,0,2,2133,2133,1.206447963800905,-374,False,True,0.39990303400000043,True,0,True,False,0.0,False,False,6.904000002805333e-07,0,1.1890883732058826,1.1629054816479074,1.0225150641829226,False
v9-high-closed_loop_dynamic-rep1,high,59.500247687,11.273769213000001,0,26,0,2,2148,2148,1.2149321266968325,-389,False,True,0.39990303400000043,True,0,True,False,0.0,False,False,0.0,0,1.1728173816330318,1.179671115883258,0.9941901313358049,False
v9-high-closed_loop_dynamic-rep1,high,59.750693788,11.524215314000003,2,32,0,2,2532,2532,1.4321266968325792,-773,False,True,0.39990303400000043,True,0,True,False,0.0,False,False,0.0,0,1.156923686761878,1.1963658372302606,0.9670316977959716,False
v9-high-closed_loop_dynamic-rep1,high,60.000428874,11.773950400000004,2,32,0,2,2532,2532,1.4321266968325792,-773,False,True,0.44985005120000066,True,0,True,False,0.0,False,False,0.09989403440000047,0,1.1733424181302035,1.1995979545585411,0.9781130533537798,False
v9-high-closed_loop_dynamic-rep1,high,60.25024346,12.023764986000003,2,32,0,2,2532,2532,1.4321266968325792,-773,False,True,0.49981296840000056,True,0,True,False,0.0,False,False,0.19981986880000022,0,1.189564067857353,1.202932254958541,0.9888869992087386,False
v9-high-closed_loop_dynamic-rep1,high,60.500716686,12.274238212,2,32,0,2,2532,2532,1.4321266968325792,-773,False,True,0.5499076136,False,0,True,False,0.0,False,False,0.300009159199999,0,1.205572966605882,1.20640310609672,0.9993118887984931,False
v9-high-closed_loop_dynamic-rep1,high,60.75103976,12.524561286,2,32,0,2,2532,2532,1.4321266968325792,-773,False,True,0.5999722284000001,False,0,True,False,0.0,False,False,0.40013838879999925,0,1.2213165119850677,1.209844110841516,1.0094825449334723,False
v9-high-closed_loop_dynamic-rep1,high,61.000554586,12.774076112000003,2,32,0,2,2532,2532,1.4321266968325792,-773,False,True,0.6498751936000005,False,0,True,False,0.0,False,False,0.4999443192000001,0,1.2367841731443439,1.2133580780778281,1.0193068274648378,False
v9-high-closed_loop_dynamic-rep1,high,61.250577241,13.024098767000005,2,32,0,2,2539,2539,1.4360859728506787,-780,False,True,0.6998797246000009,False,0,True,False,0.0,False,False,0.599953381200001,0,1.2520291021107468,1.2168932988205883,1.028873364102023,False
v9-high-closed_loop_dynamic-rep1,high,61.500694376,13.274215902000002,2,32,0,2,2550,2550,1.4423076923076923,-791,False,True,0.7499031516000002,False,0,True,False,0.0,False,False,0.7000002351999995,0,1.2669974714055428,1.2205146248373304,1.0380846289116834,False
v9-high-closed_loop_dynamic-rep1,high,61.750248938,13.523770464000002,0,27,0,2,2684,2012,1.5180995475113122,-253,False,True,0.7998140640000002,False,0,True,False,0.0,False,False,0.7998220599999997,0,1.281987574855543,1.224226944279072,1.0471813096798692,False
v9-high-closed_loop_dynamic-rep1,high,62.000981577,13.774503103,0,27,0,2,2684,2012,1.5180995475113122,-253,False,True,0.7998140640000002,False,0,True,False,0.0,False,False,0.7998220599999997,0,1.3005650171864251,1.228920875501753,1.058298417020071,False
v9-high-closed_loop_dynamic-rep1,high,62.25370872,14.027230246000002,0,27,0,2,2015,2015,1.1397058823529411,-256,False,True,0.7992761872000003,False,0,True,False,0.0,False,False,0.7998220599999997,0,1.318860131660973,1.2338371955835972,1.068909363716467,False
v9-high-closed_loop_dynamic-rep1,high,62.500664015,14.274185541000001,0,27,0,2,2026,2026,1.1459276018099547,-267,False,True,0.7498851282000004,False,0,True,False,0.0,False,False,0.7998220599999997,0,1.3179097050047512,1.2385726671116513,1.0640552145221434,False
v9-high-closed_loop_dynamic-rep1,high,62.750162768,14.523684294000006,0,26,0,2,1935,1935,1.0944570135746607,-176,False,True,0.6999853775999995,False,0,True,False,0.0,False,False,0.7998220599999997,0,1.3168936467346153,1.243540063098982,1.0589877124286864,False
v9-high-closed_loop_dynamic-rep1,high,63.000658924,14.774180450000003,0,26,0,2,1942,1942,1.0984162895927603,-183,False,True,0.6498861464000001,False,0,True,False,0.0,False,False,0.7998220599999997,0,1.3130402782243213,1.2486546226425905,1.0515640229205,False
v9-high-closed_loop_dynamic-rep1,high,63.250638856,15.024160382000005,0,26,0,2,1951,1951,1.1035067873303168,-192,False,True,0.5998901599999996,False,0,True,False,0.0,False,False,0.7998220599999997,0,1.3091097925277146,1.2539001451415723,1.0440303381414067,False
v9-high-closed_loop_dynamic-rep1,high,63.500880124,15.274401650000001,0,26,0,2,1956,1956,1.1063348416289593,-197,False,True,0.5498419064000004,False,0,True,False,0.0,False,False,0.7998220599999997,0,1.3050055096894795,1.2584913683186085,1.0369602386967625,False
v9-high-closed_loop_dynamic-rep1,high,63.750270306,15.523791832,0,25,0,2,1871,1871,1.0582579185520362,-112,False,True,0.49996387000000053,True,0,True,False,0.0,False,False,0.7998220599999997,0,1.3009148336272625,1.2576591273266402,1.03439382370052,False
v9-high-closed_loop_dynamic-rep1,high,64.000308257,15.773829783000004,0,25,0,2,1880,1880,1.0633484162895928,-121,False,True,0.44995627979999997,True,0,True,False,0.0,False,False,0.7998220599999997,0,1.2940425922436651,1.2570080892040156,1.0294624222053346,False
v9-high-closed_loop_dynamic-rep1,high,64.250296669,16.023818194999997,0,25,0,2,1890,1890,1.0690045248868778,-131,False,True,0.3999585974000013,True,0,True,False,0.0,False,False,0.7998220599999997,0,1.2871721148788464,1.2564842353886878,1.024423608849072,False
v9-high-closed_loop_dynamic-rep1,high,64.500350265,16.273871790999998,0,25,0,2,1896,1896,1.0723981900452488,-137,False,True,0.39991102999999983,True,0,True,False,0.0,False,False,0.7998220599999997,0,1.2802985626856338,1.2561023196911765,1.0192629554258017,False
v9-high-closed_loop_dynamic-rep1,high,64.750976212,16.524497738,0,25,0,2,1905,1905,1.0774886877828054,-146,False,True,0.39991102999999983,True,0,True,False,0.0,False,False,0.7997090904000004,0,1.2731417539231904,1.2559383456782807,1.0136976534748756,False
v9-high-closed_loop_dynamic-rep1,high,65.00021355,16.773735076,0,25,0,2,1910,1910,1.080316742081448,-151,False,True,0.39991102999999983,True,0,True,False,0.0,False,False,0.7000141552000002,0,1.2554639472573532,1.2611824797131224,0.9954657374743503,False
v9-high-closed_loop_dynamic-rep1,high,65.252635833,17.026157359000003,0,25,0,2,1915,1915,1.0831447963800904,-156,False,True,0.39991102999999983,True,0,True,False,0.0,False,False,0.5990452419999996,0,1.2377030128652715,1.2663081835466632,0.9774105774146744,False
v9-high-closed_loop_dynamic-rep1,high,65.500469445,17.273990970999996,0,25,0,2,1924,1924,1.088235294117647,-165,False,True,0.39991102999999983,True,0,True,False,0.0,False,False,0.4999117972000022,0,1.2204051238829192,1.2713125160966632,0.9599568229139709,False
v9-high-closed_loop_dynamic-rep1,high,65.757591064,17.53111259,0,25,0,2,1931,1931,1.0921945701357465,-172,False,True,0.39991102999999983,True,0,True,False,0.0,False,False,0.397063149600001,0,1.20272074103767,1.2763557691555432,0.9423083830564017,False
v9-high-closed_loop_dynamic-rep1,high,66.001098484,17.77462001,0,25,0,2,1935,1935,1.0944570135746607,-176,False,True,0.39991102999999983,True,0,True,False,0.0,False,False,0.2996601816000009,0,1.1861655420082582,1.2810248136739255,0.9259504806986408,False
v9-high-closed_loop_dynamic-rep1,high,66.250744742,18.024266267999998,0,25,0,2,1940,1940,1.0972850678733033,-181,False,True,0.39991102999999983,True,0,True,False,0.0,False,False,0.1998016784000015,0,1.1693058147986428,1.2856842928994348,0.909481294324333,False
v9-high-closed_loop_dynamic-rep1,high,66.501110352,18.274631878,0,25,0,2,1948,1948,1.1018099547511313,-189,False,True,0.39991102999999983,True,0,True,False,0.0,False,False,0.09965543440000033,0,1.1523404781328055,1.290315126234842,0.8930690299627436,False
v9-high-closed_loop_dynamic-rep1,high,66.751395144,18.524916670000003,0,25,0,2,1956,1956,1.1063348416289593,-197,False,True,0.39991102999999983,True,0,True,False,0.0,False,False,0.0,0,1.1352788224328052,1.2950798014484168,0.876609164287104,False
v9-high-closed_loop_dynamic-rep1,high,67.00053532,18.774056846,9,25,0,2,1960,1960,1.1085972850678734,-201,False,True,0.39991102999999983,True,0,True,False,0.0,False,False,0.0,0,1.114761396173982,1.3015055708587107,0.856516807253066,False
v9-high-closed_loop_dynamic-rep1,high,67.250296402,19.023817928000007,2,32,0,2,2408,2408,1.3619909502262444,-649,False,True,0.6246960038000055,False,0,True,False,0.0,False,False,0.44956994760001123,0,1.0943058505441172,1.3079049922470594,0.8366860414410026,False
v9-high-closed_loop_dynamic-rep1,high,67.501356757,19.274878283,2,32,0,2,2408,2408,1.3619909502262444,-649,False,True,0.674908074800004,False,0,True,False,0.0,False,False,0.5499940896000084,0,1.1052081422421942,1.3003230211009056,0.8499489160058712,False
v9-high-closed_loop_dynamic-rep1,high,67.750926311,19.524447837000004,2,32,0,2,2408,2408,1.3619909502262444,-649,False,True,0.7248219856000049,False,0,True,False,0.0,False,False,0.6498219112000101,0,1.116000568943665,1.2927953030751698,0.8632461506388803,False
v9-high-closed_loop_dynamic-rep1,high,68.000699109,19.774220635,2,32,0,2,2408,2408,1.3619909502262444,-649,False,True,0.7747765452000038,False,0,True,False,0.0,False,False,0.7497310304000081,0,1.1293650771064476,1.283979808467874,0.8795816489155523,False
v9-high-closed_loop_dynamic-rep1,high,68.25096103,20.024482556000002,2,32,0,2,2408,2408,1.3619909502262444,-649,False,True,0.8248289294000045,False,0,True,False,0.0,False,False,0.8498357988000095,0,1.142557289280656,1.2752462843903285,0.8959502985941976,False
v9-high-closed_loop_dynamic-rep1,high,68.500396564,20.273918090000002,2,32,0,2,2408,2408,1.3619909502262444,-649,False,True,0.8747160362000045,False,0,True,False,0.0,False,False,0.9496100124000094,0,1.1554523163211536,1.266668314584333,0.9121980103373188,False
v9-high-closed_loop_dynamic-rep1,high,68.750762999,20.524284525000006,2,32,0,2,2408,2408,1.3619909502262444,-649,False,True,0.9247893232000053,False,0,True,False,0.0,False,False,1.049756586400011,0,1.1682588689597286,1.2580413093593328,0.9286331539897315,False
v9-high-closed_loop_dynamic-rep1,high,69.001110713,20.774632239000006,2,32,0,2,2420,2420,1.3687782805429864,-661,False,True,0.9748588660000053,False,0,True,False,0.0,False,False,1.1498956720000109,0,1.1834658260088236,1.2480164145171382,0.9482774523175727,False
v9-high-closed_loop_dynamic-rep1,high,69.250104479,21.023626005000004,2,32,0,2,2435,2429,1.377262443438914,-670,False,True,1.024657619200005,False,0,True,False,0.0,False,False,1.24949317840001,0,1.1986758524386878,1.2381439806955317,0.9681231513683307,False
v9-high-closed_loop_dynamic-rep1,high,69.500554015,21.27407554100001,2,32,0,2,2440,2436,1.3800904977375565,-677,False,True,1.074747526400006,False,0,True,False,0.0,False,False,1.3496729928000122,0,1.2141165420902715,1.2265453480072963,0.989866819080748,False
v9-high-closed_loop_dynamic-rep1,high,69.750383673,21.523905199000005,2,32,0,2,2452,2452,1.3868778280542986,-693,False,True,1.124713458000005,False,0,True,False,0.0,False,False,1.4496048560000105,0,1.2294906748902714,1.2150571403175905,1.0118788936698964,False
v9-high-closed_loop_dynamic-rep1,high,70.000789324,21.77431085,1,32,0,2,2524,2428,1.4276018099547512,-669,False,True,1.1247754810000046,False,0,True,False,0.0,False,False,1.5497671164000082,0,1.2449855103063343,1.214394791883371,1.025190093557237,False
v9-high-closed_loop_dynamic-rep1,high,70.250679664,22.024201190000007,1,32,0,2,2524,2428,1.4276018099547512,-669,False,True,1.0997864470000038,False,0,True,False,0.0,False,False,1.5997451844000097,0,1.2623421470438914,1.2137165221607464,1.0400634118390166,False
v9-high-closed_loop_dynamic-rep1,high,70.500848085,22.274369611000004,1,32,0,2,2436,2436,1.3778280542986425,-677,False,True,1.0747696049000042,False,0,True,False,0.0,False,False,1.6497788686000092,0,1.2795773214187784,1.2129801563713234,1.0549037547709625,False
v9-high-closed_loop_dynamic-rep1,high,70.751087081,22.524608606999998,1,32,0,2,2452,2452,1.3868778280542986,-693,False,True,1.0497457053000048,False,0,True,False,0.0,False,False,1.6998266678000078,0,1.2940708017300904,1.2122437596319569,1.067500485317389,False
v9-high-closed_loop_dynamic-rep1,high,71.001199486,22.774721012000008,1,32,0,2,2458,2458,1.3902714932126696,-699,False,True,1.0247344648000039,False,0,True,False,0.0,False,False,1.7498491488000099,0,1.30881669391086,1.211491275219061,1.0803352204696652,False
v9-high-closed_loop_dynamic-rep1,high,71.250994279,23.024515805,1,32,0,2,2467,2467,1.3953619909502262,-708,False,True,0.9997549855000045,False,0,True,False,0.0,False,False,1.7998081074000083,0,1.3235951361115381,1.2106718832332577,1.0932732100597762,False
v9-high-closed_loop_dynamic-rep1,high,71.500821649,23.274343175000006,1,32,0,2,2472,2472,1.3981900452488687,-713,False,True,0.974772248500004,False,0,True,False,0.0,False,False,1.8497735814000094,0,1.3384886908615388,1.2096828019755654,1.1064790610196467,False
v9-high-closed_loop_dynamic-rep1,high,71.751068107,23.524589632999998,1,32,0,2,2484,2484,1.4049773755656108,-725,False,True,0.949911436500004,False,0,True,False,0.0,False,False,1.899822873000008,0,1.353322565704977,1.208677161026923,1.119672489347908,False
v9-high-closed_loop_dynamic-rep1,high,72.000848468,23.774369994000004,1,32,0,2,2493,2493,1.4100678733031675,-734,False,True,0.9748894726000046,False,0,True,False,0.0,False,False,1.9492152788000028,0,1.3682417279574661,1.2076455647734163,1.1329828617506508,False
v9-high-closed_loop_dynamic-rep1,high,72.250784277,24.024305802999997,1,32,0,2,2500,2500,1.414027149321267,-741,False,True,0.9998830535000038,False,0,True,False,0.0,False,False,1.5500010094000003,0,1.3832866621426472,1.2064703398126695,1.146556708851568,False
v9-high-closed_loop_dynamic-rep1,high,72.501118381,24.274639907,1,32,0,2,2516,2516,1.4230769230769231,-757,False,True,1.0249164639000043,False,0,True,False,0.0,False,False,1.4999341885999997,0,1.3858919491978507,1.2115528480121605,1.1438972319463694,False
v9-high-closed_loop_dynamic-rep1,high,72.750882506,24.524404032,1,32,0,2,2524,2524,1.4276018099547512,-765,False,True,1.0498928764000042,False,0,True,False,0.0,False,False,1.4499813635999999,0,1.3889433661096153,1.216440608713122,1.1418094366144063,False
v9-high-closed_loop_dynamic-rep1,high,73.000146623,24.77366814900001,1,32,0,2,2532,2532,1.4321266968325792,-773,False,True,1.0748192881000052,False,0,True,False,0.0,False,False,1.4001285401999979,0,1.3922142527127828,1.221191853477206,1.1400454799535469,False
v9-high-closed_loop_dynamic-rep1,high,73.250667503,25.024189029000006,1,32,0,2,2548,2548,1.4411764705882353,-789,False,True,1.0998713761000047,False,0,True,False,0.0,False,False,1.3500243641999987,0,1.395728346504638,1.2258257430563912,1.138602574151056,False
v9-high-closed_loop_dynamic-rep1,high,73.500165728,25.273687254000002,1,32,0,2,2554,2548,1.4445701357466063,-789,False,True,1.1248211986000043,False,0,True,False,0.0,False,False,1.3001247191999994,0,1.3996796758598415,1.2302289117009053,1.1377392146675003,False
v9-high-closed_loop_dynamic-rep1,high,73.750860776,25.524382302,1,32,0,2,2563,2563,1.4496606334841629,-804,False,True,1.149890703400004,False,0,True,False,0.0,False,False,1.2499857096,0,1.403820114435407,1.2345821396503394,1.1370811786026642,False
v9-high-closed_loop_dynamic-rep1,high,74.00118979,25.774711316,1,32,0,2,2568,2568,1.4524886877828054,-809,False,True,1.1749236048000042,False,0,True,False,0.0,False,False,1.1999199067999995,0,1.4082092601645926,1.238744957025453,1.1368032234383962,False
v9-high-closed_loop_dynamic-rep1,high,74.250823501,26.024345027000003,1,32,0,2,2580,2580,1.4592760180995474,-821,False,True,1.1998869759000044,False,0,True,False,0.0,False,False,1.1499931645999992,0,1.4123874280263575,1.2429391493727944,1.1363287001934643,False
v9-high-closed_loop_dynamic-rep1,high,74.500214088,26.27373561400001,1,32,0,2,2589,2589,1.464366515837104,-830,False,True,1.2248260346000053,False,0,True,False,0.0,False,False,1.1001150471999979,0,1.4164781107316744,1.2471991017072968,1.1357273339859295,False
v9-high-closed_loop_dynamic-rep1,high,74.750636392,26.524157918000007,1,32,0,2,2596,2596,1.4683257918552035,-837,False,True,1.2498682650000048,False,0,True,False,0.0,False,False,1.0500305863999984,0,1.420698878865498,1.251335139588858,1.1353464263237159,False
v9-high-closed_loop_dynamic-rep1,high,75.001151267,26.774672793,1,32,0,2,2612,2612,1.4773755656108598,-853,False,True,1.2749197525000042,False,0,True,False,0.0,False,False,1.0,0,1.4247767162075795,1.2502043087042423,1.1396351030690899,False
v9-high-closed_loop_dynamic-rep1,high,75.250242262,27.023763788000004,1,32,0,2,2618,2618,1.4807692307692308,-859,False,True,1.2998288520000045,False,0,True,False,0.0,False,False,1.0,0,1.427256355071833,1.2500915978467764,1.1417214206784643,False
v9-high-closed_loop_dynamic-rep1,high,75.500241083,27.27376260900001,1,32,0,2,2627,2627,1.4858597285067874,-868,False,True,1.3248287341000051,False,0,True,False,0.0,False,False,1.0,0,1.429914713575679,1.249978476208315,1.1439514685990293,False
v9-high-closed_loop_dynamic-rep1,high,75.750572253,27.524093779000005,1,32,0,2,2632,2632,1.48868778280543,-873,False,True,1.3498618511000047,False,0,True,False,0.0,False,False,1.0,0,1.4353174101021495,1.2486222332137444,1.1495209455047768,False
v9-high-closed_loop_dynamic-rep1,high,76.000463693,27.773985219000004,1,32,0,2,2644,2644,1.495475113122172,-885,False,True,1.3748509951000045,False,0,True,False,0.0,False,False,1.0,0,1.440406629157353,1.2474910368083147,1.1546428684911514,False
v9-high-closed_loop_dynamic-rep1,high,76.250348124,28.02386965,1,32,0,2,2659,2653,1.5039592760180995,-894,False,True,1.3998394382000043,False,0,True,False,0.0,False,False,1.0,0,1.4456648779044117,1.246444890730713,1.1598305618284561,False
v9-high-closed_loop_dynamic-rep1,high,76.500853891,28.27437541700001,1,32,0,2,2660,2660,1.504524886877828,-901,False,True,1.424890014900005,False,0,True,False,0.0,False,False,1.0,0,1.4511063667561086,1.2454244031597288,1.1651500990943733,False
v9-high-closed_loop_dynamic-rep1,high,76.750602781,28.524124307,1,32,0,2,2676,2676,1.5135746606334841,-917,False,True,1.4498649039000042,False,0,True,False,0.0,False,False,1.0,0,1.4564177684891402,1.2443198879797515,1.170452857467179,False
v9-high-closed_loop_dynamic-rep1,high,77.000804875,28.774326401000003,1,32,0,2,2684,2684,1.5180995475113122,-925,False,True,1.474642513800002,False,0,True,False,0.0,False,False,1.0,0,1.4618526537787329,1.2414892317177604,1.1774992617181796,False
v9-high-closed_loop_dynamic-rep1,high,77.250166036,29.023687562,1,32,0,2,2692,2692,1.5226244343891402,-933,False,True,1.2751535850000053,False,0,True,False,0.0,False,False,1.0,0,1.4672404789018096,1.2387953191562218,1.1844091241006531,False
v9-high-closed_loop_dynamic-rep1,high,77.500263825,29.273785351000008,1,32,0,2,2708,2696,1.5316742081447965,-937,False,True,1.250052549899999,False,0,True,False,0.0,False,False,1.0,0,1.4726729566365384,1.2455217356936654,1.1823743531993571,False
v9-high-closed_loop_dynamic-rep1,high,77.750331497,29.523853023000008,1,32,0,2,2708,2708,1.5316742081447965,-949,False,True,1.2250457826999992,False,0,True,False,0.0,False,False,1.0,0,1.4781058373967195,1.2524526883414595,1.1801690005185566,False
v9-high-closed_loop_dynamic-rep1,high,78.001033695,29.774555221000007,1,32,0,2,2723,2723,1.540158371040724,-964,False,True,1.1999755628999993,False,0,True,False,0.0,False,False,1.0,0,1.4833237690627825,1.2608047052944573,1.1764897155236715,False
v9-high-closed_loop_dynamic-rep1,high,78.250522486,30.024044011999997,1,32,0,2,2728,2728,1.5429864253393666,-969,False,True,1.1750266838,False,0,True,False,0.0,False,False,1.0,0,1.4887143074203617,1.2691304058990949,1.1730191795111127,False
v9-high-closed_loop_dynamic-rep1,high,78.500270495,30.273792021,1,32,0,2,2740,2740,1.5497737556561086,-981,False,True,1.1500518829000002,False,0,True,False,0.0,False,False,1.0,0,1.4937998654848414,1.2775636025638573,1.1692567497125264,False
v9-high-closed_loop_dynamic-rep1,high,78.75045662,30.523978145999997,1,32,0,2,2749,2749,1.5548642533936652,-990,False,True,1.1250332704000001,False,0,True,False,0.0,False,False,1.0,0,1.4990639626850677,1.2860268484679862,1.1656552617629,False
v9-high-closed_loop_dynamic-rep1,high,79.000419307,30.773940833000005,1,32,0,2,2756,2756,1.5588235294117647,-997,False,True,1.1000370016999994,False,0,True,False,0.0,False,False,1.0,0,1.5043237700590497,1.2958101936348416,1.1609136719624904,False
v9-high-closed_loop_dynamic-rep1,high,79.250626265,31.024147790999997,0,31,0,2,2820,2628,1.5950226244343892,-869,False,True,1.0750163059000002,False,0,True,False,0.0,False,False,1.0,0,1.5096453493032804,1.3055463496715496,1.1563322510021021,False
v9-high-closed_loop_dynamic-rep1,high,79.500950998,31.274472523999997,0,31,0,2,2643,2643,1.4949095022624435,-884,False,True,1.0249513593000004,False,0,True,False,0.0,False,False,0.9499350534000002,0,1.5164410133940045,1.3153158477897622,1.1529101667422392,False
v9-high-closed_loop_dynamic-rep1,high,79.750147254,31.52366878,0,31,0,2,2649,2649,1.4983031674208145,-890,False,True,0.9751121080999994,False,0,True,False,0.0,False,False,0.9000958021999992,0,1.5179632529668552,1.325083551715554,1.1455604071166565,False
v9-high-closed_loop_dynamic-rep1,high,80.000512925,31.774034451,0,30,0,2,2562,2562,1.4490950226244343,-803,False,True,0.9250389738999999,False,0,True,False,0.0,False,False,0.8500226679999997,0,1.5194647014429863,1.3348689147496036,1.1382875761460138,False
v9-high-closed_loop_dynamic-rep1,high,80.251118415,32.024639941,0,30,0,2,2565,2565,1.4507918552036199,-806,False,True,0.899950785,False,0,True,False,0.0,False,False,0.7999015700000001,0,1.5180478102726245,1.3448191465044677,1.1288118660553152,False
v9-high-closed_loop_dynamic-rep1,high,80.500598736,32.274120262000004,0,30,0,2,2577,2577,1.457579185520362,-818,False,True,0.8750027528999993,False,0,True,False,0.0,False,False,0.7500055057999987,0,1.5165516930904979,1.354739639039027,1.1194414405459125,False
v9-high-closed_loop_dynamic-rep1,high,80.750129431,32.52365095700001,0,30,0,2,2586,2586,1.4626696832579185,-827,False,True,0.8500496833999989,False,0,True,False,0.0,False,False,0.7000993667999978,0,1.5151403203812215,1.3646615891852378,1.1102681664000127,False
v9-high-closed_loop_dynamic-rep1,high,81.000216304,32.77373783000001,0,30,0,2,2592,2592,1.4660633484162895,-833,False,True,0.8250409960999988,False,0,True,False,0.0,False,False,0.6500819921999976,0,1.5138392138147059,1.3745801929914594,1.1013102193188025,False
v9-high-closed_loop_dynamic-rep1,high,81.250201885,33.023723411,0,30,0,2,2607,2607,1.4745475113122173,-848,False,True,0.8000424379999999,False,0,True,False,0.0,False,False,0.6000848759999997,0,1.5123690462192305,1.3846050989292984,1.0922746473985476,False
v9-high-closed_loop_dynamic-rep1,high,81.500183669,33.273705195,0,24,0,2,2033,2033,1.1498868778280542,-274,False,True,0.7750442595999999,False,0,True,False,0.0,False,False,0.5500885191999998,0,1.5108988132799772,1.3947712427865382,1.0832592233988378,False
v9-high-closed_loop_dynamic-rep1,high,81.750542191,33.524063717,0,24,0,2,2040,2040,1.1538461538461537,-281,False,True,0.7500084074,False,0,True,False,0.0,False,False,0.5000168148,0,1.4931415595388007,1.4048539357110854,1.0628446997822782,False
v9-high-closed_loop_dynamic-rep1,high,82.000385437,33.77390696300001,0,24,0,2,2055,2055,1.1623303167420815,-296,False,True,0.7250240827999989,False,0,True,False,0.0,False,False,0.45004816559999766,0,1.4751665216410623,1.4150288786581449,1.0424992336834462,False
v9-high-closed_loop_dynamic-rep1,high,82.251620989,34.025142515000006,0,24,0,2,2055,2055,1.1623303167420815,-296,False,True,0.6999005275999991,False,0,True,False,0.0,False,False,0.39980105519999826,0,1.457289208708031,1.425283969626697,1.0224553420675295,False
v9-high-closed_loop_dynamic-rep1,high,82.500500249,34.274021775,0,24,0,2,2064,2064,1.167420814479638,-305,False,True,0.6750126015999995,False,0,True,False,0.0,False,False,0.3500252031999992,0,1.4393548341148186,1.429282017852036,1.0070474658863477,False
v9-high-closed_loop_dynamic-rep1,high,82.75078007,34.52430159600001,0,24,0,2,2067,2067,1.1691176470588236,-308,False,True,0.649984619499999,False,0,True,False,0.0,False,False,0.29996923899999783,0,1.4211217792817863,1.4335288473938912,0.991345086543141,False
v9-high-closed_loop_dynamic-rep1,high,83.00069291,34.774214436,0,24,0,2,2079,2079,1.1759049773755657,-320,False,True,0.6249933354999996,False,0,True,False,0.0,False,False,0.24998667099999922,0,1.403000271313461,1.4377694498825788,0.9758172782347285,False
v9-high-closed_loop_dynamic-rep1,high,83.251004451,35.024525977,0,24,0,2,2088,2088,1.1809954751131222,-329,False,True,0.5999621813999994,False,0,True,False,0.0,False,False,0.19992436279999878,0,1.3847652113073523,1.4422290332233598,0.9601562438473612,False
v9-high-closed_loop_dynamic-rep1,high,83.500356016,35.273877542,0,24,0,2,2091,2091,1.1826923076923077,-332,False,True,0.5750270248999996,False,0,True,False,0.0,False,False,0.15005404979999923,0,1.3667124932245471,1.4467422417670248,0.9446827871392414,False
v9-high-closed_loop_dynamic-rep1,high,83.750226977,35.523748503,0,19,0,2,1618,1618,0.915158371040724,141,True,True,0.5500399287999997,False,0,True,False,0.0,False,False,0.1000798575999994,0,1.3483678943909498,1.4514343887722283,0.9289899046222388,False
v9-high-closed_loop_dynamic-rep1,high,84.000478327,35.773999853,0,19,0,2,1621,1621,0.9168552036199095,138,True,True,0.5250147937999998,False,0,True,False,0.0,False,False,0.05002958759999956,0,1.3163506293227372,1.4562609756898186,0.9039249497839444,False
v9-high-closed_loop_dynamic-rep1,high,84.250715685,36.024237211000006,0,17,0,2,1436,1436,0.8122171945701357,323,True,True,0.4999910579999991,True,0,True,False,0.0,False,False,0.0,0,1.2842210903849534,1.4610168521440043,0.8789912919213712,False
v9-high-closed_loop_dynamic-rep1,high,84.500950467,36.274471993,0,17,0,2,1443,1443,0.8161764705882353,316,True,True,0.4749675797999998,True,0,True,False,0.0,False,False,0.0,0,1.245044061166855,1.4664658571671942,0.8490099207436954,False
v9-high-closed_loop_dynamic-rep1,high,84.750493486,36.524015012,0,17,0,2,1446,1446,0.8178733031674208,313,True,True,0.4500132778999998,True,0,True,False,0.0,False,False,0.0,0,1.2111691975719454,1.4693311335518096,0.8242996897807439,False
v9-high-closed_loop_dynamic-rep1,high,85.000374503,36.77389602900001,0,17,0,2,1453,1453,0.8218325791855203,306,True,True,0.4250251761999991,True,0,True,False,0.0,False,False,0.0,0,1.1771638962765827,1.4721154412638573,0.7996410222189848,True
v9-high-closed_loop_dynamic-rep1,high,85.250521469,37.02404299500001,0,17,0,2,1460,1460,0.8257918552036199,299,True,True,0.4000104795999988,True,0,True,False,0.0,False,False,0.0,0,1.1457809745562204,1.4726554579230204,0.7780373667118228,True
v9-high-closed_loop_dynamic-rep1,high,85.50093294,37.274454466,0,17,0,2,1463,1463,0.8274886877828054,296,True,True,0.37496933249999953,True,0,True,False,0.0,False,False,0.0,0,1.1144792895941174,1.4732367111561087,0.7564835176551772,True
v9-high-closed_loop_dynamic-rep1,high,85.750666914,37.52418844000001,0,17,0,2,1470,1470,0.831447963800905,289,True,True,0.3499959350999987,True,0,True,False,0.0,False,False,0.0,0,1.0830077415869894,1.4752286414548077,0.7341287385248793,True
v9-high-closed_loop_dynamic-rep1,high,86.000732879,37.774254405,0,17,0,2,1477,1477,0.8354072398190046,282,True,True,0.3249893385999997,True,0,True,False,0.0,False,False,0.0,0,1.0514379772894793,1.477124493345758,0.711814056314185,True
v9-high-closed_loop_dynamic-rep1,high,86.250204705,38.023726231000005,0,17,0,2,1486,1486,0.8404977375565611,273,True,True,0.3000421559999992,True,0,True,False,0.0,False,False,0.0,0,1.0199717863064472,1.479015447340441,0.6896288934240382,True
v9-high-closed_loop_dynamic-rep1,high,86.500638811,38.274160337000005,0,17,0,2,1487,1487,0.8410633484162896,272,True,True,0.27499874539999924,True,0,True,False,0.0,False,False,0.0,0,0.9882438019944567,1.4809841481039023,0.6672885751408623,True
v9-high-closed_loop_dynamic-rep1,high,86.751043065,38.52456459100001,0,17,0,2,1494,1494,0.8450226244343891,265,True,True,0.24995831999999893,True,0,True,False,0.0,False,False,0.0,0,0.9727772602747733,1.4747667811809386,0.6596143015208203,True
v9-high-closed_loop_dynamic-rep1,high,87.000206134,38.77372766,0,17,0,2,1503,1503,0.8501131221719457,256,True,True,0.22504201309999985,True,0,True,False,0.0,False,False,0.0,0,0.9573877766012446,1.4685095355852373,0.6519452229635689,True
v9-high-closed_loop_dynamic-rep1,high,87.250467355,39.023988881,0,17,0,2,1504,1504,0.8506787330316742,255,True,True,0.2000158909999996,True,0,True,False,0.0,False,False,0.0,0,0.9417609095823529,1.4623098001023753,0.644022839425969,True
v9-high-closed_loop_dynamic-rep1,high,87.501032332,39.274553858,0,17,0,2,1511,1511,0.8546380090497737,248,True,True,0.1749593933,True,0,True,False,0.0,False,False,0.0,0,0.9261425734880093,1.456003555330656,0.6360853791168689,True
v9-high-closed_loop_dynamic-rep1,high,87.750693583,39.524215109000004,0,17,0,2,1520,1520,0.8597285067873304,239,True,True,0.14999326819999936,True,0,True,False,0.0,False,False,0.0,0,0.9105246241890272,1.449620890813235,0.6281122395236898,True
v9-high-closed_loop_dynamic-rep1,high,88.000624107,39.774145632999996,0,17,0,2,1528,1528,0.8642533936651584,231,True,True,0.1250002158000001,True,0,True,False,0.0,False,False,0.0,0,0.8950594955502267,1.443160437339423,0.6202078940026499,True
v9-high-closed_loop_dynamic-rep1,high,88.250825121,40.02434664700001,0,17,0,2,1530,1528,0.8653846153846154,231,True,True,0.09998011439999885,True,0,True,False,0.0,False,False,0.0,0,0.8794644804961533,1.436749554598133,0.6121209348431951,True
v9-high-closed_loop_dynamic-rep1,high,88.500776201,40.274297727,0,17,0,2,1537,1537,0.869343891402715,222,True,True,0.07498500640000003,True,0,True,False,0.0,False,False,0.0,0,0.8636870654254528,1.4302460753530541,0.6038730539513999,True
v9-high-closed_loop_dynamic-rep1,high,88.750279679,40.523801205000005,0,17,0,2,1545,1545,0.873868778280543,214,True,True,0.050034658599999206,True,0,True,False,0.0,False,False,0.0,0,0.8480535814021495,1.4237107225046377,0.5956642511691043,True
v9-high-closed_loop_dynamic-rep1,high,89.000564979,40.77408650500001,0,17,0,2,1548,1548,0.8755656108597285,211,True,True,0.025006128599999046,True,0,True,False,0.0,False,False,0.0,0,0.8459867163731902,1.4103332271046942,0.5998488159496433,True
v9-high-closed_loop_dynamic-rep1,high,89.250138942,41.02366046800001,0,17,0,2,1555,1555,0.879524886877828,204,True,True,4.8732299998732745e-05,True,0,True,False,0.0,False,False,0.0,0,0.8439257549140272,1.396965386668834,0.6041135757317723,True
v9-high-closed_loop_dynamic-rep1,high,89.500273649,41.273795175,0,17,0,2,1562,1562,0.8834841628959276,197,True,True,0.0,True,0,True,False,0.0,False,False,0.0,0,0.8472808830450225,1.3807866689825228,0.6136218592473585,True
v9-high-closed_loop_dynamic-rep1,high,89.750722009,41.524243535000004,0,11,0,2,989,989,0.5593891402714932,770,True,True,0.0,True,0,True,True,0.0,False,False,0.0,0,0.8506527616645927,1.3645525925098978,0.6233931666202324,True
v9-high-closed_loop_dynamic-rep1,high,90.00115125,41.77467277600001,0,11,0,2,990,990,0.5599547511312217,769,True,True,0.0,True,0,True,True,0.02504292410000062,False,False,0.0,0,0.8377057480485293,1.3482636677406101,0.6213219031944528,True
v9-high-closed_loop_dynamic-rep1,high,90.250931503,42.02445302900001,0,9,0,2,805,805,0.45531674208144796,954,True,True,0.0,True,0,True,True,0.05002094940000035,False,False,0.0,0,0.8246230413316742,1.3318894268942867,0.619137763751559,True
v9-high-closed_loop_dynamic-rep1,high,90.500336057,42.273857583,0,9,0,2,806,806,0.45588235294117646,953,True,True,0.0,True,0,True,True,0.0749614047999998,False,False,0.0,0,0.8061434052604076,1.3155539445244906,0.612778676705492,True
v9-high-closed_loop_dynamic-rep1,high,90.750595073,42.524116599,0,9,0,2,814,814,0.4604072398190045,945,True,True,0.0,True,0,True,True,0.0999873063999999,False,False,0.0,0,0.787544040683145,1.2990775079083705,0.6062332970040875,True
v9-high-closed_loop_dynamic-rep1,high,91.000923545,42.77444507100001,0,9,0,2,815,814,0.46097285067873306,945,True,True,0.0,True,0,True,True,0.12502015360000057,False,False,0.0,0,0.7689675350941173,1.2826246588748291,0.599526548763445,True
v9-high-closed_loop_dynamic-rep1,high,91.250356333,43.023877859,0,9,0,2,815,815,0.46097285067873306,944,True,True,0.0,True,0,True,True,0.14996343239999987,False,False,0.0,0,0.7502881380004528,1.2661604721056554,0.5925695474861141,True
v9-high-closed_loop_dynamic-rep1,high,91.500437674,43.2739592,0,9,0,2,823,823,0.4654977375565611,936,True,True,0.0,True,0,True,True,0.17497156649999965,False,False,0.0,0,0.7313057194697967,1.2495685369816172,0.5852465853824192,True
v9-high-closed_loop_dynamic-rep1,high,91.750724871,43.524246397000006,0,9,0,2,824,824,0.4660633484162896,935,True,True,0.0,True,0,True,True,0.20000028620000024,False,False,0.0,0,0.7125058894165157,1.2329628457802033,0.5778810706705854,True
v9-high-closed_loop_dynamic-rep1,high,92.00091464,43.77443616600001,0,9,0,2,825,825,0.4666289592760181,934,True,True,0.0,True,0,True,True,0.22501926310000045,False,False,0.0,0,0.6935430733049771,1.2162365428457007,0.5702369965650377,True
v9-high-closed_loop_dynamic-rep1,high,92.251060182,44.02458170800001,0,9,0,2,832,832,0.47058823529411764,927,True,True,0.0,True,0,True,True,0.2500338173000003,False,False,0.0,0,0.6743576354878958,1.1995267891441737,0.5621863901589307,True
v9-high-closed_loop_dynamic-rep1,high,92.500499393,44.274020919,0,9,0,2,833,833,0.47115384615384615,926,True,True,0.0,True,0,True,True,0.2749777383999998,False,False,0.0,0,0.6553957407150455,1.1827656154023187,0.5541214017217706,True
v9-high-closed_loop_dynamic-rep1,high,92.750143346,44.523664872000005,0,9,0,2,841,841,0.4756787330316742,918,True,True,0.0,True,0,True,True,0.2999421337000001,False,False,0.0,0,0.6362492622579186,1.1658636050904405,0.5457321589591625,True
v9-high-closed_loop_dynamic-rep1,high,93.000595445,44.774116971000005,0,9,0,2,841,841,0.4756787330316742,918,True,True,0.0,True,0,True,True,0.32498734360000014,False,False,0.0,0,0.6170126080624433,1.1490343038605197,0.5369836270243694,True
v9-high-closed_loop_dynamic-rep1,high,93.250179877,45.023701403,0,9,0,2,842,842,0.4762443438914027,917,True,True,0.0,True,0,True,True,0.3499457867999993,False,False,0.0,0,0.5976161968081453,1.132165126723303,0.5278525037577848,True
v9-high-closed_loop_dynamic-rep1,high,93.500702521,45.274224047,0,9,0,2,850,850,0.4807692307692308,909,True,True,0.0,True,0,True,True,0.37499805119999935,False,False,0.0,0,0.5781186528506791,1.1151893976923641,0.5184040074690154,True
v9-high-closed_loop_dynamic-rep1,high,93.750519565,45.52404109100001,0,9,0,2,851,851,0.4813348416289593,908,True,True,0.0,True,0,True,True,0.39997975560000043,False,False,0.0,0,0.5587039794846149,1.0981911472902708,0.5087493018525853,True
v9-high-closed_loop_dynamic-rep1,high,94.000620096,45.77414162200001,0,2,0,2,180,180,0.10180995475113122,1579,True,True,0.0,True,0,True,True,0.4249898087000005,False,False,0.0,0,0.5390693715813344,1.0811593441513565,0.49860307317093083,True
v9-high-closed_loop_dynamic-rep1,high,94.250382134,46.02390366000001,0,2,0,2,180,180,0.10180995475113122,1579,True,True,0.0,True,0,True,True,0.44996601250000057,False,False,0.0,0,0.5004182210917417,1.0640942514160625,0.47027621888361976,True
v9-high-closed_loop_dynamic-rep1,high,94.500859884,46.27438141,0,2,0,2,181,181,0.10237556561085973,1578,True,True,0.0,True,0,True,True,0.4750137874999993,False,False,0.0,0,0.46145769961040883,1.046173740911482,0.4410908834400321,True
v9-high-closed_loop_dynamic-rep1,high,94.750572493,46.52409401900001,0,2,0,2,182,182,0.10294117647058823,1577,True,True,0.0,True,0,True,True,0.4999850484000007,False,False,0.0,0,0.4224471664623299,1.0309046227587098,0.4097829781108727,True
v9-high-closed_loop_dynamic-rep1,high,95.00018753,46.77370905600001,0,1,0,2,86,86,0.048642533936651584,1673,True,True,0.0,True,0,True,True,0.5249465521000005,False,False,0.0,0,0.39965021990950234,1.0074727625351805,0.3966858805232928,True
v9-high-closed_loop_dynamic-rep1,high,95.250361057,47.02388258300001,0,1,0,2,86,86,0.048642533936651584,1673,True,True,0.0,True,0,True,True,0.5499639048000006,False,False,0.0,0,0.3740669727728506,0.9852271710459835,0.37967585930026265,True
v9-high-closed_loop_dynamic-rep1,high,95.500418805,47.273940331,0,1,0,2,87,87,0.04920814479638009,1672,True,True,0.0,True,0,True,True,0.5749696795999995,False,False,0.0,0,0.3537166180138018,0.9603406467729074,0.3683241141593015,True
v9-high-closed_loop_dynamic-rep1,high,95.750941145,47.524462671,0,1,0,2,87,87,0.04920814479638009,1672,True,True,0.0,True,0,True,True,0.6000219135999998,False,False,0.0,0,0.3333401099780549,0.9352457688420248,0.356419800103218,True
v9-high-closed_loop_dynamic-rep1,high,96.000779601,47.77430112700001,0,1,0,2,88,88,0.049773755656108594,1671,True,True,0.0,True,0,True,True,0.6250057592000005,False,False,0.0,0,0.3127934405762444,0.9102052075403273,0.3436515611919149,True
v9-high-closed_loop_dynamic-rep1,high,96.250682692,48.024204218,0,1,0,2,88,88,0.049773755656108594,1671,True,True,0.0,True,0,True,True,0.6499960682999998,False,False,0.0,0,0.29224147188699157,0.8850872692622735,0.3301837932101056,True
v9-high-closed_loop_dynamic-rep1,high,96.500855804,48.27437733,0,1,0,2,88,88,0.049773755656108594,1671,True,True,0.0,True,0,True,True,0.6750133794999996,False,False,0.0,0,0.27166690203812294,0.8597523673293551,0.3159827321929925,True
v9-high-closed_loop_dynamic-rep1,high,96.750645091,48.524166617,0,1,0,2,89,89,0.050339366515837106,1670,True,True,0.0,True,0,True,True,0.6999923081999995,False,False,0.0,0,0.25089822263258,0.842657019050509,0.29774655282084717,True
v9-high-closed_loop_dynamic-rep1,high,97.001005818,48.774527344,0,1,0,2,89,89,0.050339366515837106,1670,True,True,0.0,True,0,True,True,0.7250283808999995,False,False,0.0,0,0.23008202967522712,0.8254371130352942,0.2787396229728154,True
v9-high-closed_loop_dynamic-rep1,high,97.250585232,49.02410675800001,0,1,0,2,89,89,0.050339366515837106,1670,True,True,0.0,True,0,True,True,0.7499863223000005,False,False,0.0,0,0.2093025671521494,0.8080738393237551,0.25901416054664805,True
v9-high-closed_loop_dynamic-rep1,high,97.500924158,49.27444568400001,0,1,0,2,90,90,0.05090497737556561,1669,True,True,0.0,True,0,True,True,0.7750202149000003,False,False,0.0,0,0.18826196510090523,0.7907564625384612,0.238078313639768,True
v9-high-closed_loop_dynamic-rep1,high,97.750917946,49.524439472000005,0,1,0,2,90,90,0.05090497737556561,1669,True,True,0.0,True,0,True,True,0.8000195937000001,False,False,0.0,0,0.1672493427837108,0.7733505479538461,0.21626588773515984,True
v9-high-closed_loop_dynamic-rep1,high,98.000992637,49.774514163,0,1,0,2,90,90,0.05090497737556561,1669,True,True,0.0,True,0,True,True,0.8250270627999996,False,False,0.0,0,0.1460043096455891,0.7560091923039595,0.19312504547813344,True
v9-high-closed_loop_dynamic-rep1,high,98.251233018,50.024754544,0,1,0,2,91,91,0.051470588235294115,1668,True,True,0.0,True,0,True,True,0.8500511008999994,False,False,0.0,0,0.12474508122115487,0.7384866473016972,0.16891988728158033,True
v9-high-closed_loop_dynamic-rep1,high,98.500848202,50.274369728,0,1,0,2,91,91,0.051470588235294115,1668,True,True,0.0,True,0,True,True,0.8750126193,False,False,0.0,0,0.10353895354785111,0.7208949713755655,0.14362557329299264,True
v9-high-closed_loop_dynamic-rep1,high,98.750747719,50.524269245000006,0,1,0,2,92,92,0.05203619909502263,1667,True,True,0.0,True,0,True,True,0.9000025710000003,True,True,0.0,0,0.0820826230549776,0.7033678921065045,0.11669941715586384,True
v9-high-closed_loop_dynamic-rep1,high,99.14326035,50.91678187600001,0,1,0,2,92,92,0.05203619909502263,1667,True,True,0.0,True,0,True,True,0.9392538341000005,True,True,0.0,0,0.05920870037454751,0.6809019902694002,0.08695627450159378,True
v9-high-closed_loop_dynamic-rep1,high,99.250353738,51.023875264000004,0,1,0,2,92,92,0.05203619909502263,1667,True,True,0.0,True,0,True,True,0.9499631729000001,True,True,0.0,0,0.058142612349208186,0.6721733945619345,0.08649942532625916,True
v9-high-closed_loop_dynamic-rep1,high,99.500380818,51.273902344,0,1,0,2,92,92,0.05203619909502263,1667,True,True,0.0,True,0,True,True,0.9749658808999996,True,True,0.0,0,0.05565365499174217,0.654407502442308,0.08504434130727061,True
v9-high-closed_loop_dynamic-rep1,high,99.750292874,51.5238144,0,1,0,2,92,92,0.05203619909502263,1667,True,True,0.0,True,0,True,True,0.9999570864999996,True,True,0.0,0,0.05313762626798653,0.6365689557118217,0.08347505135334031,True
v9-high-closed_loop_dynamic-rep1,high,100.000257072,51.773778598,0,1,0,2,92,92,0.05203619909502263,1667,True,True,0.0,True,0,True,True,1.0,True,True,0.0,0,0.050593528737556556,0.6186978527657245,0.08177421096807047,True
v9-high-closed_loop_dynamic-rep1,high,100.251097051,52.024618577000005,0,1,0,2,92,92,0.05203619909502263,1667,True,True,0.0,True,0,True,True,1.0,True,True,0.0,0,0.050763782116968324,0.5993029738997737,0.0847047058462586,True
v9-high-closed_loop_dynamic-rep1,high,100.501047171,52.274568697,0,1,0,2,92,92,0.05203619909502263,1667,True,True,0.0,True,0,True,True,1.0,True,True,0.0,0,0.050933360437556564,0.5798781334468897,0.08783459402892192,True
v9-high-closed_loop_dynamic-rep1,high,100.750453131,52.523974657000004,0,1,0,2,92,92,0.05203619909502263,1667,True,True,0.0,True,0,True,True,1.0,True,True,0.0,0,0.05107442715701358,0.5604673528496044,0.0911282823117779,True
v9-high-closed_loop_dynamic-rep1,high,101.000723966,52.774245492,0,1,0,2,92,92,0.05203619909502263,1667,True,True,0.0,True,0,True,True,1.0,True,True,0.0,0,0.051215983059162896,0.540890256224944,0.09468830778468179,True
v9-high-closed_loop_dynamic-rep1,high,101.250283179,53.023804704999996,0,1,0,2,93,93,0.05260180995475113,1666,True,True,0.0,True,0,True,True,1.0,True,True,0.0,0,0.05132891207352941,0.521284009258485,0.09846630850338889,True
v9-high-closed_loop_dynamic-rep1,high,101.500746422,53.27426794800001,0,1,0,2,93,93,0.05260180995475113,1666,True,True,0.0,True,0,True,True,1.0,True,True,0.0,0,0.051470576803733056,0.5014792738894227,0.10263749567261764,True
v9-high-closed_loop_dynamic-rep1,high,101.750410325,53.52393185100001,0,1,0,2,94,94,0.053167420814479636,1665,True,True,0.0,True,0,True,True,1.0,True,True,0.0,0,0.05161178941855206,0.4817236290762443,0.10713983351309359,True
v9-high-closed_loop_dynamic-rep1,high,102.000318095,53.773839621,0,1,0,2,94,94,0.053167420814479636,1665,True,True,0.0,True,0,True,True,1.0,True,True,0.0,0,0.0517531665244344,0.46186405723885793,0.11205281232280367,True
v9-high-closed_loop_dynamic-rep1,high,102.250474324,54.02399585,0,1,0,2,94,94,0.053167420814479636,1665,True,True,0.0,True,0,True,True,1.0,True,True,0.0,0,0.051894657604185525,0.4418572181678739,0.11744666709160627,True
v9-high-closed_loop_dynamic-rep1,high,102.500939294,54.27446082000001,0,1,0,2,95,95,0.05373303167420815,1664,True,True,0.0,True,0,True,True,1.0,True,True,0.0,0,0.0520363215989819,0.421811521481561,0.12336391717374323,True
v9-high-closed_loop_dynamic-rep1,high,102.75084312,54.524364646,0,1,0,2,95,95,0.05373303167420815,1664,True,True,0.0,True,0,True,True,1.0,True,True,0.0,0,0.0521776699168552,0.4017258862263013,0.12988376329690224,True
v9-high-closed_loop_dynamic-rep1,high,103.000676359,54.774197885,0,1,0,2,95,95,0.05373303167420815,1664,True,True,0.0,True,0,True,True,1.0,True,True,0.0,0,0.05231897830995476,0.3815187623696272,0.1371334347621586,True
v9-high-closed_loop_dynamic-rep1,high,103.250452741,55.02397426700001,0,1,0,2,96,96,0.05429864253393665,1663,True,True,0.0,True,0,True,True,1.0,True,True,0.0,0,0.05246025454411766,0.3612032398970022,0.14523749720261867,True
v9-high-closed_loop_dynamic-rep1,high,103.500495787,55.27401731300001,0,1,0,2,96,96,0.05429864253393665,1663,True,True,0.0,True,0,True,True,1.0,True,True,0.0,0,0.0526017698729638,0.3408518836350676,0.1543244218338596,True
v9-low_high_low-closed_loop_dynamic-rep0,low_high_low,134.250447614,0.2328445069999816,0,26,0,4,1980,1980,1.1199095022624435,-221,False,False,1.7497019237000047,False,0,True,False,0.0,False,False,3.4994038474000093,0,0.9455255141582584,0.8258777411919681,1.1448734685519018,False
v9-low_high_low-closed_loop_dynamic-rep0,low_high_low,134.500104908,0.48250180099998374,0,26,0,4,1980,1980,1.1199095022624435,-221,False,False,1.7497019237000047,False,0,True,False,0.0,False,False,3.4994038474000093,0,0.9532920294420819,0.8318508631434953,1.1459891089607943,False
v9-low_high_low-closed_loop_dynamic-rep0,low_high_low,134.750618379,0.7330152719999887,0,26,0,4,1980,1980,1.1199095022624435,-221,False,False,1.7497019237000047,False,0,True,False,0.0,False,False,3.4994038474000093,0,0.9607760192621047,0.8379421274335972,1.146589946736198,False
v9-low_high_low-closed_loop_dynamic-rep0,low_high_low,135.000894898,0.9832917909999992,0,26,0,4,1980,1980,1.1199095022624435,-221,False,False,1.7497019237000047,False,0,True,False,0.0,False,False,3.4994038474000093,0,0.9762342443923087,0.8398673452592194,1.16236718798848,False
v9-low_high_low-closed_loop_dynamic-rep0,low_high_low,135.250361687,1.2327585799999952,0,26,0,4,1984,1984,1.1221719457013575,-225,False,False,1.7497019237000047,False,0,True,False,0.0,False,False,3.4994038474000093,0,0.9916142670173086,0.8417863205592193,1.1779880984031137,False
v9-low_high_low-closed_loop_dynamic-rep0,low_high_low,135.501269712,1.4836666049999963,0,26,0,4,1985,1985,1.122737556561086,-226,False,False,1.7497019237000047,False,0,True,False,0.0,False,False,3.4991280283999857,0,1.0069617966709279,0.8451656078990956,1.1914372606500443,False
v9-low_high_low-closed_loop_dynamic-rep0,low_high_low,135.751104517,1.733501409999974,0,26,0,4,2002,2002,1.1323529411764706,-243,False,False,1.7497019237000047,False,0,True,False,0.0,False,False,3.249293223400008,0,1.0147903307190043,0.8521038493393096,1.1909233029587132,False
v9-low_high_low-closed_loop_dynamic-rep0,low_high_low,136.001047242,1.983444134999985,0,26,0,4,2010,2010,1.1368778280542986,-251,False,False,1.7497019237000047,False,0,True,False,0.0,False,False,2.999350498399997,0,1.0231029055097285,0.8590308662976245,1.1909966750313006,False
v9-low_high_low-closed_loop_dynamic-rep0,low_high_low,136.250800092,2.233196984999978,0,26,0,4,2011,2011,1.137443438914027,-252,False,False,1.7497019237000047,False,0,True,False,0.0,False,False,2.749597648400004,0,1.0316351861319002,0.8657973497898187,1.1915434788317847,False
v9-low_high_low-closed_loop_dynamic-rep0,low_high_low,136.500837246,2.4832341389999897,0,26,0,4,2022,2022,1.1436651583710407,-263,False,False,1.7497019237000047,False,0,True,False,0.0,False,False,2.4995604943999923,0,1.0402054641479639,0.8725290898850113,1.1921728183126252,False
v9-low_high_low-closed_loop_dynamic-rep0,low_high_low,136.750197766,2.732594659,0,26,0,4,2036,2036,1.1515837104072397,-277,False,False,1.7497019237000047,False,0,True,False,0.0,False,False,2.250199974399982,0,1.0489502218316746,0.8792848473712109,1.192958374032841,False
v9-low_high_low-closed_loop_dynamic-rep0,low_high_low,137.000699748,2.9830966409999746,0,26,0,4,2037,2037,1.1521493212669682,-278,False,False,1.7497019237000047,False,0,True,False,0.0,False,False,1.9996979924000073,0,1.0581026713386872,0.8886776933001128,1.1906483974065032,False
v9-low_high_low-closed_loop_dynamic-rep0,low_high_low,137.251091178,3.2334880709999823,0,25,0,4,1949,1949,1.1023755656108598,-190,False,False,1.7497019237000047,False,0,True,False,0.0,False,False,1.7493065623999997,0,1.0670522470209276,0.8981386637381787,1.1880707179220042,False
v9-low_high_low-closed_loop_dynamic-rep0,low_high_low,137.500383328,3.4827802209999845,0,25,0,4,1965,1965,1.1114253393665159,-206,False,False,1.7497019237000047,False,0,True,False,0.0,False,False,1.5000144123999974,0,1.0731153479541855,0.9077268233535636,1.1822007682769582,False
v9-low_high_low-closed_loop_dynamic-rep0,low_high_low,137.750743985,3.7331408780000004,0,25,0,4,1965,1965,1.1114253393665159,-206,False,False,1.7497019237000047,False,0,True,False,0.0,False,False,1.2496537553999816,0,1.0796293340184395,0.9172003324071273,1.1770921748196808,False
v9-low_high_low-closed_loop_dynamic-rep0,low_high_low,138.000318694,3.982715586999973,0,26,0,4,2030,2030,1.1481900452488687,-271,False,False,1.7497019237000047,False,0,True,False,0.0,False,False,1.000103136000007,0,1.0886030612526016,0.9254039474886309,1.1763544603487612,False
v9-low_high_low-closed_loop_dynamic-rep0,low_high_low,138.250816376,4.233213268999975,0,26,0,4,2031,2031,1.1487556561085972,-272,False,False,1.7497019237000047,False,0,True,False,0.0,False,False,0.7997049904000051,0,1.0976425138044115,0.9272746979993214,1.1837296069575434,False
v9-low_high_low-closed_loop_dynamic-rep0,low_high_low,138.50045893,4.482855822999994,0,26,0,4,2047,2047,1.1578054298642535,-288,False,False,1.7497019237000047,False,0,True,False,0.0,False,False,0.5999909471999899,0,1.106312365588349,0.9293220364969459,1.1904510192812852,False
v9-low_high_low-closed_loop_dynamic-rep0,low_high_low,138.750863192,4.7332600849999835,0,26,0,4,2055,2055,1.1623303167420815,-296,False,False,1.7497019237000047,False,0,True,False,0.0,False,False,0.39966753759999846,0,1.115461752084502,0.9313756913606337,1.1976496299306885,False
v9-low_high_low-closed_loop_dynamic-rep0,low_high_low,139.00092112,4.983318012999973,0,26,0,4,2057,2057,1.1634615384615385,-298,False,False,1.7497019237000047,False,0,True,False,0.0,False,False,0.1996211952000067,0,1.1248247808365381,0.9334265058153844,1.2050491108070258,False
v9-low_high_low-closed_loop_dynamic-rep0,low_high_low,139.2507234,5.233120292999985,0,21,0,4,1587,1587,0.8976244343891403,172,True,False,1.7497019237000047,False,0,True,False,0.0,False,False,0.0,0,1.1342267670383483,0.9354792168909503,1.2124553347191744,False
v9-low_high_low-closed_loop_dynamic-rep0,low_high_low,139.50017604,5.482572933,0,21,0,4,1596,1596,0.9027149321266968,163,True,False,1.7497019237000047,False,0,True,False,0.0,False,False,0.0,0,1.123136847635633,0.9411370510900456,1.1933828833269193,False
v9-low_high_low-closed_loop_dynamic-rep0,low_high_low,139.750948959,5.733345851999985,0,21,0,4,1597,1597,0.9032805429864253,162,True,False,1.7497019237000047,False,0,True,False,0.0,False,False,0.0,0,1.1122435443668552,0.9468248305311653,1.1747088885944095,False
v9-low_high_low-closed_loop_dynamic-rep0,low_high_low,140.000771052,5.983167944999991,0,21,0,4,1606,1606,0.9083710407239819,153,True,False,1.7497019237000047,False,0,True,False,0.0,False,False,0.0,0,1.1014198043647059,0.9524910442920819,1.1563571237389556,False
v9-low_high_low-closed_loop_dynamic-rep0,low_high_low,140.250418285,6.232815177999981,0,21,0,4,1617,1617,0.9145927601809954,142,True,False,1.7497019237000047,False,0,True,False,0.0,False,False,0.0,0,1.0908577804355208,0.957998106595136,1.1386846935560107,False
v9-low_high_low-closed_loop_dynamic-rep0,low_high_low,140.500803464,6.483200356999987,0,21,0,4,1618,1618,0.915158371040724,141,True,False,1.7497019237000047,False,0,True,False,0.0,False,False,0.0,0,1.0804628301308825,0.9634505005657246,1.1214513143087788,False
v9-low_high_low-closed_loop_dynamic-rep0,low_high_low,140.75107674,6.7334736329999885,0,21,0,4,1627,1627,0.9202488687782805,132,True,False,1.6246605001999967,False,0,True,False,0.0,False,False,0.0,0,1.0700725783159504,0.9689004295822403,1.1044195519423314,False
v9-low_high_low-closed_loop_dynamic-rep0,low_high_low,141.000522688,6.982919580999976,0,21,0,4,1638,1638,0.9264705882352942,121,True,False,1.499937526200003,False,0,True,False,0.0,False,False,0.0,0,1.0594909314504528,0.9744171205461543,1.0873073852157022,False
v9-low_high_low-closed_loop_dynamic-rep0,low_high_low,141.250761225,7.233158117999977,0,21,0,4,1638,1638,0.9264705882352942,121,True,False,1.3748182577000023,False,0,True,False,0.0,False,False,0.0,0,1.048961006186652,0.9799370351358034,1.0704371490983426,False
v9-low_high_low-closed_loop_dynamic-rep0,low_high_low,141.500721139,7.483118031999993,0,21,0,4,1648,1648,0.9321266968325792,111,True,False,1.2498383006999945,False,0,True,False,0.0,False,False,0.0,0,1.0384140594609723,0.9854508545697971,1.0537451509079026,False
v9-low_high_low-closed_loop_dynamic-rep0,low_high_low,141.750625128,7.733022020999982,0,21,0,4,1659,1659,0.9383484162895928,100,True,False,1.1248863061999999,False,0,True,False,0.0,False,False,0.0,0,1.027840666047285,0.9908788610781112,1.0373020420770285,False
v9-low_high_low-closed_loop_dynamic-rep0,low_high_low,142.001185164,7.983582056999978,0,21,0,4,1660,1660,0.9389140271493213,99,True,False,0.9996062882000019,False,0,True,False,0.0,False,False,0.0,0,1.0171549625418552,0.9964767848553169,1.0207512889420105,False
v9-low_high_low-closed_loop_dynamic-rep0,low_high_low,142.251170841,8.23356773399999,0,21,0,4,1669,1669,0.9440045248868778,90,True,False,0.8746134496999958,False,0,True,False,0.0,False,False,0.0,0,1.0064946016951355,1.002060824197738,1.0044246590529544,False
v9-low_high_low-closed_loop_dynamic-rep0,low_high_low,142.500304826,8.482701718999976,0,21,0,4,1676,1676,0.9479638009049773,83,True,False,0.7500464572000027,False,0,True,False,0.0,False,False,0.0,0,0.9986034799983032,1.0061472979335975,0.9925022728274602,False
v9-low_high_low-closed_loop_dynamic-rep0,low_high_low,142.750588421,8.73298531399999,0,21,0,4,1680,1680,0.9502262443438914,79,True,False,0.6249046596999961,False,0,True,False,0.0,False,False,0.0,0,0.9904212737852939,1.0104366889574101,0.980191321840492,False
v9-low_high_low-closed_loop_dynamic-rep0,low_high_low,143.000943305,8.98334019799998,0,21,0,4,1682,1682,0.9513574660633484,77,True,False,0.49980172360000097,True,0,True,False,0.0,False,False,0.0,0,0.9823452849102943,1.0147153135050906,0.9680993987535461,False
v9-low_high_low-closed_loop_dynamic-rep0,low_high_low,143.251176174,9.23357306699998,0,21,0,4,1693,1693,0.957579185520362,66,True,False,0.3997085760000004,True,0,True,False,0.0,False,False,0.0,0,0.9724944480087107,1.019753443253224,0.9536564494514013,False
v9-low_high_low-closed_loop_dynamic-rep0,low_high_low,143.500281727,9.482678619999973,0,21,0,4,1701,1701,0.9621040723981901,58,True,True,0.30006635480000343,True,0,True,False,0.0,False,False,0.0,0,0.9629698239234168,1.0246566521018665,0.9397975623815917,False
v9-low_high_low-closed_loop_dynamic-rep0,low_high_low,143.750366064,9.732762956999977,0,21,0,4,1703,1703,0.9632352941176471,56,True,True,0.20003262000000177,True,0,True,False,0.0,False,False,0.0,0,0.9531817758064485,1.0297911464645364,0.9256068855115893,False
v9-low_high_low-closed_loop_dynamic-rep0,low_high_low,144.00020328,9.98260017299998,0,21,0,4,1714,1714,0.9694570135746606,45,True,True,0.10009773360000054,True,0,True,False,0.0,False,False,0.0,0,0.943233956461652,1.0348784596747174,0.9114441871349114,False
v9-low_high_low-closed_loop_dynamic-rep0,low_high_low,144.251107682,10.233504574999984,0,21,0,4,1722,1722,0.9739819004524887,37,True,True,0.0,True,0,True,False,0.0,False,False,0.0,0,0.9335192322912895,1.0398778790108032,0.8977200603395,False
v9-low_high_low-closed_loop_dynamic-rep0,low_high_low,144.500800498,10.483197390999976,0,21,0,4,1724,1724,0.9751131221719457,35,True,True,0.0,True,0,True,False,0.0,False,False,0.0,0,0.9373317786756786,1.0382116950647626,0.902832999407899,False
v9-low_high_low-closed_loop_dynamic-rep0,low_high_low,144.750997864,10.733394756999985,0,21,0,4,1735,1734,0.9813348416289592,25,True,True,0.0,True,0,True,False,0.0,False,False,0.0,0,0.9409545404339367,1.03652044178026,0.9078012381673963,False
v9-low_high_low-closed_loop_dynamic-rep0,low_high_low,145.000177392,10.982574284999998,0,21,0,4,1743,1743,0.9858597285067874,16,True,True,0.0,True,0,True,False,0.0,False,False,0.0,0,0.9448444470927605,1.038817741727319,0.9095382271019917,False
v9-low_high_low-closed_loop_dynamic-rep0,low_high_low,145.250993079,11.233389971999998,0,21,0,4,1744,1744,0.9864253393665159,15,True,True,0.0,True,0,True,False,0.0,False,False,0.0,0,0.9487314119485296,1.0412436394686087,0.9111521799381248,False
v9-low_high_low-closed_loop_dynamic-rep0,low_high_low,145.500612669,11.483009561999978,0,30,0,4,2321,2321,1.3127828054298643,-562,False,True,0.0,True,0,True,False,0.0,False,False,0.0,0,0.9523175757415157,1.043700302854355,0.9124435176813477,False
v9-low_high_low-closed_loop_dynamic-rep0,low_high_low,145.750744639,11.73314153199999,0,30,0,4,2321,2321,1.3127828054298643,-562,False,True,0.0,True,0,True,False,0.0,False,False,0.0,0,0.9722093139434396,1.0424327098829185,0.9326350801603625,False
v9-low_high_low-closed_loop_dynamic-rep0,low_high_low,146.001031899,11.983428791999984,0,30,0,4,2321,2321,1.3127828054298643,-562,False,True,0.0,True,0,True,False,0.0,False,False,0.0,0,0.9918582671140275,1.0412861795860855,0.9525318654553682,False
v9-low_high_low-closed_loop_dynamic-rep0,low_high_low,146.250880262,12.233277154999996,0,30,0,4,2321,2321,1.3127828054298643,-562,False,True,0.0,True,0,True,False,0.0,False,False,0.0,0,1.0111621621286213,1.0402969609542985,0.9719937672422393,False
v9-low_high_low-closed_loop_dynamic-rep0,low_high_low,146.500455552,12.482852444999992,0,30,0,4,2321,2321,1.3127828054298643,-562,False,True,0.0,True,0,True,False,0.0,False,False,0.0,0,1.0304449588559967,1.0393088234938914,0.9914713851768364,False
v9-low_high_low-closed_loop_dynamic-rep0,low_high_low,146.751147143,12.733544035999984,0,30,0,4,2321,2321,1.3127828054298643,-562,False,True,0.0,True,0,True,False,0.0,False,False,0.0,0,1.0495300668252265,1.038401668496267,1.0107168532819049,False
v9-low_high_low-closed_loop_dynamic-rep0,low_high_low,147.000848712,12.98324560499998,0,30,0,4,2321,2321,1.3127828054298643,-562,False,True,0.0,True,0,True,False,0.0,False,False,0.0,0,1.0682294377164028,1.0376386727932125,1.029481134160934,False
v9-low_high_low-closed_loop_dynamic-rep0,low_high_low,147.250201174,13.232598066999998,0,30,0,4,2321,2321,1.3127828054298643,-562,False,True,0.0,True,0,True,False,0.0,False,False,0.0,0,1.0868744958424224,1.0367783313546377,1.048319069730489,False
v9-low_high_low-closed_loop_dynamic-rep0,low_high_low,147.500280866,13.482677758999984,0,30,0,4,2321,2321,1.3127828054298643,-562,False,True,0.0,True,0,True,False,0.0,False,False,0.0,0,1.105320274822851,1.03585854743043,1.067057155211712,False
v9-low_high_low-closed_loop_dynamic-rep0,low_high_low,147.751183098,13.733579991,0,30,0,4,2338,2338,1.3223981900452488,-579,False,True,0.0,True,0,True,False,0.0,False,False,0.0,0,1.12362680521335,1.0350219585935523,1.0856067312235569,False
v9-low_high_low-closed_loop_dynamic-rep0,low_high_low,148.000473332,13.982870225,0,30,0,4,2341,2341,1.3240950226244343,-582,False,True,0.0,True,0,True,False,0.0,False,False,0.0,0,1.1421825714997753,1.0354862669769234,1.1030398064421938,False
v9-low_high_low-closed_loop_dynamic-rep0,low_high_low,148.250611353,14.233008245999997,0,30,0,4,2349,2349,1.3286199095022624,-590,False,True,0.0,True,0,True,False,0.0,False,False,0.0,0,1.1608298447786214,1.0350759195473418,1.1214924652930522,False
v9-low_high_low-closed_loop_dynamic-rep0,low_high_low,148.500293901,14.482690793999978,0,29,0,4,2263,2263,1.2799773755656108,-504,False,True,0.0,True,0,True,False,0.0,False,False,0.0,0,1.1793590152681,1.0346380019208712,1.1398759885859064,False
v9-low_high_low-closed_loop_dynamic-rep0,low_high_low,148.750142681,14.732539573999986,0,29,0,4,2273,2273,1.285633484162896,-514,False,True,0.0,True,0,True,False,0.0,False,False,0.0,0,1.1952430666662903,1.0343129723993778,1.1555912944740412,False
v9-low_high_low-closed_loop_dynamic-rep0,low_high_low,149.001016745,14.983413637999973,0,29,0,4,2282,2282,1.2907239819004526,-523,False,True,0.0,True,0,True,False,0.0,False,False,0.0,0,1.2114183738078055,1.0340154693453623,1.171566973340116,False
v9-low_high_low-closed_loop_dynamic-rep0,low_high_low,149.250955106,15.233351998999979,0,29,0,4,2282,2282,1.2907239819004526,-523,False,True,0.0,True,0,True,False,0.0,False,False,0.0,0,1.2274777617091632,1.0338667531936654,1.1872688215550253,False
v9-low_high_low-closed_loop_dynamic-rep0,low_high_low,149.501096982,15.483493874999994,0,28,0,4,2204,2204,1.246606334841629,-445,False,True,0.0,True,0,True,False,0.0,False,False,0.0,0,1.2433239244014718,1.0302164572859727,1.2068569819559227,False
v9-low_high_low-closed_loop_dynamic-rep0,low_high_low,149.750874958,15.733271850999984,0,28,0,4,2214,2214,1.252262443438914,-455,False,True,0.0,True,0,True,False,0.0,False,False,0.0,0,1.2568865294331455,1.0265997626108596,1.224319910455286,False
v9-low_high_low-closed_loop_dynamic-rep0,low_high_low,150.000496797,15.982893689999997,0,28,0,4,2214,2214,1.252262443438914,-455,False,True,0.0,True,0,True,False,0.0,False,False,0.0,0,1.27041228255611,1.0231407045067307,1.2416789567262814,False
v9-low_high_low-closed_loop_dynamic-rep0,low_high_low,150.250880043,16.23327693599998,0,28,0,4,2224,2224,1.257918552036199,-465,False,True,0.0,True,0,True,False,0.0,False,False,0.0,0,1.2837528378576928,1.0197842054837671,1.2588475394641985,False
v9-low_high_low-closed_loop_dynamic-rep0,low_high_low,150.501128575,16.483525467999982,0,28,0,4,2234,2234,1.2635746606334841,-475,False,True,0.0,True,0,True,False,0.0,False,False,0.0,0,1.2973073322733033,1.0164039971718892,1.2763697662376559,False
v9-low_high_low-closed_loop_dynamic-rep0,low_high_low,150.750809146,16.73320603899998,0,28,0,4,2242,2242,1.2680995475113122,-483,False,True,0.0,True,0,True,False,0.0,False,False,0.0,0,1.2948500687351812,1.0211490657800906,1.268032368757054,False
v9-low_high_low-closed_loop_dynamic-rep0,low_high_low,151.000124802,16.982521694999974,0,28,0,4,2252,2252,1.2737556561085972,-493,False,True,0.0,True,0,True,False,0.0,False,False,0.0,0,1.2926220215831452,1.0256477487875,1.260298209703338,False
v9-low_high_low-closed_loop_dynamic-rep0,low_high_low,151.251037443,17.233434335999988,0,27,0,4,2165,2165,1.2245475113122173,-406,False,True,0.0,True,0,True,False,0.0,False,False,0.0,0,1.290663540561765,1.0300618310001701,1.2529961811210455,False
v9-low_high_low-closed_loop_dynamic-rep0,low_high_low,151.500738468,17.483135360999995,0,27,0,4,2173,2173,1.2290723981900453,-414,False,True,0.0,True,0,True,False,0.0,False,False,0.0,0,1.286257051885294,1.0344400729543557,1.243433124368191,False
v9-low_high_low-closed_loop_dynamic-rep0,low_high_low,151.751202979,17.733599871999985,0,27,0,4,2174,2174,1.2296380090497738,-415,False,True,0.0,True,0,True,False,0.0,False,False,0.0,0,1.282063754642308,1.038675135305317,1.2343260284799706,False
v9-low_high_low-closed_loop_dynamic-rep0,low_high_low,152.000874,17.983270892999997,0,27,0,4,2192,2192,1.239819004524887,-433,False,True,0.0,True,0,True,False,0.0,False,False,0.0,0,1.2779119854016963,1.0426997997132923,1.2255799663077325,False
v9-low_high_low-closed_loop_dynamic-rep0,low_high_low,152.2509264,18.233323292999984,0,27,0,4,2200,2200,1.244343891402715,-441,False,True,0.0,True,0,True,False,0.0,False,False,0.0,0,1.2742630306958143,1.0467164785368213,1.2173908186456324,False
v9-low_high_low-closed_loop_dynamic-rep0,low_high_low,152.501288925,18.483685817999998,0,27,0,4,2200,2200,1.244343891402715,-441,False,True,0.0,True,0,True,False,0.0,False,False,0.0,0,1.270836122830995,1.0519826476139709,1.2080390543640729,False
v9-low_high_low-closed_loop_dynamic-rep0,low_high_low,152.750469185,18.732866077999972,2,32,0,4,2538,2538,1.4355203619909502,-779,False,True,0.0,True,0,True,False,0.0,False,False,0.0,0,1.267425397552715,1.057000078188631,1.199077865466848,False
v9-low_high_low-closed_loop_dynamic-rep0,low_high_low,153.000224548,18.982621440999992,2,32,0,4,2538,2538,1.4355203619909502,-779,False,True,0.049951072600003955,True,0,True,False,0.0,False,False,0.09990214520000791,0,1.2730773442858605,1.062268551824265,1.1984515046591255,False
v9-low_high_low-closed_loop_dynamic-rep0,low_high_low,153.250745435,19.233142327999985,2,32,0,4,2538,2538,1.4355203619909502,-779,False,True,0.10005525000000262,True,0,True,False,0.0,False,False,0.20011050000000524,0,1.2786601823441184,1.0666757035013577,1.1987337652361658,False
v9-low_high_low-closed_loop_dynamic-rep0,low_high_low,153.500217377,19.48261427,2,32,0,4,2538,2538,1.4355203619909502,-779,False,True,0.14994963840000536,True,0,True,False,0.0,False,False,0.2998992768000107,0,1.2839939150407247,1.0711628159729074,1.1986916422920344,False
v9-low_high_low-closed_loop_dynamic-rep0,low_high_low,153.750174355,19.732571248,2,32,0,4,2538,2538,1.4355203619909502,-779,False,True,0.1999410340000054,True,0,True,False,0.0,False,False,0.3998820680000108,0,1.2917689457133494,1.0742171977545818,1.202521192560976,False
v9-low_high_low-closed_loop_dynamic-rep0,low_high_low,154.000498358,19.982895250999974,2,32,0,4,2538,2538,1.4355203619909502,-779,False,True,0.2500058346000003,True,0,True,False,0.0,False,False,0.5000116692000006,0,1.2992730023643668,1.0773040836906675,1.2060411002186775,False
v9-low_high_low-closed_loop_dynamic-rep0,low_high_low,154.250980382,20.23337727499998,2,32,0,4,2544,2544,1.4389140271493213,-785,False,True,0.30010223940000175,True,0,True,False,0.0,False,False,0.6002044788000035,0,1.3065273082045255,1.0804983946058824,1.2091894950765645,False
v9-low_high_low-closed_loop_dynamic-rep0,low_high_low,154.500178194,20.482575086999987,2,32,0,4,2552,2552,1.4434389140271493,-793,False,True,0.34994180180000284,True,0,True,False,0.0,False,False,0.6998836036000057,0,1.3139130352117654,1.0902943482231904,1.205099372800563,False
v9-low_high_low-closed_loop_dynamic-rep0,low_high_low,154.751064343,20.733461235999982,2,32,0,4,2562,2562,1.4490950226244343,-803,False,True,0.400119031600002,True,0,True,False,0.0,False,False,0.800238063200004,0,1.3237812275803174,1.0989262612617647,1.2046133341652776,False
v9-low_high_low-closed_loop_dynamic-rep0,low_high_low,155.000511307,20.982908199999997,2,32,0,4,2576,2576,1.4570135746606334,-817,False,True,0.450008424400005,True,0,True,False,0.0,False,False,0.90001684880001,0,1.3336010854391416,1.1076315088176476,1.2040115099855795,False
v9-low_high_low-closed_loop_dynamic-rep0,low_high_low,155.250278298,21.232675191,2,32,0,4,2584,2584,1.4615384615384615,-825,False,True,0.4999618226000052,True,0,True,False,0.0,False,False,0.9999236452000104,0,1.3438291002289606,1.116220913129469,1.203909624360435,False
v9-low_high_low-closed_loop_dynamic-rep0,low_high_low,155.500158859,21.482555751999996,2,32,0,4,2584,2584,1.4615384615384615,-825,False,True,0.5499379348000047,False,0,True,False,0.0,False,False,1.0998758696000095,0,1.3540059123794128,1.1247997040194009,1.2037751321777184,False
v9-low_high_low-closed_loop_dynamic-rep0,low_high_low,155.75121734,21.733614232999997,2,32,0,4,2607,2607,1.4745475113122173,-848,False,True,0.600149631000005,False,0,True,False,0.0,False,False,1.20029926200001,0,1.363946738166517,1.1335465915699103,1.2032560005120856,False
v9-low_high_low-closed_loop_dynamic-rep0,low_high_low,156.00100411,21.983401002999983,2,32,0,4,2616,2612,1.4796380090497738,-853,False,True,0.6501069850000022,False,0,True,False,0.0,False,False,1.3002139700000044,0,1.3742593374843897,1.1422356391371045,1.203131202001862,False
v9-low_high_low-closed_loop_dynamic-rep0,low_high_low,156.250768455,22.233165348,2,32,0,4,2616,2616,1.4796380090497738,-857,False,True,0.7000598540000056,False,0,True,False,0.0,False,False,1.4001197080000112,0,1.3845437516902726,1.1509095818876707,1.2029995870043984,False
v9-low_high_low-closed_loop_dynamic-rep0,low_high_low,156.500550223,22.48294711599999,2,32,0,4,2626,2626,1.4852941176470589,-867,False,True,0.7500162076000038,False,0,True,False,0.0,False,False,1.5000324152000075,0,1.397284495515159,1.1583563236123309,1.206264831496522,False
v9-low_high_low-closed_loop_dynamic-rep0,low_high_low,156.750355248,22.73275214099999,2,32,0,4,2640,2640,1.493212669683258,-881,False,True,0.7999772126000039,False,0,True,False,0.0,False,False,1.5999544252000077,0,1.4100857604795256,1.165774187940668,1.2095702367286347,False
v9-low_high_low-closed_loop_dynamic-rep0,low_high_low,157.000542508,22.98293940099998,2,32,0,4,2648,2648,1.497737556561086,-889,False,True,0.8500146646000019,False,0,True,False,0.0,False,False,1.7000293292000037,0,1.4232744608065613,1.173062002411765,1.213298579171749,False
v9-low_high_low-closed_loop_dynamic-rep0,low_high_low,157.250633239,23.233030131999982,2,32,0,4,2649,2649,1.4983031674208145,-890,False,True,0.900032810800002,False,0,True,False,0.0,False,False,1.800065621600004,0,1.4361757436337104,1.1805870558445704,1.2164928765937524,False
v9-low_high_low-closed_loop_dynamic-rep0,low_high_low,157.501146363,23.48354325599999,0,26,0,4,2786,2018,1.5757918552036199,-259,False,True,0.9501354356000036,False,0,True,False,0.0,False,False,1.9002708712000072,0,1.4489000352585981,1.1881107589675912,1.2194991286145913,False
v9-low_high_low-closed_loop_dynamic-rep0,low_high_low,157.750976881,23.733373774,0,26,0,4,2786,2018,1.5757918552036199,-259,False,True,0.9501354356000036,False,0,True,False,0.0,False,False,1.9000677927999958,0,1.4654417866500005,1.195524856187049,1.2257727466443582,False
v9-low_high_low-closed_loop_dynamic-rep0,low_high_low,158.000228553,23.982625445999986,0,26,0,4,2025,2020,1.1453619909502262,-261,False,True,0.9501354356000036,False,0,True,False,0.0,False,False,1.8003671240000017,0,1.4724343674934388,1.2076208932105779,1.2192852705444905,False
v9-low_high_low-closed_loop_dynamic-rep0,low_high_low,158.251050813,24.233447705999993,0,26,0,4,2034,2034,1.1504524886877827,-275,False,True,0.9501354356000036,False,0,True,False,0.0,False,False,1.700038219999999,0,1.457878731816968,1.2197648572413475,1.1952129323631646,False
v9-low_high_low-closed_loop_dynamic-rep0,low_high_low,158.500444503,24.482841395999998,0,26,0,4,2034,2034,1.1504524886877827,-275,False,True,0.9501354356000036,False,0,True,False,0.0,False,False,1.6002807439999969,0,1.443659906052262,1.2316844129434406,1.172102115510457,False
v9-low_high_low-closed_loop_dynamic-rep0,low_high_low,158.750455985,24.73285287799999,0,26,0,4,2046,2046,1.157239819004525,-287,False,True,0.9501354356000036,False,0,True,False,0.0,False,False,1.5002761512000007,0,1.42940585775724,1.2435203535877841,1.1494832823870893,False
v9-low_high_low-closed_loop_dynamic-rep0,low_high_low,159.00076074,24.98315763299999,0,26,0,4,2056,2056,1.16289592760181,-297,False,True,0.9501354356000036,False,0,True,False,0.0,False,False,1.4001542491999999,0,1.4154748691305428,1.2553415265722299,1.127561575211779,False
v9-low_high_low-closed_loop_dynamic-rep0,low_high_low,159.250328798,25.232725690999985,0,26,0,4,2060,2060,1.165158371040724,-301,False,True,0.9501354356000036,False,0,True,False,0.0,False,False,1.3003270260000022,0,1.4018671989997737,1.2669729790491526,1.1064696897102395,False
v9-low_high_low-closed_loop_dynamic-rep0,low_high_low,159.500975345,25.483372237999987,0,26,0,4,2070,2070,1.170814479638009,-311,False,True,0.9501354356000036,False,0,True,False,0.0,False,False,1.2000684072000012,0,1.3881437378626695,1.27862681449689,1.0856519839284553,False
v9-low_high_low-closed_loop_dynamic-rep0,low_high_low,159.750378526,25.732775418999978,0,26,0,4,2078,2078,1.1753393665158371,-319,False,True,0.9501354356000036,False,0,True,False,0.0,False,False,1.1003071348000049,0,1.3745450576316744,1.290307008720193,1.0652852757848954,False
v9-low_high_low-closed_loop_dynamic-rep0,low_high_low,160.000691093,25.983087985999987,0,26,0,4,2086,2086,1.1798642533936652,-327,False,True,0.9501354356000036,False,0,True,False,0.0,False,False,1.0001821080000013,0,1.3608406525115382,1.3020155412345031,1.0451800377292426,False
v9-low_high_low-closed_loop_dynamic-rep0,low_high_low,160.251095126,26.233492018999982,2,32,0,4,2470,2470,1.3970588235294117,-711,False,True,0.9501354356000036,False,0,True,False,0.0,False,False,0.9000204948000032,0,1.3469600517429865,1.3138137873920823,1.0252290428590336,False
v9-low_high_low-closed_loop_dynamic-rep0,low_high_low,160.501015847,26.483412739999977,2,32,0,4,2470,2470,1.3970588235294117,-711,False,True,1.0001195798000027,False,0,True,False,0.0,False,False,0.9000204948000032,0,1.3437370922187784,1.325674690782014,1.0136250631941304,False
v9-low_high_low-closed_loop_dynamic-rep0,low_high_low,160.750810638,26.733207530999977,2,32,0,4,2470,2470,1.3970588235294117,-711,False,True,1.0500785380000024,False,0,True,False,0.0,False,False,0.9000204948000032,0,1.3405157566787331,1.3293905295847854,1.0083686673301506,False
v9-low_high_low-closed_loop_dynamic-rep0,low_high_low,161.000698927,26.98309581999999,2,32,0,4,2470,2470,1.3970588235294117,-711,False,True,1.1000561958000048,False,0,True,False,0.0,False,False,0.9000204948000032,0,1.3366441117186652,1.3334323110614827,1.002408671689248,False
v9-low_high_low-closed_loop_dynamic-rep0,low_high_low,161.250460093,27.232856985999973,2,32,0,4,2470,2470,1.3970588235294117,-711,False,True,1.1500084290000019,False,0,True,False,0.0,False,False,0.9000204948000032,0,1.3325194076927604,1.3375995507290726,0.9962020448993549,False
v9-low_high_low-closed_loop_dynamic-rep0,low_high_low,161.500607082,27.483003974999974,2,32,0,4,2470,2470,1.3970588235294117,-711,False,True,1.200037826800002,False,0,True,False,0.0,False,False,0.9000204948000032,0,1.3283879564502266,1.3417734155675909,0.9900240540153331,False
v9-low_high_low-closed_loop_dynamic-rep0,low_high_low,161.751230735,27.733627627999994,2,32,0,4,2476,2476,1.4004524886877827,-717,False,True,1.250162557400006,False,0,True,False,0.0,False,False,0.9000204948000032,0,1.3239637995852942,1.3460976503516973,0.9835570244397795,False
v9-low_high_low-closed_loop_dynamic-rep0,low_high_low,162.000893665,27.983290557999993,2,32,0,4,2488,2488,1.407239819004525,-729,False,True,1.3000951434000059,False,0,True,False,0.0,False,False,0.9000204948000032,0,1.3193317260812218,1.3506024741031677,0.9768468156829712,False
v9-low_high_low-closed_loop_dynamic-rep0,low_high_low,162.250615705,28.233012597999988,2,32,0,4,2494,2494,1.410633484162896,-735,False,True,1.3500395514000048,False,0,True,False,0.0,False,False,0.9000204948000032,0,1.31481187015362,1.3552212018791856,0.9701824826312244,False
v9-low_high_low-closed_loop_dynamic-rep0,low_high_low,162.500552004,28.482948897,2,32,0,4,2502,2502,1.415158371040724,-743,False,True,1.4000268112000072,False,0,True,False,0.0,False,False,0.9000204948000032,0,1.3104295049035064,1.3598580281539596,0.9636517031726072,False
v9-low_high_low-closed_loop_dynamic-rep0,low_high_low,162.751216292,28.733613184999996,2,32,0,4,2520,2520,1.4253393665158371,-761,False,True,1.4500102474000016,False,0,True,False,0.0,False,False,1.0000484664000056,0,1.3023857005359725,1.3664460882466634,0.9531189790349585,False
v9-low_high_low-closed_loop_dynamic-rep0,low_high_low,163.001119351,28.983516243999986,2,32,0,4,2526,2526,1.4287330316742082,-767,False,True,1.4500102474000016,False,0,True,False,0.0,False,False,1.1000096900000016,0,1.2949426783169682,1.3727400212272627,0.9433269652612432,False
v9-low_high_low-closed_loop_dynamic-rep0,low_high_low,163.250453107,29.232849999999985,2,32,0,4,2534,2534,1.4332579185520362,-775,False,True,1.4500102474000016,False,0,True,False,0.0,False,False,1.199743192400001,0,1.309073471502036,1.368283603416403,0.9567267109197771,False
v9-low_high_low-closed_loop_dynamic-rep0,low_high_low,163.501101429,29.483498321999974,2,32,0,4,2541,2541,1.4372171945701357,-782,False,True,1.4500102474000016,False,0,True,False,0.0,False,False,1.3000025211999968,0,1.3232510213158366,1.3638215622734167,0.9702523100676373,False
v9-low_high_low-closed_loop_dynamic-rep0,low_high_low,163.750441109,29.732838001999994,2,32,0,4,2558,2558,1.4468325791855203,-799,False,True,1.4500102474000016,False,0,True,False,0.0,False,False,1.3997383932000047,0,1.3375513853158378,1.3605918240946837,0.9830658700347721,False
v9-low_high_low-closed_loop_dynamic-rep0,low_high_low,164.000775401,29.983172293999985,2,32,0,4,2566,2566,1.4513574660633484,-807,False,True,1.4500102474000016,False,0,True,False,0.0,False,False,1.4998721100000012,0,1.3520503886423076,1.3573776885638014,0.9960753002157193,False
v9-low_high_low-closed_loop_dynamic-rep0,low_high_low,164.250516122,30.23291301499998,2,32,0,4,2572,2572,1.4547511312217194,-813,False,True,1.4500102474000016,False,0,True,False,0.0,False,False,1.599768398399999,0,1.3664584223995473,1.3541854667564484,1.0090629798830253,False
v9-low_high_low-closed_loop_dynamic-rep0,low_high_low,164.500978748,30.48337564099998,2,32,0,4,2589,2589,1.464366515837104,-830,False,True,1.4500102474000016,False,0,True,False,0.0,False,False,1.6999534487999994,0,1.380964851187104,1.3510405194181,1.0221491001483007,False
v9-low_high_low-closed_loop_dynamic-rep0,low_high_low,164.750198814,30.732595706999973,2,32,0,4,2598,2598,1.4694570135746607,-839,False,True,1.4500102474000016,False,0,True,False,0.0,False,False,1.7996414751999965,0,1.395596662754298,1.349151112681901,1.0344257582681533,False
v9-low_high_low-closed_loop_dynamic-rep0,low_high_low,165.000117029,30.98251392199998,2,32,0,4,2598,2598,1.4694570135746607,-839,False,True,1.4500102474000016,False,0,True,False,0.0,False,False,1.8996087611999997,0,1.410297896860181,1.3472289659909507,1.0468138174440453,False
v9-low_high_low-closed_loop_dynamic-rep0,low_high_low,165.250496636,31.232893528999995,2,32,0,4,2616,2616,1.4796380090497738,-857,False,True,1.4500102474000016,False,0,True,False,0.0,False,False,1.999760604000005,0,1.4248000406719465,1.3454160031963804,1.0590033397008576,False
v9-low_high_low-closed_loop_dynamic-rep0,low_high_low,165.500331181,31.482728073999994,0,30,0,4,2750,2366,1.5554298642533937,-607,False,True,1.4500102474000016,False,0,True,False,0.0,False,False,2.0,0,1.428952265075792,1.3488794258196835,1.0593624883910213,False
v9-low_high_low-closed_loop_dynamic-rep0,low_high_low,165.750836398,31.733233290999976,0,30,0,4,2750,2366,1.5554298642533937,-607,False,True,1.399909204000005,False,0,True,False,0.0,False,False,1.899797913200007,0,1.436886819460407,1.3522237124223984,1.062610281316796,False
v9-low_high_low-closed_loop_dynamic-rep0,low_high_low,166.000876638,31.98327353099998,0,30,0,4,2750,2366,1.5554298642533937,-607,False,True,1.3499011560000043,False,0,True,False,0.0,False,False,1.7997818172000053,0,1.4448066460667417,1.3554477880083713,1.065925710196237,False
v9-low_high_low-closed_loop_dynamic-rep0,low_high_low,166.250918399,32.233315291999986,0,30,0,4,2372,2372,1.341628959276018,-613,False,True,1.299892803800003,False,0,True,False,0.0,False,False,1.6997651128000029,0,1.4527265208495475,1.3585308821202493,1.0693363985824802,False
v9-low_high_low-closed_loop_dynamic-rep0,low_high_low,166.500992724,32.483389617,0,30,0,4,2379,2379,1.3455882352941178,-620,False,True,1.2498779388000003,False,0,True,False,0.0,False,False,1.5997353827999974,0,1.4499542036719455,1.3628442462746047,1.0639177643633597,False
v9-low_high_low-closed_loop_dynamic-rep0,low_high_low,166.750835913,32.73323280599999,0,30,0,4,2396,2396,1.3552036199095023,-637,False,True,1.1999093010000024,False,0,True,False,0.0,False,False,1.4997981072000015,0,1.4473822884910632,1.367041272696154,1.0587700001452451,False
v9-low_high_low-closed_loop_dynamic-rep0,low_high_low,167.001103217,32.983500109999994,0,30,0,4,2402,2402,1.3585972850678734,-643,False,True,1.1498558402000014,False,0,True,False,0.0,False,False,1.3996911855999996,0,1.4451174095304296,1.3713159962628962,1.053817948210811,False
v9-low_high_low-closed_loop_dynamic-rep0,low_high_low,167.250554556,33.232951448999984,0,30,0,4,2408,2408,1.3619909502262444,-649,False,True,1.0999655724000035,False,0,True,False,0.0,False,False,1.299910650000004,0,1.4426906204858596,1.3754923308977376,1.0488539907338226,False
v9-low_high_low-closed_loop_dynamic-rep0,low_high_low,167.501265364,33.48366225699999,0,30,0,4,2420,2420,1.3687782805429864,-661,False,True,1.0498472110000023,False,0,True,False,0.0,False,False,1.1996263268000007,0,1.44025097461776,1.3796618610046383,1.0439159154323525,False
v9-low_high_low-closed_loop_dynamic-rep0,low_high_low,167.751264493,33.733661385999994,6,32,0,4,2521,2521,1.4259049773755657,-762,False,True,1.0498472110000023,False,0,True,False,0.0,False,False,1.0996266751999997,0,1.4379318800254526,1.3839170527734164,1.0390303935801561,False
v9-low_high_low-closed_loop_dynamic-rep0,low_high_low,168.00096291,33.983359802999985,6,32,0,4,2521,2521,1.4259049773755657,-762,False,True,1.1996662611999966,False,0,True,False,0.0,False,False,1.299385408799992,0,1.4379601264527149,1.3836628349280544,1.0392417069780469,False
v9-low_high_low-closed_loop_dynamic-rep0,low_high_low,168.251127702,34.23352459499998,6,32,0,4,2521,2521,1.4259049773755657,-762,False,True,1.349765136399992,False,0,True,False,0.0,False,False,1.499517242399986,0,1.4378181262180996,1.3834932919761316,1.0392664240275227,False
v9-low_high_low-closed_loop_dynamic-rep0,low_high_low,168.500308171,34.48270506399999,6,32,0,4,2526,2526,1.4287330316742082,-767,False,True,1.4992734177999978,False,0,True,False,0.0,False,False,1.6988616175999938,0,1.4374516843519227,1.383436916304412,1.039043896697365,False
v9-low_high_low-closed_loop_dynamic-rep0,low_high_low,168.75102793,34.73342482299998,2,32,0,4,2782,2398,1.5735294117647058,-639,False,True,1.6497052731999928,False,0,True,False,0.0,False,False,1.8994374247999872,0,1.4370257545401581,1.3834797094281677,1.0387038890032747,False
v9-low_high_low-closed_loop_dynamic-rep0,low_high_low,169.000604064,34.98300095699997,2,32,0,4,2782,2398,1.5735294117647058,-639,False,True,1.6996204999999918,False,0,True,False,0.0,False,False,1.8994374247999872,0,1.4433498556731899,1.3837620353716065,1.0430621875571122,False
v9-low_high_low-closed_loop_dynamic-rep0,low_high_low,169.251035127,35.23343201999998,2,32,0,4,2782,2398,1.5735294117647058,-639,False,True,1.7497067125999934,False,0,True,False,0.0,False,False,1.8994374247999872,0,1.4494687885096154,1.38415872567862,1.0471839404104288,False
v9-low_high_low-closed_loop_dynamic-rep0,low_high_low,169.500405071,35.482801963999975,2,32,0,4,2782,2398,1.5735294117647058,-639,False,True,1.7995807013999923,False,0,True,False,0.0,False,False,1.8994374247999872,0,1.4553927351430993,1.38455355279491,1.051163916487875,False
v9-low_high_low-closed_loop_dynamic-rep0,low_high_low,169.751000309,35.73339720199999,2,32,0,4,2402,2402,1.3585972850678734,-643,False,True,1.8496997489999956,False,0,True,False,0.0,False,False,1.8994374247999872,0,1.4608641627435521,1.3850778449188916,1.0547162876820821,False
v9-low_high_low-closed_loop_dynamic-rep0,low_high_low,170.000711673,35.983108566,2,32,0,4,2408,2408,1.3619909502262444,-649,False,True,1.899642021799997,False,0,True,False,0.0,False,False,1.8994374247999872,0,1.455327575939932,1.3855861845297515,1.0503334921990795,False
v9-low_high_low-closed_loop_dynamic-rep0,low_high_low,170.250389075,36.23278596799997,2,32,0,4,2425,2425,1.371606334841629,-666,False,True,1.949577502199992,False,0,True,False,0.0,False,False,1.8994374247999872,0,1.4499612064399328,1.385896818954412,1.04622594309283,False
v9-low_high_low-closed_loop_dynamic-rep0,low_high_low,170.500263874,36.482660767,2,32,0,4,2434,2434,1.3766968325791855,-675,False,True,1.9497187123999935,False,0,True,False,0.0,False,False,1.8994374247999872,0,1.4445625468798644,1.3863489715262447,1.0419905640998397,False
v9-low_high_low-closed_loop_dynamic-rep0,low_high_low,170.750484543,36.732881435999985,2,32,0,4,2440,2440,1.3800904977375565,-681,False,True,1.9497187123999935,False,0,True,False,0.0,False,False,1.999498769599984,0,1.4356190273927607,1.3886978183540724,1.0337879187383623,False
v9-low_high_low-closed_loop_dynamic-rep0,low_high_low,171.000626657,36.983023549999984,2,32,0,4,2452,2452,1.3868778280542986,-693,False,True,1.9497187123999935,False,0,True,False,0.0,False,False,2.0995556151999835,0,1.4268470754312224,1.3907219799283372,1.0259757852570552,False
v9-low_high_low-closed_loop_dynamic-rep0,low_high_low,171.250404944,37.23280183699998,2,32,0,4,2466,2466,1.3947963800904977,-707,False,True,1.9497187123999935,False,0,True,False,0.0,False,False,2.199466929999983,0,1.418426947656788,1.3926152880468328,1.0185346662725183,False
v9-low_high_low-closed_loop_dynamic-rep0,low_high_low,171.50074598,37.48314287299999,2,32,0,4,2466,2466,1.3947963800904977,-707,False,True,1.9497187123999935,False,0,True,False,0.0,False,False,2.299603344399986,0,1.4210669896696837,1.3891712221891404,1.0229602852197586,False
v9-low_high_low-closed_loop_dynamic-rep0,low_high_low,171.751161144,37.733558036999995,2,32,0,4,2482,2482,1.4038461538461537,-723,False,True,1.9497187123999935,False,0,True,False,0.0,False,False,2.399769409999988,0,1.4235310527408376,1.3856723519214367,1.0273215387222703,False
v9-low_high_low-closed_loop_dynamic-rep0,low_high_low,172.000675279,37.98307217199999,2,32,0,4,2492,2492,1.409502262443439,-733,False,True,1.9497187123999935,False,0,True,False,0.0,False,False,2.4995750639999867,0,1.4259584526967197,1.3822287709764138,1.031637079648845,False
v9-low_high_low-closed_loop_dynamic-rep0,low_high_low,172.250515228,38.232912121,2,32,0,4,2498,2498,1.41289592760181,-739,False,True,1.9497187123999935,False,0,True,False,0.0,False,False,2.599511043599989,0,1.4285023625426476,1.3787523459152147,1.0360833595495418,False
v9-low_high_low-closed_loop_dynamic-rep0,low_high_low,172.500366995,38.482763887999994,1,32,0,4,2568,2472,1.4524886877828054,-713,False,True,1.9497187123999935,False,0,True,False,0.0,False,False,2.6994517503999873,0,1.4310461289451362,1.3753465544104635,1.0404985742364754,False
v9-low_high_low-closed_loop_dynamic-rep0,low_high_low,172.751123323,38.73352021599999,1,32,0,4,2473,2473,1.3987556561085972,-714,False,True,1.9246430795999943,False,0,True,False,0.0,False,False,2.7496030159999862,0,1.4352455313175339,1.3701609874953053,1.0475013844476808,False
v9-low_high_low-closed_loop_dynamic-rep0,low_high_low,173.000994476,38.983391368999975,1,32,0,4,2484,2484,1.4049773755656108,-725,False,True,1.8996559642999955,False,0,True,False,0.0,False,False,2.499901267000007,0,1.4338903777910637,1.366447907952771,1.0493560489542084,False
v9-low_high_low-closed_loop_dynamic-rep0,low_high_low,173.250251961,39.23264885399999,1,32,0,4,2498,2498,1.41289592760181,-739,False,True,1.8747302157999939,False,0,True,False,0.0,False,False,2.2506437819999916,0,1.4328471055122174,1.3734406518758484,1.0432537463888458,False
v9-low_high_low-closed_loop_dynamic-rep0,low_high_low,173.50095101,39.48334790299998,1,32,0,4,2498,2498,1.41289592760181,-739,False,True,1.849660310899995,False,0,True,False,0.0,False,False,1.9999447330000009,0,1.4321944706341632,1.3803468080255086,1.037561330462175,False
v9-low_high_low-closed_loop_dynamic-rep0,low_high_low,173.750218166,39.73261505899998,1,32,0,4,2516,2516,1.4230769230769231,-757,False,True,1.8247335952999948,False,0,True,False,0.0,False,False,1.750677576999999,0,1.4314049366558828,1.387283427977545,1.0318042497939015,False
v9-low_high_low-closed_loop_dynamic-rep0,low_high_low,174.000761501,39.983158393999986,1,32,0,4,2524,2524,1.4276018099547512,-765,False,True,1.7996792617999944,False,0,True,False,0.0,False,False,1.6999210988000015,0,1.4238894131800908,1.3977017221627264,1.0187362515207057,False
v9-low_high_low-closed_loop_dynamic-rep0,low_high_low,174.25065956,40.23305645299999,1,32,0,4,2530,2530,1.4309954751131222,-771,False,True,1.7746894558999942,False,0,True,False,0.0,False,False,1.6499414870000009,0,1.416596008290724,1.4079632983949661,1.0061313458281185,False
v9-low_high_low-closed_loop_dynamic-rep0,low_high_low,174.500584194,40.482981086999985,1,32,0,4,2537,2537,1.4349547511312217,-778,False,True,1.7496969924999946,False,0,True,False,0.0,False,False,1.5999565602000019,0,1.4094714599006792,1.41816949668388,0.9938667156475023,False
v9-low_high_low-closed_loop_dynamic-rep0,low_high_low,174.750407372,40.732804265,1,32,0,4,2553,2553,1.4440045248868778,-794,False,True,1.724714674699993,False,0,True,False,0.0,False,False,1.5499919245999991,0,1.4025476274787327,1.42823045728784,0.9820177271265605,False
v9-low_high_low-closed_loop_dynamic-rep0,low_high_low,175.00100629,40.98340318299998,1,32,0,4,2562,2562,1.4490950226244343,-803,False,True,1.699654782899995,False,0,True,False,0.0,False,False,1.499872141000003,0,1.4068025316479635,1.4328355823793553,0.9818310969859072,False
v9-low_high_low-closed_loop_dynamic-rep0,low_high_low,175.250962702,41.233359594999996,7,32,0,4,2568,2568,1.4524886877828054,-809,False,True,1.6746591416999934,False,0,True,False,0.0,False,False,1.4498808585999996,0,1.4111558728005655,1.4373885075107469,0.9817497951506439,False
v9-low_high_low-closed_loop_dynamic-rep0,low_high_low,175.500709565,41.48310645799998,7,32,0,4,2580,2580,1.4592760180995474,-821,False,True,1.799608249999983,False,0,True,False,0.0,False,False,1.699627721599984,0,1.4151954418265835,1.4367559426464933,0.9849936233566603,False
v9-low_high_low-closed_loop_dynamic-rep0,low_high_low,175.750610938,41.73300783099998,7,32,0,4,2590,2590,1.4649321266968325,-831,False,True,1.974539211099983,False,0,True,False,0.0,False,False,1.9495290945999841,0,1.4193226864066741,1.4362471365911764,0.9882161991809633,False
v9-low_high_low-closed_loop_dynamic-rep0,low_high_low,176.000137393,41.982534285999975,7,32,0,4,2594,2594,1.4671945701357465,-835,False,True,2.149207729599979,False,0,True,False,0.0,False,False,2.1990555495999784,0,1.4235567325888006,1.4358237319729639,0.9914564726080218,False
v9-low_high_low-closed_loop_dynamic-rep0,low_high_low,176.251213452,42.23361034499999,7,32,0,4,2610,2610,1.4762443438914028,-851,False,True,2.3249609708999883,False,0,True,False,0.0,False,False,2.4501316085999916,0,1.4275892385202487,1.435568419692534,0.9944417966689499,False
v9-low_high_low-closed_loop_dynamic-rep0,low_high_low,176.500971339,42.483368231999975,7,32,0,4,2620,2620,1.4819004524886878,-861,False,True,2.4997914917999795,False,0,True,False,0.0,False,False,2.6998894955999786,0,1.431657692788122,1.435511913383258,0.9973150897883862,False
v9-low_high_low-closed_loop_dynamic-rep0,low_high_low,176.750770938,42.733167830999975,7,32,0,4,2626,2626,1.4852941176470589,-867,False,True,2.6746512110999787,False,0,True,False,0.0,False,False,2.949689094599978,0,1.436009405259389,1.4354553976368778,1.0003859455497004,False
v9-low_high_low-closed_loop_dynamic-rep0,low_high_low,177.000541747,42.982938639999986,7,32,0,4,2632,2632,1.48868778280543,-873,False,True,2.849490777399987,False,0,True,False,0.0,False,False,3.1994599035999896,0,1.4400787762765836,1.43553996439819,1.003161745399611,False
v9-low_high_low-closed_loop_dynamic-rep0,low_high_low,177.25042786,43.23282475299999,7,32,0,4,2644,2644,1.495475113122172,-885,False,True,3.0244110564999884,False,0,True,False,0.0,False,False,3.449346016599992,0,1.4440363997087107,1.435596663049095,1.005878905180575,False
v9-low_high_low-closed_loop_dynamic-rep0,low_high_low,177.500910793,43.48330768599999,7,32,0,4,2658,2658,1.503393665158371,-899,False,True,3.1997491095999893,False,0,True,False,0.0,False,False,3.699937709199992,0,1.4481690882342761,1.4356553581928735,1.008716388630454,False
v9-low_high_low-closed_loop_dynamic-rep0,low_high_low,177.751079977,43.733476869999976,7,32,0,4,2658,2658,1.503393665158371,-899,False,True,3.3748675383999798,False,0,True,False,0.0,False,False,4.000140729999975,0,1.4507160595645927,1.4365892476806563,1.0098335776261333,False
v9-low_high_low-closed_loop_dynamic-rep0,low_high_low,178.000815531,43.98321242399999,7,32,0,4,2676,2676,1.5135746606334841,-917,False,True,3.399951803399992,False,0,True,False,0.0,False,False,4.299823394799989,0,1.455941959974095,1.4359257296095025,1.0139396000446597,False
v9-low_high_low-closed_loop_dynamic-rep0,low_high_low,178.250229874,44.232626767,7,32,0,4,2684,2684,1.5180995475113122,-925,False,True,3.424893237699993,False,0,True,False,0.0,False,False,4.599120606400004,0,1.4613593267445704,1.4353332212451926,1.0181324483500769,False
v9-low_high_low-closed_loop_dynamic-rep0,low_high_low,178.50020711,44.48260400299998,7,32,0,4,2690,2690,1.5214932126696832,-931,False,True,3.449890961299991,False,0,True,False,0.0,False,False,4.8990932895999775,0,1.466619063748416,1.4348243013441746,1.0221593420005888,False
v9-low_high_low-closed_loop_dynamic-rep0,low_high_low,178.751271304,44.733668196999986,7,32,0,4,2697,2697,1.5254524886877827,-938,False,True,3.4750947302999946,False,0,True,False,0.0,False,False,5.200370322399988,0,1.4720698973190045,1.4342143094358035,1.026394652203751,False
v9-low_high_low-closed_loop_dynamic-rep0,low_high_low,179.000148974,44.982545867,7,32,0,4,2713,2713,1.534502262443439,-954,False,True,3.599533565300001,False,0,True,False,0.0,False,False,5.499023526400004,0,1.477165695765837,1.4336230842016406,1.0303724263678724,False
v9-low_high_low-closed_loop_dynamic-rep0,low_high_low,179.250974103,45.23337099599999,7,32,0,4,2722,2722,1.5395927601809956,-963,False,True,3.724946129799997,False,0,True,False,0.0,False,False,5.800013681199994,0,1.4825287005553167,1.4330271902623875,1.0345433154578634,False
v9-low_high_low-closed_loop_dynamic-rep0,low_high_low,179.500514571,45.48291146399998,7,32,0,4,2722,2722,1.5395927601809956,-963,False,True,3.849716363799993,False,0,True,False,0.0,False,False,6.0994622427999845,0,1.4879485840231896,1.4324343905080887,1.038755138722556,False
v9-low_high_low-closed_loop_dynamic-rep0,low_high_low,179.750434026,45.73283091899998,7,32,0,4,2740,2740,1.5497737556561086,-981,False,True,3.9746760912999917,False,0,True,False,0.0,False,False,6.399365588799981,0,1.4931788057507915,1.4316996564325233,1.0429413732426678,False
v9-low_high_low-closed_loop_dynamic-rep0,low_high_low,180.001017382,45.98341427499997,7,32,0,4,2750,2750,1.5554298642533937,-991,False,True,4.0999677692999885,False,0,True,False,0.0,False,False,6.700065615999972,0,1.4984795962195698,1.4310618650755098,1.0471102841808329,False
v9-low_high_low-closed_loop_dynamic-rep0,low_high_low,180.250912179,46.233309072,7,32,0,4,2754,2754,1.5576923076923077,-995,False,True,4.224915167800001,False,0,True,False,0.0,False,False,6.999939372400002,0,1.5037941009521494,1.4305526064518674,1.0511980434483563,False
v9-low_high_low-closed_loop_dynamic-rep0,low_high_low,180.500499885,46.482896778,0,30,0,4,3209,2345,1.8150452488687783,-586,False,True,4.349709020800001,False,0,True,False,0.0,False,False,7.0,0,1.5090456412750002,1.4298736969856907,1.0553698864845276,False
v9-low_high_low-closed_loop_dynamic-rep0,low_high_low,180.750534193,46.73293108599998,0,30,0,4,3209,2345,1.8150452488687783,-586,False,True,4.299702159200004,False,0,True,False,0.0,False,False,6.649951968800025,0,1.5268368285930984,1.4274693786304873,1.0696109152673694,False
v9-low_high_low-closed_loop_dynamic-rep0,low_high_low,181.000878424,46.98327531699999,0,30,0,4,3209,2345,1.8150452488687783,-586,False,True,4.249633313000001,False,0,True,False,0.0,False,False,6.299470045400005,0,1.5443663401671945,1.4252039442251705,1.0836107677254627,False
v9-low_high_low-closed_loop_dynamic-rep0,low_high_low,181.251188267,47.23358515999999,0,30,0,4,3209,2345,1.8150452488687783,-586,False,True,4.199571344400002,False,0,True,False,0.0,False,False,5.94903626520001,0,1.5617804299234161,1.4230010977656682,1.0975258082201433,False
v9-low_high_low-closed_loop_dynamic-rep0,low_high_low,181.5001506,47.482547493,0,30,0,4,3209,2345,1.8150452488687783,-586,False,True,4.1497788778,False,0,True,False,0.0,False,False,5.600488998999998,0,1.5786502082522627,1.426352490994967,1.106774249856751,False
v9-low_high_low-closed_loop_dynamic-rep0,low_high_low,181.750971873,47.733368765999984,0,30,0,4,3209,2345,1.8150452488687783,-586,False,True,4.099614623200003,False,0,True,False,0.0,False,False,5.249339216800019,0,1.5953629606930988,1.4297712980402721,1.1158168882532447,False
v9-low_high_low-closed_loop_dynamic-rep0,low_high_low,182.000371862,47.982768754999995,0,30,0,4,3209,2345,1.8150452488687783,-586,False,True,4.049734625400001,False,0,True,False,0.0,False,False,4.900179232200003,0,1.6118109463929862,1.4330157549107472,1.1247684757613672,False
v9-low_high_low-closed_loop_dynamic-rep0,low_high_low,182.250928261,48.233325154,0,30,0,4,3209,2345,1.8150452488687783,-586,False,True,3.9996233456,False,0,True,False,0.0,False,False,4.549400273599997,0,1.6281645727188916,1.436275658936313,1.133601730690534,False
v9-low_high_low-closed_loop_dynamic-rep0,low_high_low,182.501058161,48.48345505399999,0,30,0,4,2359,2359,1.3342760180995474,-600,False,True,3.9496664822000014,False,0,True,False,0.0,False,False,4.19921841360001,0,1.6441511485501128,1.4396146136621046,1.1420772843974585,False
v9-low_high_low-closed_loop_dynamic-rep0,low_high_low,182.750506976,48.73290386899998,0,30,0,4,2368,2368,1.339366515837104,-609,False,True,3.924721600700002,False,0,True,False,0.0,False,False,3.8499900726000194,0,1.6357139092192305,1.4429727191149326,1.133572303586251,False
v9-low_high_low-closed_loop_dynamic-rep0,low_high_low,183.000410433,48.982807326,0,30,0,4,2374,2374,1.342760180995475,-615,False,True,3.8997312550000003,False,0,True,False,0.0,False,False,3.5001252327999963,0,1.6275157188877825,1.444913515654865,1.1263758704272058,False
v9-low_high_low-closed_loop_dynamic-rep0,low_high_low,183.250484122,49.232881014999975,0,30,0,4,2384,2384,1.3484162895927603,-625,False,True,3.8747238861000026,False,0,True,False,0.0,False,False,3.1500220682000304,0,1.6189730722477378,1.447105606379695,1.1187663603197648,False
v9-low_high_low-closed_loop_dynamic-rep0,low_high_low,183.500270018,49.482666910999995,0,30,0,4,2398,2394,1.3563348416289593,-635,False,True,3.849745296500001,False,0,True,False,0.0,False,False,2.8003218138000023,0,1.6104961326269227,1.4494085180593332,1.111140242768323,False
v9-low_high_low-closed_loop_dynamic-rep0,low_high_low,183.751079867,49.733476759999974,0,30,0,4,2398,2398,1.3563348416289593,-639,False,True,3.824664311600003,False,0,True,False,0.0,False,False,2.4491880252000326,0,1.6022114634065612,1.4517342935191184,1.103653382412476,False
v9-low_high_low-closed_loop_dynamic-rep0,low_high_low,184.000344592,49.98274148499999,0,30,0,4,2412,2412,1.3642533936651584,-653,False,True,3.7997378391000014,False,0,True,False,0.0,False,False,2.1002174102000084,0,1.593780248179864,1.4505360066528286,1.0987526272150785,False
v9-low_high_low-closed_loop_dynamic-rep0,low_high_low,184.250368406,50.23276529899999,0,30,0,4,2422,2422,1.3699095022624435,-663,False,True,3.774735457700001,False,0,True,False,0.0,False,False,1.7501840706000054,0,1.5852669938796375,1.4495602349805432,1.093619261638283,False
v9-low_high_low-closed_loop_dynamic-rep0,low_high_low,184.501214931,50.48361182399998,0,30,0,4,2428,2428,1.3733031674208145,-669,False,True,3.7496508052000026,False,0,True,False,0.0,False,False,1.3989989356000252,0,1.5767547194195701,1.4487086375386318,1.0883863591084055,False
v9-low_high_low-closed_loop_dynamic-rep0,low_high_low,184.750673398,50.73307029099999,0,30,0,4,2434,2434,1.3766968325791855,-675,False,True,3.724704958500001,False,0,True,False,0.0,False,False,1.04975708180001,0,1.5684577626329181,1.447862302735238,1.0832920780310784,False
v9-low_high_low-closed_loop_dynamic-rep0,low_high_low,185.000317913,50.98271480599999,0,30,0,4,2444,2444,1.3823529411764706,-685,False,True,3.6997405070000013,False,0,True,False,0.0,False,False,0.70025476080001,0,1.5598162217290719,1.452627892095532,1.073789254782181,False
v9-low_high_low-closed_loop_dynamic-rep0,low_high_low,185.250169998,51.232566890999976,2,32,0,4,2577,2577,1.457579185520362,-818,False,True,3.6747552985000027,False,0,True,False,0.0,False,False,0.3504618418000291,0,1.5511682869643668,1.4574607416962102,1.0642950733335697,False
v9-low_high_low-closed_loop_dynamic-rep0,low_high_low,185.501088052,51.48348494499999,2,32,0,4,2577,2577,1.457579185520362,-818,False,True,3.5497718939000094,False,0,True,False,0.0,False,False,0.10036722160000408,0,1.5461143115323532,1.462144734554468,1.057429045834831,False
v9-low_high_low-closed_loop_dynamic-rep0,low_high_low,185.750685829,51.73308272199998,2,32,0,4,2582,2582,1.4604072398190044,-823,False,True,3.424973005400014,False,0,True,False,0.0,False,False,0.20020633240000052,0,1.5282697645794125,1.4730857452704744,1.0374615119901291,False
v9-low_high_low-closed_loop_dynamic-rep0,low_high_low,186.001268622,51.983665514999984,2,32,0,4,2588,2588,1.4638009049773755,-829,False,True,3.2996816089000105,False,0,True,False,0.0,False,False,0.3004394496000032,0,1.510496528017082,1.4839845271843322,1.0178654159440954,False
v9-low_high_low-closed_loop_dynamic-rep0,low_high_low,186.250784534,52.23318142699998,2,32,0,4,2595,2595,1.467760180995475,-836,False,True,3.174923652900014,False,0,True,False,0.0,False,False,0.4002458144000002,0,1.4929683174569015,1.4946676850533365,0.9988630465397569,False
v9-low_high_low-closed_loop_dynamic-rep0,low_high_low,186.500948417,52.483345309999976,2,32,0,4,2609,2609,1.4756787330316743,-850,False,True,3.0498417114000147,False,0,True,False,0.0,False,False,0.5003113675999998,0,1.4755926812394808,1.5051807939373296,0.980342485888057,False
v9-low_high_low-closed_loop_dynamic-rep0,low_high_low,186.750613518,52.73301041099998,2,32,0,4,2620,2620,1.4819004524886878,-861,False,True,2.925009160900012,False,0,True,False,0.0,False,False,0.6001774080000019,0,1.4586470861489826,1.5156729415641963,0.9623758834433225,False
v9-low_high_low-closed_loop_dynamic-rep0,low_high_low,187.000404105,52.98280099799999,2,32,0,4,2620,2620,1.4819004524886878,-861,False,True,2.800113867400009,False,0,True,False,0.0,False,False,0.7000936428000045,0,1.4420037993002264,1.5259448034852938,0.9449907991472928,False
v9-low_high_low-closed_loop_dynamic-rep0,low_high_low,187.250533944,53.232930837,2,32,0,4,2636,2636,1.490950226244344,-877,False,True,2.6750489479000037,False,0,True,False,0.0,False,False,0.8001455784000087,0,1.425337908443778,1.5360887907028846,0.9279007288319387,False
v9-low_high_low-closed_loop_dynamic-rep0,low_high_low,187.500126861,53.482523754,2,32,0,4,2648,2648,1.497737556561086,-889,False,True,2.550252489400003,False,0,True,False,0.0,False,False,0.8999827452000091,0,1.4091595440273752,1.5461261529193437,0.9114130443797533,False
v9-low_high_low-closed_loop_dynamic-rep0,low_high_low,187.750593753,53.73299064599999,2,32,0,4,2652,2652,1.5,-893,False,True,2.4250190434000074,False,0,True,False,0.0,False,False,1.0001695020000057,0,1.4172582483028282,1.5432110858913455,0.9183826252027162,False
v9-low_high_low-closed_loop_dynamic-rep0,low_high_low,188.000508375,53.982905267999996,2,32,0,4,2666,2666,1.507918552036199,-907,False,True,2.3000617324000046,False,0,True,False,0.0,False,False,1.100135350800008,0,1.4252871131213805,1.5417240521352369,0.9244761480807184,False
v9-low_high_low-closed_loop_dynamic-rep0,low_high_low,188.251235845,54.23363273799998,0,29,0,4,2796,2316,1.581447963800905,-557,False,True,2.174697997400011,False,0,True,False,0.0,False,False,1.2004263388000027,0,1.4335682108600678,1.5401640446841622,0.930789298586727,False
v9-low_high_low-closed_loop_dynamic-rep0,low_high_low,188.500827701,54.48322459399998,0,29,0,4,2796,2316,1.581447963800905,-557,False,True,1.9999836982000148,False,0,True,False,0.0,False,False,1.2004263388000027,0,1.4451998892661764,1.5385551270358593,0.9393227866007384,False
v9-low_high_low-closed_loop_dynamic-rep0,low_high_low,188.750935913,54.73333280599999,0,29,0,4,2318,2318,1.3110859728506787,-559,False,True,1.8249079498000043,False,0,True,False,0.0,False,False,1.2004263388000027,0,1.4564604173630094,1.5371397570898182,0.9475133348450017,False
v9-low_high_low-closed_loop_dynamic-rep0,low_high_low,189.00040286,54.982799752999995,0,29,0,4,2329,2329,1.3173076923076923,-570,False,True,1.6502810869000029,False,0,True,False,0.0,False,False,1.2004263388000027,0,1.4542027056535072,1.5354748089001125,0.9470703766837947,False
v9-low_high_low-closed_loop_dynamic-rep0,low_high_low,189.250325858,55.23272275099998,0,29,0,4,2335,2335,1.3207013574660633,-576,False,True,1.4753349883000113,False,0,True,False,0.0,False,False,1.2004263388000027,0,1.4518561435682131,1.5338917485693433,0.9465179957597109,False
v9-low_high_low-closed_loop_dynamic-rep0,low_high_low,189.500367689,55.48276458199999,0,29,0,4,2347,2345,1.3274886877828054,-586,False,True,1.300305706600008,False,0,True,False,0.0,False,False,1.2004263388000027,0,1.4493953727744349,1.5323644329010178,0.9458555299606447,False
v9-low_high_low-closed_loop_dynamic-rep0,low_high_low,189.750824167,55.73322105999998,0,29,0,4,2354,2354,1.331447963800905,-595,False,True,1.1249861720000154,False,0,True,False,0.0,False,False,1.2004263388000027,0,1.447100938851358,1.5308198012197396,0.9453110925912538,False
v9-low_high_low-closed_loop_dynamic-rep0,low_high_low,190.000298854,55.98269574699998,0,29,0,4,2358,2358,1.333710407239819,-599,False,True,0.9503538911000134,False,0,True,False,0.0,False,False,1.2004263388000027,0,1.444843249376245,1.5291406446726241,0.944872699846111,False
v9-low_high_low-closed_loop_dynamic-rep0,low_high_low,190.250778626,56.233175518999985,0,29,0,4,2372,2372,1.341628959276018,-613,False,True,0.7750180507000095,False,0,True,False,0.0,False,False,1.2001828875999991,0,1.44239731981448,1.5274738183582577,0.9443024832758059,False
v9-low_high_low-closed_loop_dynamic-rep0,low_high_low,190.500665528,56.483062421,0,29,0,4,2381,2381,1.3467194570135748,-622,False,True,0.6002131694000014,False,0,True,False,0.0,False,False,1.1002281267999934,0,1.43660243125,1.527601085698416,0.9404303549530332,False
v9-low_high_low-closed_loop_dynamic-rep0,low_high_low,190.750476446,56.73287333899998,0,29,0,4,2387,2387,1.3501131221719458,-628,False,True,0.6002131694000014,False,0,True,False,0.0,False,False,1.0003037596000013,0,1.4310636371404981,1.5275587268573527,0.9368305204766995,False
v9-low_high_low-closed_loop_dynamic-rep0,low_high_low,191.000978409,56.983375301999985,0,29,0,4,2394,2394,1.3540723981900453,-635,False,True,0.6002131694000014,False,0,True,False,0.0,False,False,0.9001029743999993,0,1.425537976974208,1.527445204133201,0.9332825643216291,False
v9-low_high_low-closed_loop_dynamic-rep0,low_high_low,191.25026002,57.232656913,0,29,0,4,2405,2405,1.3602941176470589,-646,False,True,0.6002131694000014,False,0,True,False,0.0,False,False,0.8003903299999934,0,1.4200675141624433,1.5273605078128392,0.9297526725998447,False
v9-low_high_low-closed_loop_dynamic-rep0,low_high_low,191.500497668,57.482894560999995,0,29,0,4,2416,2416,1.3665158371040724,-657,False,True,0.6002131694000014,False,0,True,False,0.0,False,False,0.7002952707999952,0,1.4146895185151585,1.5271488572808254,0.926359936538271,False
v9-low_high_low-closed_loop_dynamic-rep0,low_high_low,191.750686312,57.733083204999986,0,29,0,4,2416,2416,1.3665158371040724,-657,False,True,0.6002131694000014,False,0,True,False,0.0,False,False,0.600219813199999,0,1.4092278784088237,1.5269931532013006,0.9228776667756596,False
v9-low_high_low-closed_loop_dynamic-rep0,low_high_low,192.001031006,57.98342789899999,0,27,0,4,2238,2238,1.2658371040723981,-479,False,True,0.6002131694000014,False,0,True,False,0.0,False,False,0.5000819355999966,0,1.4034506931626698,1.5269080572758482,0.9191455153275971,False
v9-low_high_low-closed_loop_dynamic-rep0,low_high_low,192.250171802,58.232568695,0,27,0,4,2245,2245,1.2697963800904977,-486,False,True,0.6002131694000014,False,0,True,False,0.0,False,False,0.40042561719999414,0,1.3926846542404976,1.5267389571880654,0.9121956623190727,False
v9-low_high_low-closed_loop_dynamic-rep0,low_high_low,192.500723259,58.483120152,0,27,0,4,2251,2251,1.2731900452488687,-492,False,True,0.6002131694000014,False,0,True,False,0.0,False,False,0.300205034399994,0,1.381602416436086,1.5266258363477943,0.9050039528620495,False
v9-low_high_low-closed_loop_dynamic-rep0,low_high_low,192.750824142,58.733221034999985,0,27,0,4,2265,2265,1.2811085972850678,-506,False,True,0.6002131694000014,False,0,True,False,0.0,False,False,0.200164681199999,0,1.3703704060167425,1.5264845771963238,0.897729611218009,False
v9-low_high_low-closed_loop_dynamic-rep0,low_high_low,193.0005155,58.98291239299999,0,27,0,4,2272,2272,1.2850678733031675,-513,False,True,0.6002131694000014,False,0,True,False,0.0,False,False,0.10028813799999625,0,1.3594393364131223,1.5263998459520927,0.8906181037807767,False
v9-low_high_low-closed_loop_dynamic-rep0,low_high_low,193.250318098,59.232714990999995,0,27,0,4,2278,2278,1.2884615384615385,-519,False,True,0.6002131694000014,False,0,True,False,0.0,False,False,0.00036709879999534677,0,1.3483056007104073,1.5262588204309389,0.8834056076607725,False
v9-low_high_low-closed_loop_dynamic-rep0,low_high_low,193.500877305,59.483274197999975,0,27,0,4,2285,2285,1.292420814479638,-526,False,True,0.6002131694000014,False,0,True,False,0.0,False,False,0.0,0,1.3336370077108608,1.5278390977445135,0.8728910064414863,False
v9-low_high_low-closed_loop_dynamic-rep0,low_high_low,193.750925768,59.73332266099999,0,27,0,4,2294,2294,1.2975113122171946,-535,False,True,0.6002131694000014,False,0,True,False,0.0,False,False,0.0,0,1.3191828488202493,1.5293382570815048,0.8625840900218482,False
v9-low_high_low-closed_loop_dynamic-rep0,low_high_low,194.001132959,59.983529851999975,0,27,0,4,2305,2305,1.3037330316742082,-546,False,True,0.6002131694000014,False,0,True,False,0.0,False,False,0.0,0,1.3185020962203622,1.5239746275567314,0.8651732596980389,False
v9-low_high_low-closed_loop_dynamic-rep0,low_high_low,194.250472741,60.232869634,0,21,0,4,1730,1730,0.9785067873303167,29,True,True,0.6002131694000014,False,0,True,False,0.0,False,False,0.0,0,1.3178250559414026,1.5185591527269797,0.8678127905487875,False
v9-low_high_low-closed_loop_dynamic-rep0,low_high_low,194.500722752,60.48311964499999,0,21,0,4,1739,1739,0.9835972850678733,20,True,True,0.6002131694000014,False,0,True,False,0.0,False,False,0.0,0,1.3006977349673081,1.5130818913444573,0.8596347246027549,False
v9-low_high_low-closed_loop_dynamic-rep0,low_high_low,194.75037093,60.73276782299999,0,21,0,4,1750,1750,0.9898190045248869,9,True,True,0.6002131694000014,False,0,True,False,0.0,False,False,0.0,0,1.2835273625437786,1.5077867518223986,0.8512658444520971,False
v9-low_high_low-closed_loop_dynamic-rep0,low_high_low,195.000309737,60.982706629999996,0,21,0,4,1750,1750,0.9898190045248869,9,True,True,0.6002131694000014,False,0,True,False,0.0,False,False,0.0,0,1.2664504496138007,1.5023298302782242,0.8429909491840818,False
v9-low_high_low-closed_loop_dynamic-rep0,low_high_low,195.250737891,61.233134783999986,0,24,0,4,1950,1950,1.1029411764705883,-191,False,True,0.6000995907999993,False,0,True,False,0.0,False,False,0.0,0,1.2492264317821271,1.496777751097342,0.834610503039796,False
v9-low_high_low-closed_loop_dynamic-rep0,low_high_low,195.500622266,61.48301915899998,0,24,0,4,1950,1950,1.1029411764705883,-191,False,True,0.5501227158000006,False,0,True,False,0.0,False,False,0.0,0,1.2372976268092768,1.4913755232838246,0.8296351975020351,False
v9-low_high_low-closed_loop_dynamic-rep0,low_high_low,195.750169068,61.73256596099998,0,24,0,4,1950,1950,1.1029411764705883,-191,False,True,0.5002133554000011,False,0,True,False,0.0,False,False,0.0,0,1.2251308527929872,1.4796885808961548,0.827965335821543,False
v9-low_high_low-closed_loop_dynamic-rep0,low_high_low,196.000186149,61.98258304199999,0,24,0,4,1953,1953,1.1046380090497738,-194,False,True,0.4502099391999991,True,0,True,False,0.0,False,False,0.0,0,1.21277161974672,1.4680643792643673,0.8261024767554322,False
v9-low_high_low-closed_loop_dynamic-rep0,low_high_low,196.250873459,62.23327035199998,0,24,0,4,1960,1960,1.1085972850678734,-201,False,True,0.4000724772000012,True,0,True,False,0.0,False,False,0.0,0,1.2002654765658385,1.456508442859334,0.8240703872677497,False
v9-low_high_low-closed_loop_dynamic-rep0,low_high_low,196.500173021,62.48256991399998,0,24,0,4,1966,1966,1.1119909502262444,-207,False,True,0.35021256480000035,True,0,True,False,0.0,False,False,0.0,0,1.1877158945420825,1.445171517076076,0.821851164728954,False
v9-low_high_low-closed_loop_dynamic-rep0,low_high_low,196.750301263,62.732698156,0,24,0,4,1974,1974,1.1165158371040724,-215,False,True,0.300186916399997,True,0,True,False,0.0,False,False,0.0,0,1.174983526014593,1.4339523277648194,0.8194020842004592,False
v9-low_high_low-closed_loop_dynamic-rep0,low_high_low,197.0002533,62.982650192999984,0,24,0,4,1984,1984,1.1221719457013575,-225,False,True,0.2501965089999999,True,0,True,False,0.0,False,False,0.0,0,1.1624859241645937,1.4227412437523197,0.817074734614896,False
v9-low_high_low-closed_loop_dynamic-rep0,low_high_low,197.251136381,63.233533273999996,0,24,0,4,1990,1990,1.1255656108597285,-231,False,True,0.2000198927999975,True,0,True,False,0.0,False,False,0.0,0,1.1552608691538466,1.4089707523535635,0.8199324700133651,False
v9-low_high_low-closed_loop_dynamic-rep0,low_high_low,197.500392971,63.48278986399998,0,24,0,4,1991,1991,1.126131221719457,-232,False,True,0.15016857479999998,True,0,True,False,0.0,False,False,0.0,0,1.1480707752115389,1.395380064980261,0.822765642153401,False
v9-low_high_low-closed_loop_dynamic-rep0,low_high_low,197.751336586,63.733733478999994,0,24,0,4,2003,2003,1.132918552036199,-244,False,True,0.09997985179999773,True,0,True,False,0.0,False,False,0.0,0,1.1406894932671947,1.3938150425864824,0.818393731172849,False
v9-low_high_low-closed_loop_dynamic-rep0,low_high_low,198.001171692,63.983568585,0,24,0,4,2014,2014,1.1391402714932126,-255,False,True,0.050012830599996505,True,0,True,False,0.0,False,False,0.0,0,1.1332843585255659,1.392359556719514,0.8139308220038038,False
v9-low_high_low-closed_loop_dynamic-rep0,low_high_low,198.250916799,64.233313692,0,24,0,4,2014,2014,1.1391402714932126,-255,False,True,6.380919999742219e-05,True,0,True,False,0.0,False,False,0.0,0,1.125995011261765,1.3909186780160072,0.8095333171223735,False
v9-low_high_low-closed_loop_dynamic-rep0,low_high_low,198.50049899,64.482895883,0,24,0,4,2027,2025,1.1464932126696832,-266,False,True,0.0,True,0,True,False,0.0,False,False,0.0,0,1.1185414254671948,1.3894221328885181,0.8050407424717066,False
v9-low_high_low-closed_loop_dynamic-rep0,low_high_low,198.750075975,64.73247286799997,0,22,0,4,1840,1840,1.0407239819004526,-81,False,True,0.0,True,0,True,False,0.0,False,False,0.0,0,1.1112576908602951,1.387826836083654,0.8007178287430895,False
v9-low_high_low-closed_loop_dynamic-rep0,low_high_low,199.000753372,64.98315026499998,0,22,0,4,1844,1844,1.0429864253393666,-85,False,True,0.0,True,0,True,False,0.0,False,False,0.0,0,1.0983844001248877,1.38635150687862,0.792284204024063,True
v9-low_high_low-closed_loop_dynamic-rep0,low_high_low,199.251032065,65.23342895799999,0,22,0,4,1855,1855,1.0492081447963801,-96,False,True,0.0,True,0,True,False,0.0,False,False,0.0,0,1.0853693898628956,1.3848180089432132,0.7837631969352898,True
v9-low_high_low-closed_loop_dynamic-rep0,low_high_low,199.500944405,65.483341298,0,22,0,4,1862,1862,1.0531674208144797,-103,False,True,0.0,True,0,True,False,0.0,False,False,0.0,0,1.0889029925351807,1.3750364849385184,0.7919084362215076,True
v9-low_high_low-closed_loop_dynamic-rep0,low_high_low,199.750171133,65.732568026,0,22,0,4,1866,1866,1.0554298642533937,-107,False,True,0.0,True,0,True,False,0.0,False,False,0.0,0,1.0923707399949092,1.3653240645518667,0.8000816570631913,False
v9-low_high_low-closed_loop_dynamic-rep0,low_high_low,200.000591939,65.98298883199999,0,22,0,4,1874,1867,1.0599547511312217,-108,False,True,0.0,True,0,True,False,0.0,False,False,0.0,0,1.095657053486199,1.3556357299511315,0.8082237944006504,False
v9-low_high_low-closed_loop_dynamic-rep0,low_high_low,200.250200786,66.23259767899998,0,19,0,4,1591,1591,0.8998868778280543,168,True,True,0.0,True,0,True,False,0.0,False,False,0.0,0,1.099158354054977,1.3458375040109736,0.8167095587536954,False
v9-low_high_low-closed_loop_dynamic-rep0,low_high_low,200.501112124,66.48350901699999,0,15,0,4,1209,1209,0.6838235294117647,550,True,True,0.0,True,0,True,True,0.0,False,False,0.0,0,1.0889807805999994,1.3369331584269235,0.8145364439021974,False
v9-low_high_low-closed_loop_dynamic-rep0,low_high_low,200.750762751,66.73315964399998,0,15,0,4,1209,1209,0.6838235294117647,550,True,True,0.0,True,0,True,True,0.02496506269999941,False,False,0.0,0,1.068054183925,1.3280795765412334,0.8042094787020013,False
v9-low_high_low-closed_loop_dynamic-rep0,low_high_low,201.000201794,66.98259868699998,0,15,0,4,1222,1222,0.6911764705882353,537,True,True,0.0,True,0,True,True,0.04990896699999894,False,False,0.0,0,1.0471453176582581,1.3191629799212676,0.7937952577480271,True
v9-low_high_low-closed_loop_dynamic-rep0,low_high_low,201.251138128,67.233535021,0,15,0,4,1224,1224,0.6923076923076923,535,True,True,0.0,True,0,True,True,0.07500260040000058,False,False,0.0,0,1.0263946035364244,1.3101506047178169,0.7834172650383897,True
v9-low_high_low-closed_loop_dynamic-rep0,low_high_low,201.500511261,67.482908154,0,15,0,4,1224,1224,0.6923076923076923,535,True,True,0.0,True,0,True,True,0.09993991370000117,False,False,0.0,0,1.0056320859653831,1.3011941618436649,0.772853210884762,True
v9-low_high_low-closed_loop_dynamic-rep0,low_high_low,201.750938419,67.73333531199998,0,15,0,4,1237,1237,0.6996606334841629,522,True,True,0.0,True,0,True,True,0.12498262949999912,False,False,0.0,0,0.9846114922454753,1.2920868643847856,0.7620319650213984,True
v9-low_high_low-closed_loop_dynamic-rep0,low_high_low,202.000276369,67.98267326199999,0,15,0,4,1239,1239,0.7007918552036199,520,True,True,0.0,True,0,True,False,0.14991642450000028,False,False,0.0,0,0.9638239017658364,1.2829764523367084,0.7512405235578614,True
v9-low_high_low-closed_loop_dynamic-rep0,low_high_low,202.250955592,68.23335248499998,0,15,0,4,1239,1239,0.7007918552036199,520,True,True,0.0,True,0,True,False,0.14991642450000028,False,False,0.0,0,0.9426976550311086,1.2739584244975686,0.7399752118307121,True
v9-low_high_low-closed_loop_dynamic-rep0,low_high_low,202.500505285,68.48290217799999,0,15,0,4,1250,1250,0.7070135746606335,509,True,True,0.0,True,0,True,False,0.14991642450000028,False,False,0.0,0,0.9214973329696825,1.2648399507879529,0.7285485664772215,True
v9-low_high_low-closed_loop_dynamic-rep0,low_high_low,202.750902936,68.73329982899998,0,15,0,4,1254,1254,0.7092760180995475,505,True,True,0.0,True,0,True,False,0.14991642450000028,False,False,0.0,0,0.9005081181064485,1.255534945502942,0.7172306285315881,True
v9-low_high_low-closed_loop_dynamic-rep0,low_high_low,203.000936788,68.98333368099998,0,15,0,4,1254,1254,0.7092760180995475,505,True,True,0.0,True,0,True,False,0.14991642450000028,False,False,0.0,0,0.8793237118453625,1.2463560330860868,0.7055156700835153,True
v9-low_high_low-closed_loop_dynamic-rep0,low_high_low,203.251058194,69.23345508699998,0,14,0,4,1168,1168,0.6606334841628959,591,True,True,0.0,True,0,True,True,0.14991642450000028,False,False,0.0,0,0.8578203538571267,1.2371319527322402,0.6933943884988232,True
v9-low_high_low-closed_loop_dynamic-rep0,low_high_low,203.500372457,69.48276934999998,0,14,0,4,1172,1172,0.6628959276018099,587,True,True,0.0,True,0,True,True,0.1748478508000005,False,False,0.0,0,0.8339606404523753,1.2261058973569008,0.6801701567948841,True
v9-low_high_low-closed_loop_dynamic-rep0,low_high_low,203.750714283,69.733111176,0,14,0,4,1172,1172,0.6628959276018099,587,True,True,0.0,True,0,True,True,0.19988203340000155,False,False,0.0,0,0.8097614037210399,1.2152103163207575,0.66635494518572,True
v9-low_high_low-closed_loop_dynamic-rep0,low_high_low,204.001115865,69.98351275799999,0,14,0,4,1182,1182,0.668552036199095,577,True,True,0.0,True,0,True,True,0.22492219160000104,False,False,0.0,0,0.7908394911929861,1.2084340556635742,0.6544333035688249,True
v9-low_high_low-closed_loop_dynamic-rep0,low_high_low,204.250582027,70.23297892,0,14,0,4,1186,1186,0.670814479638009,573,True,True,0.0,True,0,True,True,0.24986880780000148,False,False,0.0,0,0.7721577491970583,1.2015905813658367,0.6426130174217526,True
v9-low_high_low-closed_loop_dynamic-rep0,low_high_low,204.500358938,70.48275583099999,0,14,0,4,1186,1186,0.670814479638009,573,True,True,0.0,True,0,True,True,0.2748464989000013,False,False,0.0,0,0.7532555090340493,1.1948090277630086,0.6304400883581691,True
v9-low_high_low-closed_loop_dynamic-rep0,low_high_low,204.751038219,70.733435112,0,14,0,4,1196,1196,0.6764705882352942,563,True,True,0.0,True,0,True,True,0.29991442700000165,False,False,0.0,0,0.7340859882160626,1.1879322475276017,0.6179527407761578,True
v9-low_high_low-closed_loop_dynamic-rep0,low_high_low,205.000614827,70.98301171999998,0,14,0,4,1200,1200,0.6787330316742082,559,True,True,0.0,True,0,True,True,0.32487208780000004,False,False,0.0,0,0.7151700933671951,1.1810434202938915,0.6055408980554091,True
v9-low_high_low-closed_loop_dynamic-rep0,low_high_low,205.250205357,71.23260224999999,0,22,0,4,1712,1200,0.9683257918552036,559,True,True,0.0,True,0,True,False,0.34983114080000066,False,False,0.0,0,0.696140373499887,1.1742106651970021,0.5928581592154868,True
v9-low_high_low-closed_loop_dynamic-rep0,low_high_low,205.500573405,71.482970298,0,22,0,4,1712,1712,0.9683257918552036,47,True,True,0.0,True,0,True,False,0.34983114080000066,False,False,0.0,0,0.6995673569623306,1.163151308877884,0.6014414045901024,True
v9-low_high_low-closed_loop_dynamic-rep0,low_high_low,205.750983279,71.73338017199998,0,22,0,4,1712,1712,0.9683257918552036,47,True,True,0.0,True,0,True,False,0.34983114080000066,False,False,0.0,0,0.7137925126143664,1.1465632549434392,0.6225496147175746,True
v9-low_high_low-closed_loop_dynamic-rep0,low_high_low,206.000184012,71.98258090499999,0,22,0,4,1712,1712,0.9683257918552036,47,True,True,0.0,True,0,True,False,0.34983114080000066,False,False,0.0,0,0.7279721470825795,1.1299592694528278,0.6442463606985527,True
v9-low_high_low-closed_loop_dynamic-rep0,low_high_low,206.250681629,72.233078522,0,22,0,4,1712,1712,0.9683257918552036,47,True,True,0.0,True,0,True,False,0.34983114080000066,False,False,0.0,0,0.7418572221386884,1.1133539235699086,0.6663264990884155,True
v9-low_high_low-closed_loop_dynamic-rep0,low_high_low,206.500922872,72.48331976499998,0,22,0,4,1712,1712,0.9683257918552036,47,True,True,0.0,True,0,True,False,0.34983114080000066,False,False,0.0,0,0.7556715478832573,1.0966378320413468,0.6890803196864049,True
v9-low_high_low-closed_loop_dynamic-rep0,low_high_low,206.750801773,72.73319866599999,0,22,0,4,1712,1712,0.9683257918552036,47,True,True,0.0,True,0,True,False,0.34983114080000066,False,False,0.0,0,0.7694657677574663,1.079790793014649,0.7126063425760543,True
v9-low_high_low-closed_loop_dynamic-rep0,low_high_low,207.000192803,72.98258969599999,0,22,0,4,1712,1712,0.9683257918552036,47,True,True,0.0,True,0,True,False,0.34983114080000066,False,False,0.0,0,0.7828665048217197,1.0631599219304861,0.7363581796802409,True
v9-low_high_low-closed_loop_dynamic-rep0,low_high_low,207.250921155,73.23331804799997,0,22,0,4,1712,1712,0.9683257918552036,47,True,True,0.0,True,0,True,False,0.34983114080000066,False,False,0.0,0,0.7962821923361983,1.0489838904607474,0.7590985901475052,True
v9-low_high_low-closed_loop_dynamic-rep0,low_high_low,207.500329783,73.482726676,0,22,0,4,1727,1720,0.9768099547511312,39,True,True,0.0,True,0,True,False,0.34983114080000066,False,False,0.0,0,0.8096272467529418,1.034792426672963,0.7824054620848298,True
v9-low_high_low-closed_loop_dynamic-rep0,low_high_low,207.750286489,73.73268338199998,0,22,0,4,1734,1734,0.9807692307692307,25,True,True,0.0,True,0,True,False,0.34983114080000066,False,False,0.0,0,0.8231149480294112,1.0206404904528283,0.806469031680508,False
v9-low_high_low-closed_loop_dynamic-rep0,low_high_low,208.00107682,73.983473713,0,22,0,4,1734,1734,0.9807692307692307,25,True,True,0.0,True,0,True,False,0.34983114080000066,False,False,0.0,0,0.836732801498643,1.0062995463053728,0.8314947617443595,False
v9-low_high_low-closed_loop_dynamic-rep0,low_high_low,208.250252815,74.232649708,0,22,0,4,1742,1742,0.9852941176470589,17,True,True,0.0,True,0,True,False,0.34983114080000066,False,False,0.0,0,0.8502627197791861,0.9919521954620467,0.8571609838346471,False
v9-low_high_low-closed_loop_dynamic-rep0,low_high_low,208.500386751,74.482783644,0,22,0,4,1754,1754,0.9920814479638009,5,True,True,0.0,True,0,True,False,0.34983114080000066,False,False,0.0,0,0.8664966065997742,0.9762520281830878,0.8875747056960481,False
v9-low_high_low-closed_loop_dynamic-rep0,low_high_low,208.75028884,74.73268573299998,0,22,0,4,1756,1756,0.9932126696832579,3,True,True,0.0,True,0,True,False,0.34983114080000066,False,False,0.0,0,0.8829494364411763,0.9605202639761317,0.9192408214129224,False
v9-low_high_low-closed_loop_dynamic-rep0,low_high_low,209.001050552,74.983447445,0,22,0,4,1764,1764,0.997737556561086,-5,False,True,0.0,True,0,True,False,0.34983114080000066,False,False,0.0,0,0.8995155947904985,0.9446068641734156,0.9522645122610087,False
v9-low_high_low-closed_loop_dynamic-rep0,low_high_low,209.250824166,75.23322105899999,0,22,0,4,1774,1774,1.003393665158371,-15,False,True,0.0,True,0,True,False,0.34983114080000066,False,False,0.0,0,0.9159599305282807,0.9287532172704747,0.9862253109821871,False
v9-low_high_low-closed_loop_dynamic-rep0,low_high_low,209.501118952,75.483515845,0,22,0,4,1778,1778,1.005656108597285,-19,False,True,0.0,True,0,True,False,0.34983114080000066,False,False,0.0,0,0.9326084977418561,0.9210516375541848,1.0125474617453154,False
v9-low_high_low-closed_loop_dynamic-rep0,low_high_low,209.751152072,75.73354896499998,0,22,0,4,1778,1778,1.005656108597285,-19,False,True,0.0,True,0,True,False,0.34983114080000066,False,False,0.0,0,0.9493526683877826,0.9132306098736424,1.039554147795307,False
v9-low_high_low-closed_loop_dynamic-rep0,low_high_low,210.001251605,75.98364849799998,0,22,0,4,1793,1793,1.0141402714932126,-34,False,True,0.0,True,0,True,False,0.34983114080000066,False,False,0.0,0,0.9658182092355199,0.9053939246830316,1.0667381157584441,False
v9-low_high_low-closed_loop_dynamic-rep0,low_high_low,210.251231715,76.23362860799998,0,22,0,4,1800,1800,1.0180995475113122,-41,False,True,0.0,True,0,True,False,0.34983114080000066,False,False,0.0,0,0.9825277918072398,0.8976415304520365,1.0945658801152571,False
v9-low_high_low-closed_loop_dynamic-rep0,low_high_low,210.500743949,76.48314084199998,0,22,0,4,1800,1800,1.0180995475113122,-41,False,True,0.0,True,0,True,False,0.34983114080000066,False,False,0.0,0,0.9850116240009049,0.8942827119174209,1.101454395656328,False
v9-low_high_low-closed_loop_dynamic-rep0,low_high_low,210.75130801,76.73370490299999,0,22,0,4,1808,1808,1.0226244343891402,-49,False,True,0.0,True,0,True,False,0.32481155220000063,False,False,0.0,0,0.9875059268705881,0.8909097341731899,1.1084242196399892,False
v9-low_high_low-closed_loop_dynamic-rep0,low_high_low,211.000211218,76.98260811099999,0,22,0,4,1820,1820,1.0294117647058822,-61,False,True,0.0,True,0,True,False,0.2999212314000005,False,False,0.0,0,0.9902089481339365,0.887559109811708,1.1156540867954194,False
v9-low_high_low-closed_loop_dynamic-rep0,low_high_low,211.250675992,77.23307288499998,0,22,0,4,1822,1822,1.0305429864253393,-63,False,True,0.0,True,0,True,False,0.27487475400000105,False,False,0.0,0,0.9932689250108595,0.8841449689444005,1.1234231488041428,False
v9-low_high_low-closed_loop_dynamic-rep0,low_high_low,211.500343189,77.48274008199999,0,22,0,4,1830,1830,1.0350678733031675,-71,False,True,0.0,True,0,True,False,0.24990803430000028,False,False,0.0,0,0.9963756435255655,0.8806428703247736,1.131418509251214,False
v9-low_high_low-closed_loop_dynamic-rep0,low_high_low,211.751075249,77.73347214199998,0,22,0,4,1840,1840,1.0407239819004526,-81,False,True,0.0,True,0,True,False,0.2248348283000013,False,False,0.0,0,0.9997225194395927,0.8770403739940044,1.1398819815864338,False
v9-low_high_low-closed_loop_dynamic-rep0,low_high_low,212.000568108,77.982965001,0,22,0,4,1844,1844,1.0429864253393666,-85,False,True,0.0,True,0,True,False,0.19991471630000035,False,False,0.0,0,1.0033350857237557,0.8733429601287328,1.1488443046198733,False
v9-low_high_low-closed_loop_dynamic-rep0,low_high_low,212.250321657,78.23271854999999,0,22,0,4,1852,1852,1.0475113122171946,-93,False,True,0.0,True,0,True,False,0.19991471630000035,False,False,0.0,0,1.0070644373604072,0.8695005978364252,1.158210172444138,False
v9-low_high_low-closed_loop_dynamic-rep0,low_high_low,212.500956927,78.48335381999999,0,15,0,4,1183,1183,0.6691176470588235,576,True,True,0.0,True,0,True,True,0.19991471630000035,False,False,0.0,0,1.0110327100572398,0.865560390058597,1.1680672101790548,False
v9-low_high_low-closed_loop_dynamic-rep0,low_high_low,212.751268335,78.73366522799998,0,15,0,4,1187,1187,0.6713800904977375,572,True,True,0.0,True,0,True,True,0.2249458570999991,False,False,0.0,0,0.9956281536235302,0.8618230971406108,1.1552581462795124,False
v9-low_high_low-closed_loop_dynamic-rep0,low_high_low,213.000375577,78.98277246999999,0,15,0,4,1187,1187,0.6713800904977375,572,True,True,0.0,True,0,True,True,0.2498565812999999,False,False,0.0,0,0.980213938535973,0.85803299368552,1.1423965578825213,False
v9-low_high_low-closed_loop_dynamic-rep0,low_high_low,213.251056174,79.233453067,0,15,0,4,1195,1195,0.6759049773755657,564,True,True,0.0,True,0,True,True,0.2749246410000012,False,False,0.0,0,0.964701640636538,0.8540637978131784,1.1295428317025573,False
v9-low_high_low-closed_loop_dynamic-rep0,low_high_low,213.500362574,79.482759467,0,15,0,4,1202,1202,0.6798642533936652,557,True,True,0.0,True,0,True,True,0.2749248429999994,False,False,0.0,0,0.949275102084502,0.8502283147362553,1.1164943411452624,False
v9-low_high_low-closed_loop_dynamic-rep0,low_high_low,213.75071927,79.73311616299998,0,15,0,4,1202,1202,0.6798642533936652,557,True,True,0.0,True,0,True,True,0.2749248429999994,False,False,0.0,0,0.9336419044682135,0.846369449481787,1.1031139002475354,False
v9-low_high_low-closed_loop_dynamic-rep0,low_high_low,214.000193398,79.98259029099998,0,15,0,4,1210,1210,0.6843891402714932,549,True,True,0.0,True,0,True,True,0.2749248429999994,False,False,0.0,0,0.9180074398854078,0.8451841651632351,1.0861626113263823,False
v9-low_high_low-closed_loop_dynamic-rep0,low_high_low,214.250721152,80.233118045,0,15,0,4,1215,1215,0.6872171945701357,544,True,True,0.0,True,0,True,True,0.2749248429999994,False,False,0.0,0,0.9023077205998865,0.8440502942550901,1.069021273662621,False
v9-low_high_low-closed_loop_dynamic-rep0,low_high_low,214.500533359,80.48293025199999,0,15,0,4,1217,1217,0.6883484162895928,542,True,True,0.0,True,0,True,True,0.2749248429999994,False,False,0.0,0,0.8865108887477374,0.8429059278035067,1.051731705171251,False
v9-low_high_low-closed_loop_dynamic-rep0,low_high_low,214.750389255,80.73278614799997,0,15,0,4,1225,1225,0.6928733031674208,534,True,True,0.0,True,0,True,True,0.2749248429999994,False,False,0.0,0,0.8706549141681007,0.8417188105635744,1.034377399247086,False
v9-low_high_low-closed_loop_dynamic-rep0,low_high_low,215.000253815,80.982650708,0,13,0,4,1038,1038,0.5871040723981901,721,True,True,0.0,True,0,True,True,0.2749248429999994,False,False,0.0,0,0.8550242465572395,0.8404751408079184,1.0173105723690241,False
v9-low_high_low-closed_loop_dynamic-rep0,low_high_low,215.250499825,81.23289671799998,0,13,0,4,1038,1038,0.5871040723981901,721,True,True,0.0,True,0,True,True,0.2749542897999987,False,False,0.0,0,0.8336531186500012,0.8393327448446264,0.9932331649998041,False
v9-low_high_low-closed_loop_dynamic-rep0,low_high_low,215.50010452,81.482501413,0,22,0,4,1614,1614,0.9128959276018099,145,True,True,0.0,True,0,True,False,0.29991475930000033,False,False,0.0,0,0.8121379993785064,0.8422830988053167,0.9642102525035018,False
v9-low_high_low-closed_loop_dynamic-rep0,low_high_low,215.750920812,81.73331770499999,0,22,0,4,1614,1614,0.9128959276018099,145,True,True,0.0,True,0,True,False,0.29991475930000033,False,False,0.0,0,0.8068606430083708,0.8506455153123305,0.9485274752928272,False
v9-low_high_low-closed_loop_dynamic-rep0,low_high_low,216.000347844,81.98274473699999,0,22,0,4,1614,1614,0.9128959276018099,145,True,True,0.0,True,0,True,False,0.29991475930000033,False,False,0.0,0,0.8013869567938912,0.8590959358692309,0.9328259200563556,False
v9-low_high_low-closed_loop_dynamic-rep0,low_high_low,216.250731893,82.23312878599998,0,22,0,4,1614,1614,0.9128959276018099,145,True,True,0.0,True,0,True,False,0.29991475930000033,False,False,0.0,0,0.7955522027332579,0.8675648144384616,0.9169945455293569,False
v9-low_high_low-closed_loop_dynamic-rep0,low_high_low,216.500678814,82.48307570699998,0,22,0,4,1614,1614,0.9128959276018099,145,True,True,0.0,True,0,True,False,0.29991475930000033,False,False,0.0,0,0.7896707949766967,0.8760190992929863,0.9014310254354281,False
v9-low_high_low-closed_loop_dynamic-rep0,low_high_low,216.751028191,82.73342508399998,0,22,0,4,1614,1614,0.9128959276018099,145,True,True,0.0,True,0,True,False,0.29991475930000033,False,False,0.0,0,0.7835536608780543,0.8846000130614249,0.885771703943719,False
v9-low_high_low-closed_loop_dynamic-rep0,low_high_low,217.000785675,82.98318256799999,0,22,0,4,1614,1614,0.9128959276018099,145,True,True,0.0,True,0,True,False,0.29991475930000033,False,False,0.0,0,0.7771684130192307,0.8931182904329186,0.8701741094592477,False
v9-low_high_low-closed_loop_dynamic-rep0,low_high_low,217.250458445,83.23285533799998,0,22,0,4,1614,1614,0.9128959276018099,145,True,True,0.0,True,0,True,False,0.29991475930000033,False,False,0.0,0,0.7706722782450227,0.9016620189484159,0.8547241228413247,False
v9-low_high_low-closed_loop_dynamic-rep0,low_high_low,217.500351234,83.48274812699998,0,22,0,4,1614,1614,0.9128959276018099,145,True,True,0.0,True,0,True,False,0.29991475930000033,False,False,0.0,0,0.7639443954642535,0.9103262881597847,0.8391984340126653,False
v9-low_high_low-closed_loop_dynamic-rep0,low_high_low,217.750549479,83.73294637199999,0,22,0,4,1631,1631,0.9225113122171946,128,True,True,0.0,True,0,True,False,0.29991475930000033,False,False,0.0,0,0.7760971369776014,0.9094011535875565,0.8534156064305887,False
v9-low_high_low-closed_loop_dynamic-rep0,low_high_low,218.000710682,83.98310757499999,0,22,0,4,1634,1634,0.9242081447963801,125,True,True,0.0,True,0,True,False,0.29991475930000033,False,False,0.0,0,0.7886621199590497,0.9084530618343326,0.8681374449513075,False
v9-low_high_low-closed_loop_dynamic-rep0,low_high_low,218.250456204,84.23285309699997,0,22,0,4,1636,1636,0.9253393665158371,123,True,True,0.0,True,0,True,False,0.29991475930000033,False,False,0.0,0,0.8012906548384606,0.9075066280122737,0.8829584601420933,False
v9-low_high_low-closed_loop_dynamic-rep0,low_high_low,218.500843228,84.483240121,0,22,0,4,1645,1645,0.9304298642533937,114,True,True,0.0,True,0,True,False,0.29991475930000033,False,False,0.0,0,0.8137818440653847,0.9078858904694004,0.8963481563136073,False
v9-low_high_low-closed_loop_dynamic-rep0,low_high_low,218.750302289,84.73269918199998,0,22,0,4,1653,1653,0.9349547511312217,106,True,True,0.0,True,0,True,False,0.29991475930000033,False,False,0.0,0,0.8262830164661755,0.9083091807312783,0.9096935646966998,False
v9-low_high_low-closed_loop_dynamic-rep0,low_high_low,219.000613044,84.98300993699999,0,22,0,4,1658,1658,0.9377828054298643,101,True,True,0.0,True,0,True,False,0.29991475930000033,False,False,0.0,0,0.8390530157124434,0.9087341060603509,0.9233207052720878,False
v9-low_high_low-closed_loop_dynamic-rep0,low_high_low,219.250884407,85.23328129999999,0,22,0,4,1667,1667,0.9428733031674208,92,True,True,0.0,True,0,True,False,0.29991475930000033,False,False,0.0,0,0.8517363589645924,0.9091307255812218,0.9368689617437183,False
v9-low_high_low-closed_loop_dynamic-rep0,low_high_low,219.50031644,85.48271333299999,0,22,0,4,1675,1675,0.9473981900452488,84,True,True,0.0,True,0,True,False,0.29991475930000033,False,False,0.0,0,0.8644901235478507,0.9095398618344458,0.9504697483013724,False
v9-low_high_low-closed_loop_dynamic-rep0,low_high_low,219.750287081,85.732683974,0,20,0,4,1486,1486,0.8404977375565611,273,True,True,0.0,True,0,True,False,0.29991475930000033,False,False,0.0,0,0.8774411402238691,0.9099781342345026,0.9642442023752533,False
v9-low_high_low-closed_loop_dynamic-rep0,low_high_low,220.000513561,85.98291045399998,0,20,0,4,1495,1486,0.8455882352941176,273,True,True,0.0,True,0,True,False,0.29991475930000033,False,False,0.0,0,0.8848346358317867,0.9103862049022629,0.9719332642202994,False
v9-low_high_low-closed_loop_dynamic-rep0,low_high_low,220.250463942,86.232860835,0,20,0,4,1503,1503,0.8501131221719457,256,True,True,0.0,True,0,True,False,0.29991475930000033,False,False,0.0,0,0.8977562788314485,0.9080884700505655,0.9886220433802648,False
v9-low_high_low-closed_loop_dynamic-rep0,low_high_low,220.500742287,86.48313918,0,20,0,4,1506,1506,0.8518099547511312,253,True,True,0.0,True,0,True,False,0.29991475930000033,False,False,0.0,0,0.9108798169121043,0.8985680938776017,1.013701491426625,False
v9-low_high_low-closed_loop_dynamic-rep0,low_high_low,220.750612509,86.733009402,0,20,0,4,1506,1506,0.8518099547511312,253,True,True,0.0,True,0,True,False,0.29991475930000033,False,False,0.0,0,0.9078271037926472,0.8971830666289591,1.0118638409033751,False
v9-low_high_low-closed_loop_dynamic-rep0,low_high_low,221.000518632,86.98291552499998,0,20,0,4,1523,1523,0.8614253393665159,236,True,True,0.0,True,0,True,False,0.29991475930000033,False,False,0.0,0,0.9047739520636879,0.8957978403815611,1.0100202426010578,False
v9-low_high_low-closed_loop_dynamic-rep0,low_high_low,221.250205894,87.23260278699999,0,20,0,4,1526,1526,0.8631221719457014,233,True,True,0.0,True,0,True,False,0.29991475930000033,False,False,0.0,0,0.9022036420136882,0.8944138272777147,1.0087094077689776,False
v9-low_high_low-closed_loop_dynamic-rep0,low_high_low,221.500672862,87.48306975499997,0,20,0,4,1526,1526,0.8631221719457014,233,True,True,0.0,True,0,True,False,0.29991475930000033,False,False,0.0,0,0.8997103056806566,0.893025492274095,1.0074855795992326,False
v9-low_high_low-closed_loop_dynamic-rep0,low_high_low,221.750327912,87.73272480499998,0,20,0,4,1543,1543,0.872737556561086,216,True,True,0.0,True,0,True,False,0.29991475930000033,False,False,0.0,0,0.8972250517892538,0.8916416577209277,1.006261925987843,False
v9-low_high_low-closed_loop_dynamic-rep0,low_high_low,222.000135061,87.982531954,0,20,0,4,1546,1546,0.8744343891402715,213,True,True,0.0,True,0,True,False,0.29991475930000033,False,False,0.0,0,0.8952186821536199,0.8902569800850676,1.0055733368898474,False
v9-low_high_low-closed_loop_dynamic-rep0,low_high_low,222.250373775,88.232770668,0,20,0,4,1546,1546,0.8744343891402715,213,True,True,0.0,True,0,True,False,0.29991475930000033,False,False,0.0,0,0.8932937689690045,0.8888699102902713,1.004976947275995,False
v9-low_high_low-closed_loop_dynamic-rep0,low_high_low,222.500553302,88.48295019499997,0,20,0,4,1563,1563,0.8840497737556561,196,True,True,0.0,True,0,True,False,0.29991475930000033,False,False,0.0,0,0.8913693110690047,0.8874829789310523,1.0043790497735894,False
v9-low_high_low-closed_loop_dynamic-rep0,low_high_low,222.750728876,88.733125769,0,20,0,4,1566,1566,0.8857466063348416,193,True,True,0.0,True,0,True,False,0.2749375643999997,False,False,0.0,0,0.8899256454555431,0.88588400343207,1.0045622700125694,False
v9-low_high_low-closed_loop_dynamic-rep0,low_high_low,223.000810864,88.98320775699997,0,20,0,4,1566,1566,0.8857466063348416,193,True,True,0.0,True,0,True,False,0.24992936560000203,False,False,0.0,0,0.8880867733100682,0.884427094822455,1.004137908606642,False
v9-low_high_low-closed_loop_dynamic-rep0,low_high_low,223.250779105,89.23317599799998,0,20,0,4,1583,1583,0.8953619909502263,176,True,True,0.0,True,0,True,False,0.22493254150000155,False,False,0.0,0,0.8861638676324664,0.8830130456924774,1.0035682620493087,False
v9-low_high_low-closed_loop_dynamic-rep0,low_high_low,223.50115356,89.48355045299999,0,20,0,4,1586,1586,0.8970588235294118,173,True,True,0.0,True,0,True,False,0.1998950960000002,False,False,0.0,0,0.8846624378696836,0.8815115693944003,1.0035743926508507,False
v9-low_high_low-closed_loop_dynamic-rep0,low_high_low,223.750617636,89.73301452899997,0,20,0,4,1586,1586,0.8970588235294118,173,True,True,0.0,True,0,True,False,0.17494868840000208,False,False,0.0,0,0.88299717731991,0.8799736893548074,1.0034358845061828,False
v9-low_high_low-closed_loop_dynamic-rep0,low_high_low,224.000112928,89.98250982099998,0,20,0,4,1595,1595,0.9021493212669683,164,True,True,0.0,True,0,True,False,0.14999915920000148,False,False,0.0,0,0.8811062062153854,0.8785201817147621,1.0029436142213326,False
v9-low_high_low-closed_loop_dynamic-rep0,low_high_low,224.250515904,90.23291279699998,0,20,0,4,1606,1603,0.9083710407239819,156,True,True,0.0,True,0,True,False,0.12495886160000111,False,False,0.0,0,0.8793219429904982,0.8770191797326357,1.0026256703514336,False
v9-low_high_low-closed_loop_dynamic-rep0,low_high_low,224.50009115,90.48248804299999,0,20,0,4,1606,1606,0.9083710407239819,153,True,True,0.0,True,0,True,False,0.1000013370000005,False,False,0.0,0,0.8776001360358598,0.8755087280794115,1.0023887916697716,False
v9-low_high_low-closed_loop_dynamic-rep0,low_high_low,224.750299025,90.73269591799999,0,20,0,4,1615,1615,0.9134615384615384,144,True,True,0.0,True,0,True,False,0.0749805495000004,False,False,0.0,0,0.8756476152622173,0.8740510719904409,1.0018266018118835,False
v9-low_high_low-closed_loop_dynamic-rep0,low_high_low,225.0009371,90.98333399299997,0,20,0,4,1623,1623,0.9179864253393665,136,True,True,0.0,True,0,True,False,0.04991674200000205,False,False,0.0,0,0.8793046853780542,0.8699117899740951,1.010797526269001,False
v9-low_high_low-closed_loop_dynamic-rep0,low_high_low,225.250803441,91.23320033399997,0,20,0,4,1626,1626,0.919683257918552,133,True,True,0.0,True,0,True,False,0.024930107900001986,False,False,0.0,0,0.882922352307466,0.8657006623694006,1.0198933542350888,False
v9-low_high_low-closed_loop_dynamic-rep0,low_high_low,225.50091467,91.48331156299997,0,21,0,4,1690,1690,0.9558823529411765,69,True,True,0.0,True,0,True,False,0.0,False,False,0.0,0,0.8864023482371038,0.8614993320557127,1.0289065995233768,False
v9-low_high_low-closed_loop_dynamic-rep0,low_high_low,225.750420867,91.73281775999999,0,21,0,4,1700,1700,0.9615384615384616,59,True,True,0.0,True,0,True,False,0.0,False,False,0.0,0,0.8915956898941179,0.8573503036666853,1.0399432834874767,False
v9-low_high_low-closed_loop_dynamic-rep0,low_high_low,226.000337847,91.98273473999998,0,21,0,4,1708,1708,0.9660633484162896,51,True,True,0.0,True,0,True,False,0.0,False,False,0.0,0,0.8970802933013576,0.8530816752524322,1.0515760909245953,False
v9-low_high_low-closed_loop_dynamic-rep0,low_high_low,226.250317074,92.232713967,0,18,0,4,1420,1420,0.8031674208144797,339,True,True,0.0,True,0,True,False,0.0,False,False,0.0,0,0.9023120689574664,0.848882208610803,1.0629414302770008,False
v9-low_high_low-closed_loop_dynamic-rep0,low_high_low,226.500619134,92.48301602699999,0,18,0,4,1430,1430,0.8088235294117647,329,True,True,0.0,True,0,True,False,0.0,False,False,0.0,0,0.8993107094144801,0.8446915468752826,1.0646616658367742,False
v9-low_high_low-closed_loop_dynamic-rep0,low_high_low,226.750437623,92.732834516,0,18,0,4,1438,1438,0.8133484162895928,321,True,True,0.0,True,0,True,False,0.0,False,False,0.0,0,0.8965975374652718,0.8403961308363119,1.066874899308534,False
v9-low_high_low-closed_loop_dynamic-rep0,low_high_low,227.00102539,92.98342228299998,0,18,0,4,1438,1438,0.8133484162895928,321,True,True,0.0,True,0,True,False,0.0,False,False,0.0,0,0.8936207969084846,0.8361870047797513,1.068685344068294,False
v9-low_high_low-closed_loop_dynamic-rep0,low_high_low,227.250166883,93.23256377599998,0,18,0,4,1439,1439,0.8139140271493213,320,True,True,0.0,True,0,True,False,0.0,False,False,0.0,0,0.8905769868130096,0.8319876741850681,1.0704208901716359,False
v9-low_high_low-closed_loop_dynamic-rep0,low_high_low,227.500928638,93.48332553099999,0,18,0,4,1456,1456,0.8235294117647058,303,True,True,0.0,True,0,True,False,0.0,False,False,0.0,0,0.8875410265757923,0.8276479978204749,1.0723653399912032,False
v9-low_high_low-closed_loop_dynamic-rep0,low_high_low,227.750107502,93.73250439499998,0,18,0,4,1456,1456,0.8235294117647058,303,True,True,0.0,True,0,True,False,0.0,False,False,0.0,0,0.8845249475658375,0.8330025816993775,1.0618513879769151,False
v9-low_high_low-closed_loop_dynamic-rep0,low_high_low,228.0004355,93.982832393,0,18,0,4,1457,1457,0.8240950226244343,302,True,True,0.0,True,0,True,False,0.0,False,False,0.0,0,0.8814102172877829,0.8383689329692874,1.0513393121165098,False
v9-low_high_low-closed_loop_dynamic-rep0,low_high_low,228.25102545,94.23342234299997,0,18,0,4,1474,1474,0.833710407239819,285,True,True,0.0,True,0,True,False,0.0,False,False,0.0,0,0.8783198900915163,0.8437409792880084,1.0409828509605963,False
v9-low_high_low-closed_loop_dynamic-rep0,low_high_low,228.501258786,94.48365567899998,0,18,0,4,1474,1474,0.833710407239819,285,True,True,0.0,True,0,True,False,0.0,False,False,0.0,0,0.8752343980890277,0.8492322022718322,1.0306184760159065,False
v9-low_high_low-closed_loop_dynamic-rep0,low_high_low,228.750575802,94.73297269499997,0,18,0,4,1475,1475,0.8342760180995475,284,True,True,0.0,True,0,True,False,0.0,False,False,0.0,0,0.8720756304654984,0.8546472324835968,1.0203925050236866,False
v9-low_high_low-closed_loop_dynamic-rep0,low_high_low,229.00051198,94.98290887299999,0,18,0,4,1492,1492,0.8438914027149321,267,True,True,0.0,True,0,True,False,0.0,False,False,0.0,0,0.8689368853041859,0.8600757695403842,1.010302715269536,False
v9-low_high_low-closed_loop_dynamic-rep0,low_high_low,229.250251727,95.23264861999999,0,18,0,4,1492,1492,0.8438914027149321,267,True,True,0.0,True,0,True,False,0.0,False,False,0.0,0,0.8660270217361996,0.8655141067912329,1.0005926130388196,False
v9-low_high_low-closed_loop_dynamic-rep0,low_high_low,229.500238259,95.482635152,0,18,0,4,1492,1492,0.8438914027149321,267,True,True,0.0,True,0,True,False,0.0,False,False,0.0,0,0.862803542245136,0.8710426234875002,0.9905411273568033,False
v9-low_high_low-closed_loop_dynamic-rep0,low_high_low,229.750914339,95.73331123199998,0,18,0,4,1510,1510,0.8540723981900452,249,True,True,0.0,True,0,True,False,0.0,False,False,0.0,0,0.8595702152150458,0.8765581734011875,0.9806197024890823,False
v9-low_high_low-closed_loop_dynamic-rep0,low_high_low,230.001081073,95.98347796599998,0,18,0,4,1510,1510,0.8540723981900452,249,True,True,0.0,True,0,True,False,0.0,False,False,0.0,0,0.8565986474713805,0.8820853722298073,0.971106283404293,False
v9-low_high_low-closed_loop_dynamic-rep0,low_high_low,230.250434346,96.23283123899998,0,18,0,4,1510,1510,0.8540723981900452,249,True,True,0.0,True,0,True,False,0.0,False,False,0.0,0,0.853411213099322,0.8903360319981894,0.9585270981159812,False
v9-low_high_low-closed_loop_dynamic-rep0,low_high_low,230.500783584,96.48318047699999,0,18,0,4,1520,1520,0.8597285067873304,239,True,True,0.0,True,0,True,False,0.0,False,False,0.0,0,0.8501262126102945,0.89863994058388,0.9460142758154458,False
v9-low_high_low-closed_loop_dynamic-rep0,low_high_low,230.750989785,96.73338667799999,0,18,0,4,1528,1528,0.8642533936651584,231,True,True,0.0,True,0,True,False,0.0,False,False,0.0,0,0.8453148603652718,0.8997153348684955,0.9395359038632203,False
v9-low_high_low-closed_loop_dynamic-rep0,low_high_low,231.000405666,96.98280255899999,0,18,0,4,1528,1528,0.8642533936651584,231,True,True,0.0,True,0,True,False,0.0,False,False,0.0,0,0.8404619108082582,0.9009285876014141,0.9328840513828744,False
v9-low_high_low-closed_loop_dynamic-rep0,low_high_low,231.250095195,97.23249208799999,0,18,0,4,1529,1529,0.8648190045248869,230,True,True,0.0,True,0,True,False,0.0,False,False,0.0,0,0.835377734878394,0.9022561224275453,0.925876493506951,False
v9-low_high_low-closed_loop_dynamic-rep0,low_high_low,231.500879269,97.48327616199998,0,18,0,4,1546,1546,0.8744343891402715,213,True,True,0.0,True,0,True,False,0.0,False,False,0.0,0,0.8384624590372172,0.8995080676846723,0.9321344512177794,False
v9-low_high_low-closed_loop_dynamic-rep0,low_high_low,231.750387484,97.73278437699997,0,18,0,4,1546,1546,0.8744343891402715,213,True,True,0.0,True,0,True,False,0.0,False,False,0.0,0,0.8417365487363121,0.8969113758543553,0.9384835240098429,False
v9-low_high_low-closed_loop_dynamic-rep0,low_high_low,232.000838536,97.98323542899999,0,18,0,4,1546,1546,0.8744343891402715,213,True,True,0.0,True,0,True,False,0.0,False,False,0.0,0,0.844796403343552,0.8944181752738125,0.9445206131739557,False
v9-low_high_low-closed_loop_dynamic-rep0,low_high_low,232.251238216,98.23363510899998,0,18,0,4,1564,1564,0.8846153846153846,195,True,True,0.0,True,0,True,False,0.0,False,False,0.0,0,0.8478554637628959,0.8919255693718326,0.9505899291126113,False
v9-low_high_low-closed_loop_dynamic-rep0,low_high_low,232.500825816,98.48322270899999,0,18,0,4,1564,1564,0.8846153846153846,195,True,True,0.0,True,0,True,False,0.0,False,False,0.0,0,0.8513847001882352,0.8894551038740952,0.9571980603404925,False
v9-low_high_low-closed_loop_dynamic-rep0,low_high_low,232.75076859,98.733165483,0,18,0,4,1564,1564,0.8846153846153846,195,True,True,0.0,True,0,True,False,0.0,False,False,0.0,0,0.8544384974242082,0.8872211428360295,0.9630501981647658,False
v9-low_high_low-closed_loop_dynamic-rep0,low_high_low,233.000830326,98.98322721899999,0,18,0,4,1574,1574,0.8902714932126696,185,True,True,0.0,True,0,True,False,0.0,False,False,0.0,0,0.8574935056438916,0.8847459862802605,0.969197395570059,False
v9-low_high_low-closed_loop_dynamic-rep0,low_high_low,233.25097897,99.23337586299999,0,18,0,4,1582,1582,0.8947963800904978,177,True,True,0.0,True,0,True,False,0.0,False,False,0.0,0,0.8608042965203622,0.8822416109680432,0.9757013110907806,False
v9-low_high_low-closed_loop_dynamic-rep0,low_high_low,233.500769262,99.48316615499999,0,18,0,4,1582,1582,0.8947963800904978,177,True,True,0.0,True,0,True,False,0.0,False,False,0.0,0,0.8638561225040725,0.8799527638264143,0.981707380232154,False
v9-low_high_low-closed_loop_dynamic-rep0,low_high_low,233.750331231,99.73272812399998,0,18,0,4,1583,1583,0.8953619909502263,176,True,True,0.0,True,0,True,False,0.0,False,False,0.0,0,0.8669050696366515,0.8775390385695705,0.9878820559934828,False
v9-low_high_low-closed_loop_dynamic-rep0,low_high_low,234.001034321,99.98343121399998,0,18,0,4,1600,1600,0.9049773755656109,159,True,True,0.0,True,0,True,False,0.0,False,False,0.0,0,0.8699669812309955,0.8750153609010752,0.9942305245191569,False
v9-low_high_low-closed_loop_dynamic-rep0,low_high_low,234.250878764,100.23327565699998,0,18,0,4,1600,1600,0.9049773755656109,159,True,True,0.0,True,0,True,False,0.0,False,False,0.0,0,0.8730193794033936,0.8726695363796951,1.0004008883192483,False
v9-low_high_low-closed_loop_dynamic-rep0,low_high_low,234.501044922,100.48344181499999,0,18,0,4,1600,1600,0.9049773755656109,159,True,True,0.0,True,0,True,False,0.0,False,False,0.0,0,0.876075708030543,0.8701930174476249,1.0067602134985785,False
v9-low_high_low-closed_loop_dynamic-rep0,low_high_low,234.750919989,100.733316882,0,18,0,4,1618,1618,0.915158371040724,141,True,True,0.0,True,0,True,False,0.0,False,False,0.0,0,0.8791284688377828,0.8676134124731337,1.013272105063274,False
v9-low_high_low-closed_loop_dynamic-rep0,low_high_low,235.00021731,100.982614203,0,18,0,4,1618,1618,0.915158371040724,141,True,True,0.0,True,0,True,False,0.0,False,False,0.0,0,0.8821741827142535,0.8679518251260749,1.016386114040503,False
v9-low_high_low-closed_loop_dynamic-rep0,low_high_low,235.250475865,101.23287275799998,0,18,0,4,1618,1618,0.915158371040724,141,True,True,0.0,True,0,True,False,0.0,False,False,0.0,0,0.8852316401735292,0.8681642939722287,1.0196591201916516,False
v9-low_high_low-closed_loop_dynamic-rep0,low_high_low,235.500235062,101.48263195499999,0,27,0,4,2195,2195,1.2415158371040724,-436,False,True,0.0,True,0,True,False,0.0,False,False,0.0,0,0.8882829968789594,0.8682631805321268,1.0230573134917031,False
v9-low_high_low-closed_loop_dynamic-rep0,low_high_low,235.750811646,101.73320853899997,0,27,0,4,2195,2195,1.2415158371040724,-436,False,True,0.0,True,0,True,False,0.0,False,False,0.0,0,0.907417010388008,0.8684613767216632,1.04485591957284,False
v9-low_high_low-closed_loop_dynamic-rep0,low_high_low,236.000178924,101.982575817,0,27,0,4,2195,2195,1.2415158371040724,-436,False,True,0.0,True,0,True,False,0.0,False,False,0.0,0,0.9262325533221725,0.8687715947648759,1.066140466497236,False
v9-low_high_low-closed_loop_dynamic-rep0,low_high_low,236.251012822,102.233409715,0,27,0,4,2195,2195,1.2415158371040724,-436,False,True,0.0,True,0,True,False,0.0,False,False,0.0,0,0.9451584913695704,0.8688427735753397,1.0878360505666487,False
v9-low_high_low-closed_loop_dynamic-rep0,low_high_low,236.501211832,102.48360872499998,0,27,0,4,2195,2195,1.2415158371040724,-436,False,True,0.0,True,0,True,False,0.0,False,False,0.0,0,0.9640076867416285,0.8688855479305998,1.1094760282727436,False
v9-low_high_low-closed_loop_dynamic-rep0,low_high_low,236.75040742,102.73280431299997,0,27,0,4,2195,2195,1.2415158371040724,-436,False,True,0.0,True,0,True,False,0.0,False,False,0.0,0,0.9823027021954742,0.8691673669421384,1.130165189762431,False
v9-low_high_low-closed_loop_dynamic-rep0,low_high_low,237.000619499,102.983016392,0,27,0,4,2195,2195,1.2415158371040724,-436,False,True,0.0,True,0,True,False,0.0,False,False,0.0,0,1.0006723446469463,0.8692097415418554,1.151243821625716,False
v9-low_high_low-closed_loop_dynamic-rep0,low_high_low,237.250748526,103.23314541899998,0,27,0,4,2195,2195,1.2415158371040724,-436,False,True,0.0,True,0,True,False,0.0,False,False,0.0,0,1.0190358897287326,0.8692097415418554,1.172370535011615,False
v9-low_high_low-closed_loop_dynamic-rep0,low_high_low,237.501152785,103.48354967799997,0,27,0,4,2195,2195,1.2415158371040724,-436,False,True,0.0,True,0,True,False,0.0,False,False,0.0,0,1.0369107655035055,0.8694636030255094,1.1925867418662761,False
v9-low_high_low-closed_loop_dynamic-rep0,low_high_low,237.750972463,103.733369356,0,27,0,4,2204,2204,1.246606334841629,-445,False,True,0.0,True,0,True,False,0.0,False,False,0.0,0,1.0547429167272628,0.8694776917651584,1.213076455804163,False
v9-low_high_low-closed_loop_dynamic-rep0,low_high_low,238.000388623,103.98278551599998,0,19,0,4,1445,1445,0.8173076923076923,314,True,True,0.0,True,0,True,False,0.0,False,False,0.0,0,1.072800195279298,0.869449477267421,1.2338844560019575,False
v9-low_high_low-closed_loop_dynamic-rep0,low_high_low,238.250889657,104.23328654999997,0,19,0,4,1445,1445,0.8173076923076923,314,True,True,0.0,True,0,True,False,0.0,False,False,0.0,0,1.0691451934290714,0.8695624700195703,1.2295208570869087,False
v9-low_high_low-closed_loop_dynamic-rep0,low_high_low,238.500510306,104.48290719899998,0,19,0,4,1445,1445,0.8173076923076923,314,True,True,0.0,True,0,True,False,0.0,False,False,0.0,0,1.0652767189484156,0.8695483107914594,1.2250920457528172,False
v9-low_high_low-closed_loop_dynamic-rep0,low_high_low,238.750472254,104.73286914699997,0,19,0,4,1464,1464,0.8280542986425339,295,True,True,0.0,True,0,True,False,0.0,False,False,0.0,0,1.0614028583263568,0.8694918754403848,1.220716246242982,False
v9-low_high_low-closed_loop_dynamic-rep0,low_high_low,239.000552183,104.98294907599998,0,19,0,4,1464,1464,0.8280542986425339,295,True,True,0.0,True,0,True,False,0.0,False,False,0.0,0,1.0580363977436644,0.8694492174606336,1.2169041923274484,False
v9-low_high_low-closed_loop_dynamic-rep0,low_high_low,239.251139885,105.23353677799997,0,19,0,4,1464,1464,0.8280542986425339,295,True,True,0.0,True,0,True,False,0.0,False,False,0.0,0,1.0541821295167415,0.8695192332057131,1.212373561456737,False
v9-low_high_low-closed_loop_dynamic-rep0,low_high_low,239.50094607,105.48334296299998,0,19,0,4,1483,1483,0.8388009049773756,276,True,True,0.0,True,0,True,False,0.0,False,False,0.0,0,1.0503389574398183,0.8694344573510749,1.2080714636499559,False
v9-low_high_low-closed_loop_dynamic-rep0,low_high_low,239.750482315,105.73287920799999,0,19,0,4,1483,1483,0.8388009049773756,276,True,True,0.0,True,0,True,False,0.0,False,False,0.0,0,1.0470362718442299,0.869349679801301,1.204390242696749,False
v9-low_high_low-closed_loop_dynamic-rep0,low_high_low,240.000291138,105.98268803099998,0,19,0,4,1483,1483,0.8388009049773756,276,True,True,0.0,True,0,True,False,0.0,False,False,0.0,0,1.0432222092907233,0.8693916225805431,1.1999450905613895,False
v9-low_high_low-closed_loop_dynamic-rep0,low_high_low,240.250504006,106.23290089899999,0,19,0,4,1502,1493,0.8495475113122172,266,True,True,0.0,True,0,True,False,0.0,False,False,0.0,0,1.0394010851753386,0.8693211533133487,1.1956468345602125,False
v9-low_high_low-closed_loop_dynamic-rep0,low_high_low,240.500752489,106.483149382,0,19,0,4,1502,1502,0.8495475113122172,257,True,True,0.0,True,0,True,False,0.0,False,False,0.0,0,1.0360835083193425,0.8692248561312221,1.1919625871385926,False
v9-low_high_low-closed_loop_dynamic-rep0,low_high_low,240.750973148,106.733370041,0,19,0,4,1502,1502,0.8495475113122172,257,True,True,0.0,True,0,True,False,0.0,False,False,0.0,0,1.0164677937619888,0.8763722706996047,1.159858461690654,False
v9-low_high_low-closed_loop_dynamic-rep0,low_high_low,241.000134975,106.982531868,0,19,0,4,1503,1503,0.8501131221719457,256,True,True,0.0,True,0,True,False,0.0,False,False,0.0,0,0.9969350849259035,0.8833482381410638,1.1285867134618102,False
v9-low_high_low-closed_loop_dynamic-rep0,low_high_low,241.250263319,107.23266021199998,0,19,0,4,1521,1521,0.8602941176470589,238,True,True,0.0,True,0,True,False,0.0,False,False,0.0,0,0.9773549023412891,0.8902381774229639,1.0978577723666134,False
v9-low_high_low-closed_loop_dynamic-rep0,low_high_low,241.500425044,107.48282193699998,0,19,0,4,1521,1521,0.8602941176470589,238,True,True,0.0,True,0,True,False,0.0,False,False,0.0,0,0.9582814857519226,0.9012031013729072,1.063335761153131,False
v9-low_high_low-closed_loop_dynamic-rep0,low_high_low,241.750445796,107.732842689,0,19,0,4,1521,1521,0.8602941176470589,238,True,True,0.0,True,0,True,False,0.0,False,False,0.0,0,0.9392188175564465,0.9120214130695139,1.0298210152713374,False
v9-low_high_low-closed_loop_dynamic-rep0,low_high_low,242.000710018,107.983106911,0,19,0,4,1540,1540,0.8710407239819005,219,True,True,0.0,True,0,True,False,0.0,False,False,0.0,0,0.9201375861505644,0.9227369117151021,0.997183026351784,False
v9-low_high_low-closed_loop_dynamic-rep0,low_high_low,242.250823629,108.23322052199998,0,19,0,4,1540,1540,0.8710407239819005,219,True,True,0.0,True,0,True,False,0.0,False,False,0.0,0,0.9016054124848413,0.9334459245420813,0.9658892805463155,False
v9-low_high_low-closed_loop_dynamic-rep0,low_high_low,242.500522171,108.48291906399999,0,19,0,4,1540,1540,0.8710407239819005,219,True,True,0.0,True,0,True,False,0.0,False,False,0.0,0,0.8831039933660628,0.9441230793923076,0.9353695642463055,False
v9-low_high_low-closed_loop_dynamic-rep0,low_high_low,242.750299488,108.73269638099998,0,19,0,4,1559,1559,0.8817873303167421,200,True,True,0.0,True,0,True,False,0.0,False,False,0.0,0,0.8645967374118777,0.95456382301233,0.9057505811224419,False
v9-low_high_low-closed_loop_dynamic-rep0,low_high_low,243.000968863,108.98336575599998,0,19,0,4,1559,1559,0.8817873303167421,200,True,True,0.0,True,0,True,False,0.0,False,False,0.0,0,0.8463574514458145,0.965143783430995,0.8769236936253101,False
v9-low_high_low-closed_loop_dynamic-rep0,low_high_low,243.250930194,109.23332708699999,0,19,0,4,1559,1559,0.8817873303167421,200,True,True,0.0,True,0,True,False,0.0,False,False,0.0,0,0.8495809346736426,0.9649741264190043,0.8804183567350319,False
v9-low_high_low-closed_loop_dynamic-rep0,low_high_low,243.50087599,109.48327288299998,0,19,0,4,1578,1578,0.8925339366515838,181,True,True,0.0,True,0,True,False,0.0,False,False,0.0,0,0.8528042175632352,0.9645642390472847,0.88413418520011,False
v9-low_high_low-closed_loop_dynamic-rep0,low_high_low,243.750408169,109.73280506199998,0,19,0,4,1578,1578,0.8925339366515838,181,True,True,0.0,True,0,True,False,0.0,False,False,0.0,0,0.8565584912970587,0.9641549385274317,0.8884033645103694,False
v9-low_high_low-closed_loop_dynamic-rep0,low_high_low,244.000423113,109.982820006,0,19,0,4,1578,1578,0.8925339366515838,181,True,True,0.0,True,0,True,False,0.0,False,False,0.0,0,0.8597828036535068,0.9639993268551468,0.8918914979519484,False
v9-low_high_low-closed_loop_dynamic-rep0,low_high_low,244.250434057,110.23283095,0,19,0,4,1588,1588,0.8981900452488688,171,True,True,0.0,True,0,True,False,0.0,False,False,0.0,0,0.863006926686991,0.9636034673702485,0.8956037996025548,False
v9-low_high_low-closed_loop_dynamic-rep0,low_high_low,244.501120885,110.48351777799999,0,19,0,4,1597,1597,0.9032805429864253,162,True,True,0.0,True,0,True,False,0.0,False,False,0.0,0,0.8665229725226246,0.9632066398985855,0.8996231303117465,False
v9-low_high_low-closed_loop_dynamic-rep0,low_high_low,244.75105063,110.733447523,0,19,0,4,1597,1597,0.9032805429864253,162,True,True,0.0,True,0,True,False,0.0,False,False,0.0,0,0.8697460484196833,0.963079274460633,0.9030887399241143,False
v9-low_high_low-closed_loop_dynamic-rep0,low_high_low,245.000917177,110.98331406999998,0,19,0,4,1598,1598,0.9038461538461539,161,True,True,0.0,True,0,True,False,0.0,False,False,0.0,0,0.8729683093199094,0.9626976909329746,0.9067938123689627,False
v9-low_high_low-closed_loop_dynamic-rep0,low_high_low,245.250731895,111.23312878799999,0,19,0,4,1616,1616,0.9140271493212669,143,True,True,0.0,True,0,True,False,0.0,False,False,0.0,0,0.8762176716139141,0.9623164314592755,0.9105296791879574,False
v9-low_high_low-closed_loop_dynamic-rep0,low_high_low,245.500979678,111.48337657099998,0,26,0,4,2064,2064,1.167420814479638,-305,False,True,0.0,True,0,True,False,0.0,False,False,0.0,0,0.8794448489059954,0.9622030862554294,0.9139908834926925,False
v9-low_high_low-closed_loop_dynamic-rep0,low_high_low,245.751061463,111.733458356,0,26,0,4,2064,2064,1.167420814479638,-305,False,True,0.0,True,0,True,False,0.0,False,False,0.0,0,0.8953437135179877,0.9619484456697958,0.9307606010991246,False
v9-low_high_low-closed_loop_dynamic-rep0,low_high_low,246.00071641,111.98311330299998,0,26,0,4,2064,2064,1.167420814479638,-305,False,True,0.0,True,0,True,False,0.0,False,False,0.0,0,0.911215376275792,0.9615813389284498,0.9476217345182845,False
v9-low_high_low-closed_loop_dynamic-rep0,low_high_low,246.251112765,112.23350965799997,0,26,0,4,2064,2064,1.167420814479638,-305,False,True,0.0,True,0,True,False,0.0,False,False,0.0,0,0.9271041845480766,0.9612280789501128,0.9644996903967813,False
v9-low_high_low-closed_loop_dynamic-rep0,low_high_low,246.500310129,112.482707022,0,26,0,4,2064,2064,1.167420814479638,-305,False,True,0.0,True,0,True,False,0.0,False,False,0.0,0,0.9424112172010194,0.9611153199618775,0.9805391690545522,False
v9-low_high_low-closed_loop_dynamic-rep0,low_high_low,246.750288734,112.732685627,0,26,0,4,2064,2064,1.167420814479638,-305,False,True,0.0,True,0,True,False,0.0,False,False,0.0,0,0.9577662378475121,0.9607623906776581,0.996881484059724,False
v9-low_high_low-closed_loop_dynamic-rep0,low_high_low,247.001086334,112.983483227,0,26,0,4,2064,2064,1.167420814479638,-305,False,True,0.0,True,0,True,False,0.0,False,False,0.0,0,0.9731707567158379,0.9604081604742646,1.0132887211571286,False
v9-low_high_low-closed_loop_dynamic-rep0,low_high_low,247.251109282,113.23350617499997,0,26,0,4,2064,2064,1.167420814479638,-305,False,True,0.0,True,0,True,False,0.0,False,False,0.0,0,0.9879911215067869,0.9603233110575223,1.028810932870927,False
v9-low_high_low-closed_loop_dynamic-rep0,low_high_low,247.501229416,113.48362630899999,0,26,0,4,2071,2071,1.1713800904977376,-312,False,True,0.0,True,0,True,False,0.0,False,False,0.0,0,1.002817247096833,0.9599839127315042,1.044618804333348,False
v9-low_high_low-closed_loop_dynamic-rep0,low_high_low,247.750637442,113.73303433499999,0,17,0,4,1217,1217,0.6883484162895928,542,True,True,0.0,True,0,True,True,0.0,False,False,0.0,0,1.0177979304316744,0.959645712986142,1.060597589984099,False
v9-low_high_low-closed_loop_dynamic-rep0,low_high_low,248.000521015,113.98291790799999,0,17,0,4,1217,1217,0.6883484162895928,542,True,True,0.0,True,0,True,True,0.02498835730000053,False,False,0.0,0,1.0081304890328056,0.9595750445548639,1.050600987128074,False
v9-low_high_low-closed_loop_dynamic-rep0,low_high_low,248.250933334,114.23333022699998,0,17,0,4,1224,1224,0.6923076923076923,535,True,True,0.0,True,0,True,True,0.05002958919999969,False,False,0.0,0,0.9984425916235299,0.9593627656139703,1.040735191535758,False
v9-low_high_low-closed_loop_dynamic-rep0,low_high_low,248.50038888,114.48278577299999,0,17,0,4,1234,1234,0.6979638009049773,525,True,True,0.0,True,0,True,True,0.07497514380000041,False,False,0.0,0,0.9889892423124435,0.9590382683023186,1.0312302178130428,False
v9-low_high_low-closed_loop_dynamic-rep0,low_high_low,248.750923098,114.73331999099997,0,17,0,4,1234,1234,0.6979638009049773,525,True,True,0.0,True,0,True,True,0.10002856559999884,False,False,0.0,0,0.9792409939072403,0.9589810293979631,1.0211265540070131,False
v9-low_high_low-closed_loop_dynamic-rep0,low_high_low,249.00060771,114.98300460299998,0,17,0,4,1241,1241,0.7019230769230769,518,True,True,0.0,True,0,True,False,0.12499702679999984,False,False,0.0,0,0.9695247601371042,0.958910417233936,1.0110691705006045,False
v9-low_high_low-closed_loop_dynamic-rep0,low_high_low,249.250715245,115.233112138,0,17,0,4,1251,1251,0.707579185520362,508,True,True,0.0,True,0,True,False,0.12499702679999984,False,False,0.0,0,0.9599897995969455,0.9585997666964362,1.0014500659699717,False
v9-low_high_low-closed_loop_dynamic-rep0,low_high_low,249.500952653,115.483349546,0,17,0,4,1251,1251,0.707579185520362,508,True,True,0.0,True,0,True,False,0.12499702679999984,False,False,0.0,0,0.9504502061019229,0.958429922301866,0.9916741787643919,False
v9-low_high_low-closed_loop_dynamic-rep0,low_high_low,249.750985355,115.733382248,0,17,0,4,1258,1258,0.7115384615384616,501,True,True,0.0,True,0,True,False,0.12499702679999984,False,False,0.0,0,0.9406640295403845,0.958387343750848,0.9815071491437902,False
v9-low_high_low-closed_loop_dynamic-rep0,low_high_low,250.000821825,115.98321871799999,0,17,0,4,1268,1268,0.7171945701357466,491,True,True,0.0,True,0,True,False,0.12499702679999984,False,False,0.0,0,0.9310831965845023,0.9580905922876127,0.9718112296263912,False
v9-low_high_low-closed_loop_dynamic-rep0,low_high_low,250.250625648,116.233022541,0,17,0,4,1268,1268,0.7171945701357466,491,True,True,0.0,True,0,True,False,0.12499702679999984,False,False,0.0,0,0.9217579515349545,0.9578080033842189,0.96236192251277,False
v9-low_high_low-closed_loop_dynamic-rep0,low_high_low,250.501242845,116.483639738,0,17,0,4,1275,1275,0.7211538461538461,484,True,True,0.0,True,0,True,False,0.12499702679999984,False,False,0.0,0,0.9118789050501123,0.9577533235869907,0.9521020523686945,False
v9-low_high_low-closed_loop_dynamic-rep0,low_high_low,250.750789706,116.73318659899999,0,17,0,4,1276,1276,0.7217194570135747,483,True,True,0.0,True,0,True,False,0.12499702679999984,False,False,0.0,0,0.8896060008273748,0.9559043055558254,0.9306433663462784,False
v9-low_high_low-closed_loop_dynamic-rep0,low_high_low,251.000533072,116.98292996499998,0,17,0,4,1285,1285,0.7268099547511312,474,True,True,0.0,True,0,True,False,0.12499702679999984,False,False,0.0,0,0.867343809378507,0.9540538315204182,0.9091141198985316,False
v9-low_high_low-closed_loop_dynamic-rep0,low_high_low,251.250266665,117.23266355799998,0,17,0,4,1292,1292,0.7307692307692307,467,True,True,0.0,True,0,True,False,0.12499702679999984,False,False,0.0,0,0.8453367427555429,0.9522034298980768,0.887769058809237,False
v9-low_high_low-closed_loop_dynamic-rep0,low_high_low,251.500205299,117.48260219199997,0,17,0,4,1293,1293,0.7313348416289592,466,True,True,0.0,True,0,True,False,0.12499702679999984,False,False,0.0,0,0.8235095226822408,0.9503515090239819,0.866531504251507,False
v9-low_high_low-closed_loop_dynamic-rep0,low_high_low,251.750830679,117.73322757199998,0,17,0,4,1302,1302,0.7364253393665159,457,True,True,0.0,True,0,True,False,0.12499702679999984,False,False,0.0,0,0.8016506801505663,0.9484944997038461,0.8451822128656205,False
v9-low_high_low-closed_loop_dynamic-rep0,low_high_low,252.001211427,117.98360831999997,0,17,0,4,1309,1309,0.7403846153846154,450,True,True,0.0,True,0,True,False,0.12499702679999984,False,False,0.0,0,0.7800680862618787,0.9466393029850678,0.8240394031835201,False
v9-low_high_low-closed_loop_dynamic-rep0,low_high_low,252.251029424,118.23342631699998,0,17,0,4,1310,1310,0.7409502262443439,449,True,True,0.0,True,0,True,False,0.12499702679999984,False,False,0.0,0,0.7587318206809959,0.9447882759710973,0.8030707407975994,False
v9-low_high_low-closed_loop_dynamic-rep0,low_high_low,252.500429549,118.48282644199998,0,17,0,4,1319,1319,0.7460407239819005,440,True,True,0.0,True,0,True,False,0.12499702679999984,False,False,0.0,0,0.7374594570780552,0.9429403451806563,0.7820849546285631,True
v9-low_high_low-closed_loop_dynamic-rep0,low_high_low,252.750186358,118.732583251,0,17,0,4,1326,1326,0.75,433,True,True,0.0,True,0,True,False,0.12499702679999984,False,False,0.0,0,0.7162138098722843,0.9411883404643101,0.7609675758615533,True
v9-low_high_low-closed_loop_dynamic-rep0,low_high_low,253.000252926,118.98264981899999,0,17,0,4,1327,1327,0.7505656108597285,432,True,True,0.0,True,0,True,False,0.12499702679999984,False,False,0.0,0,0.7192536322903846,0.927250365241742,0.7756843882211566,True
v9-low_high_low-closed_loop_dynamic-rep0,low_high_low,253.25049089,119.232887783,0,17,0,4,1336,1336,0.755656108597285,423,True,True,0.0,True,0,True,False,0.12499702679999984,False,False,0.0,0,0.7223674531093893,0.9240174891209844,0.7817681608998286,True
v9-low_high_low-closed_loop_dynamic-rep0,low_high_low,253.500771352,119.48316824499997,0,17,0,4,1343,1343,0.7596153846153846,416,True,True,0.0,True,0,True,False,0.12499702679999984,False,False,0.0,0,0.7255383449795247,0.9208890245005094,0.7878672952726927,True
v9-low_high_low-closed_loop_dynamic-rep0,low_high_low,253.750324892,119.732721785,0,17,0,4,1343,1343,0.7596153846153846,416,True,True,0.0,True,0,True,False,0.12499702679999984,False,False,0.0,0,0.7286154191718327,0.9179107554428168,0.793775881643674,True
v9-low_high_low-closed_loop_dynamic-rep0,low_high_low,254.000885005,119.98328189799997,0,17,0,4,1353,1353,0.7652714932126696,406,True,True,0.0,True,0,True,False,0.12499702679999984,False,False,0.0,0,0.7317046851505655,0.9146514746143668,0.7999819663102442,True
v9-low_high_low-closed_loop_dynamic-rep0,low_high_low,254.250355092,120.232751985,0,17,0,4,1353,1353,0.7652714932126696,406,True,True,0.0,True,0,True,False,0.12499702679999984,False,False,0.0,0,0.734865392135181,0.9115048779287896,0.8062111459074294,False
v9-low_high_low-closed_loop_dynamic-rep0,low_high_low,254.500556541,120.482953434,0,17,0,4,1360,1360,0.7692307692307693,399,True,True,0.0,True,0,True,False,0.12499702679999984,False,False,0.0,0,0.7377527393442308,0.9084903694351812,0.8120644578796141,False
v9-low_high_low-closed_loop_dynamic-rep0,low_high_low,254.750155602,120.732552495,0,17,0,4,1370,1370,0.7748868778280543,389,True,True,0.0,True,0,True,False,0.12499702679999984,False,False,0.0,0,0.7408303748248869,0.9052155062507354,0.8184022144000751,False
v9-low_high_low-closed_loop_dynamic-rep0,low_high_low,255.000850487,120.98324738,0,17,0,4,1370,1370,0.7748868778280543,389,True,True,0.0,True,0,True,False,0.12499702679999984,False,False,0.0,0,0.7440072242333711,0.9020247895778846,0.82481904358919,False
v9-low_high_low-closed_loop_dynamic-rep0,low_high_low,255.250428188,121.23282508099999,0,17,0,4,1377,1377,0.7788461538461539,382,True,True,0.0,True,0,True,False,0.12499702679999984,False,False,0.0,0,0.7468869669372171,0.8989897666302038,0.8308069731837631,False
v9-low_high_low-closed_loop_dynamic-rep0,low_high_low,255.501318617,121.48371551,0,16,0,4,1290,1290,0.7296380090497737,469,True,True,0.0,True,0,True,False,0.12499702679999984,False,False,0.0,0,0.7499804653938915,0.8956692694899322,0.8373408477227227,False
v9-low_high_low-closed_loop_dynamic-rep0,low_high_low,255.750849785,121.733246678,0,24,0,4,1802,1802,1.0192307692307692,-43,False,True,0.0,True,0,True,False,0.12499702679999984,False,False,0.0,0,0.7504038712130091,0.8924654507649888,0.8408211999352919,False
v9-low_high_low-closed_loop_dynamic-rep0,low_high_low,256.001149026,121.983545919,0,24,0,4,1802,1802,1.0192307692307692,-43,False,True,0.0,True,0,True,False,0.12499702679999984,False,False,0.0,0,0.7652966152378956,0.8892661804634615,0.8605934106692821,False
v9-low_high_low-closed_loop_dynamic-rep0,low_high_low,256.251080339,122.23347723199998,0,24,0,4,1802,1802,1.0192307692307692,-43,False,True,0.0,True,0,True,False,0.12499702679999984,False,False,0.0,0,0.7799129945481891,0.8861839385587107,0.8800802639423135,False
v9-low_high_low-closed_loop_dynamic-rep0,low_high_low,256.500376037,122.48277293000001,0,24,0,4,1802,1802,1.0192307692307692,-43,False,True,0.0,True,0,True,False,0.12499702679999984,False,False,0.0,0,0.7942954193493218,0.8829549485075792,0.8995877090806108,False
v9-low_high_low-closed_loop_dynamic-rep0,low_high_low,256.750529689,122.732926582,0,24,0,4,1802,1802,1.0192307692307692,-43,False,True,0.0,True,0,True,False,0.12499702679999984,False,False,0.0,0,0.8086990628864257,0.8797289851220587,0.9192593134512013,False
v9-low_high_low-closed_loop_dynamic-rep0,low_high_low,257.001119889,122.98351678199998,0,24,0,4,1802,1802,1.0192307692307692,-43,False,True,0.0,True,0,True,False,0.12499702679999984,False,False,0.0,0,0.8228730231703608,0.8766243612386315,0.9386837276660639,False
v9-low_high_low-closed_loop_dynamic-rep0,low_high_low,257.250631526,123.233028419,0,24,0,4,1802,1802,1.0192307692307692,-43,False,True,0.0,True,0,True,False,0.12499702679999984,False,False,0.0,0,0.8367881677186647,0.8733643030421948,0.9581204141317383,False
v9-low_high_low-closed_loop_dynamic-rep0,low_high_low,257.500403892,123.482800785,0,24,0,4,1802,1802,1.0192307692307692,-43,False,True,0.0,True,0,True,False,0.12499702679999984,False,False,0.0,0,0.8506895706564477,0.8701149793952488,0.9776748944693466,False
v9-low_high_low-closed_loop_dynamic-rep0,low_high_low,257.750192899,123.732589792,0,24,0,4,1810,1810,1.0237556561085972,-51,False,True,0.0,True,0,True,False,0.12499702679999984,False,False,0.0,0,0.8643375656233031,0.8669926063368212,0.9969376431885203,False
v9-low_high_low-closed_loop_dynamic-rep0,low_high_low,258.000525634,123.98292252699997,0,24,0,4,1817,1817,1.0277149321266967,-58,False,True,0.0,True,0,True,False,0.10000820760000124,False,False,0.0,0,0.8780435351970572,0.8636936680248306,1.0166145332581205,False
v9-low_high_low-closed_loop_dynamic-rep0,low_high_low,258.250471234,124.23286812699996,0,24,0,4,1817,1817,1.0277149321266967,-58,False,True,0.0,True,0,True,False,0.07501364760000229,False,False,0.0,0,0.8918979858757895,0.8604138388845591,1.0365918649472752,False
v9-low_high_low-closed_loop_dynamic-rep0,low_high_low,258.500405008,124.48280190099996,0,24,0,4,1834,1834,1.0373303167420815,-75,False,True,0.0,True,0,True,False,0.050020270200002416,False,False,0.0,0,0.9054973435904955,0.8572613836523193,1.0562675058716273,False
v9-low_high_low-closed_loop_dynamic-rep0,low_high_low,258.751193281,124.73359017399997,0,24,0,4,1834,1834,1.0373303167420815,-75,False,True,0.0,True,0,True,False,0.02494144290000122,False,False,0.0,0,0.9194271633247721,0.8539283033409506,1.0767029968763895,False
v9-low_high_low-closed_loop_dynamic-rep0,low_high_low,259.000406872,124.98280376499997,0,24,0,4,1841,1841,1.041289592760181,-82,False,True,0.0,True,0,True,False,2.008380000120269e-05,False,False,0.0,0,0.9332692304266953,0.8506157923746043,1.0971689437147096,False
v9-low_high_low-closed_loop_dynamic-rep0,low_high_low,259.251135139,125.23353203199997,0,24,0,4,1858,1858,1.0509049773755657,-99,False,True,0.0,True,0,True,False,0.0,False,False,0.0,0,0.9471108792531657,0.847424296208032,1.1176347946255507,False
v9-low_high_low-closed_loop_dynamic-rep0,low_high_low,259.50075673,125.48315362299996,0,24,0,4,1858,1858,1.0509049773755657,-99,False,True,0.0,True,0,True,False,0.0,False,False,0.0,0,0.9613707776843873,0.8441064414251136,1.138921266921379,False
v9-low_high_low-closed_loop_dynamic-rep0,low_high_low,259.750843694,125.73324058700001,0,24,0,4,1865,1865,1.0548642533936652,-106,False,True,0.0,True,0,True,False,0.0,False,False,0.0,0,0.9754586088101818,0.8407546058960971,1.1602179779562596,False
v9-low_high_low-closed_loop_dynamic-rep0,low_high_low,260.000762515,125.983159408,0,24,0,4,1882,1882,1.0644796380090498,-123,False,True,0.0,True,0,True,False,0.0,False,False,0.0,0,0.9894529319317877,0.8375458065540723,1.181371722225808,False
v9-low_high_low-closed_loop_dynamic-rep0,low_high_low,260.250488821,126.23288571399996,0,24,0,4,1882,1882,1.0644796380090498,-123,False,True,0.0,True,0,True,False,0.0,False,False,0.0,0,1.0039166699680975,0.8343253869457584,1.2032675568499327,False
v9-low_high_low-closed_loop_dynamic-rep0,low_high_low,260.500675496,126.48307238899997,0,24,0,4,1889,1889,1.0684389140271493,-130,False,True,0.0,True,0,True,False,0.0,False,False,0.0,0,1.018209008302374,0.8309435860411767,1.2253647845738562,False
v9-low_high_low-closed_loop_dynamic-rep0,low_high_low,260.750353912,126.73275080499997,0,24,0,4,1898,1898,1.0735294117647058,-139,False,True,0.0,True,0,True,False,0.0,False,False,0.0,0,1.035120933602939,0.8200239667583153,1.262305707594055,False
v9-low_high_low-closed_loop_dynamic-rep0,low_high_low,261.00093557,126.98333246300001,0,24,0,4,1906,1906,1.0780542986425339,-147,False,True,0.0,True,0,True,False,0.0,False,False,0.0,0,1.0378709026237558,0.8162962359114813,1.2714390400990432,False
v9-low_high_low-closed_loop_dynamic-rep0,low_high_low,261.250319397,127.23271628999998,0,24,0,4,1913,1913,1.0820135746606334,-154,False,True,0.0,True,0,True,False,0.0,False,False,0.0,0,1.0408048300002262,0.812600615850735,1.2808319483127362,False
v9-low_high_low-closed_loop_dynamic-rep0,low_high_low,261.500146531,127.48254342399997,0,24,0,4,1913,1913,1.0820135746606334,-154,False,True,0.0,True,0,True,False,0.0,False,False,0.0,0,1.0439417996692304,0.8088984264215497,1.2905721726861044,False
v9-low_high_low-closed_loop_dynamic-rep0,low_high_low,261.751157158,127.733554051,0,24,0,4,1930,1930,1.091628959276018,-171,False,True,0.0,True,0,True,False,0.0,False,False,0.0,0,1.047093629940385,0.8051786988042415,1.300448746961895,False
v9-low_high_low-closed_loop_dynamic-rep0,low_high_low,262.001023892,127.98342078499996,0,24,0,4,1937,1937,1.0955882352941178,-178,False,True,0.0,True,0,True,False,0.0,False,False,0.0,0,1.050711609799208,0.8014759225424773,1.3109708978731316,False
v9-low_high_low-closed_loop_dynamic-rep0,low_high_low,262.250510975,128.23290786799998,0,24,0,4,1937,1937,1.0955882352941178,-178,False,True,0.0,True,0,True,False,0.0,False,False,0.0,0,1.0545216500938916,0.7977787723305994,1.3218221475275078,False
v9-low_high_low-closed_loop_dynamic-rep0,low_high_low,262.500687298,128.483084191,0,24,0,4,1954,1954,1.1052036199095023,-195,False,True,0.0,True,0,True,False,0.0,False,False,0.0,0,1.0583422161125569,0.7940714082680427,1.3328048398328785,False
v9-low_high_low-closed_loop_dynamic-rep0,low_high_low,262.751301682,128.733698575,0,24,0,4,1954,1954,1.1052036199095023,-195,False,True,0.0,True,0,True,False,0.0,False,False,0.0,0,1.0626504192917425,0.7902911286726814,1.3446315930137,False
v9-low_high_low-closed_loop_dynamic-rep0,low_high_low,263.000742383,128.98313927599997,0,24,0,4,1961,1961,1.1091628959276019,-202,False,True,0.0,True,0,True,False,0.0,False,False,0.0,0,1.0667135350950228,0.7986576361916848,1.3356330507043472,False
v9-low_high_low-closed_loop_dynamic-rep0,low_high_low,263.250946783,129.233343676,0,24,0,4,1978,1978,1.1187782805429864,-219,False,True,0.0,True,0,True,False,0.0,False,False,0.0,0,1.0707892628778282,0.807148730414367,1.3266319112316707,False
v9-low_high_low-closed_loop_dynamic-rep0,low_high_low,263.501113496,129.483510389,0,24,0,4,1978,1978,1.1187782805429864,-219,False,True,0.0,True,0,True,False,0.0,False,False,0.0,0,1.0753441041105205,0.8155397744723418,1.3185673314416495,False
v9-low_high_low-closed_loop_dynamic-rep0,low_high_low,263.750697554,129.73309444699998,0,24,0,4,1985,1985,1.122737556561086,-226,False,True,0.0,True,0,True,False,0.0,False,False,0.0,0,1.0794097267747738,0.8240098216895358,1.309947646693786,False
v9-low_high_low-closed_loop_dynamic-rep0,low_high_low,264.00017522,129.982572113,0,24,0,4,1994,1994,1.1278280542986425,-235,False,True,0.0,True,0,True,False,0.0,False,False,0.0,0,1.0836711665446834,0.8324762583184958,1.3017442308007339,False
v9-low_high_low-closed_loop_dynamic-rep0,low_high_low,264.250099796,130.23249668899996,0,24,0,4,2002,2002,1.1323529411764706,-243,False,True,0.0,True,0,True,False,0.0,False,False,0.0,0,1.0879969676410626,0.8409579410937204,1.2937590745930194,False
v9-low_high_low-closed_loop_dynamic-rep0,low_high_low,264.500441409,130.482838302,0,24,0,4,2009,2009,1.13631221719457,-250,False,True,0.0,True,0,True,False,0.0,False,False,0.0,0,1.092076921611991,0.8495521669279981,1.2854736461457905,False
v9-low_high_low-closed_loop_dynamic-rep0,low_high_low,264.750191432,130.732588325,0,24,0,4,2009,2009,1.13631221719457,-250,False,True,0.0,True,0,True,False,0.0,False,False,0.0,0,1.0963430136338235,0.8581267293692306,1.277600354483416,False
v9-low_high_low-closed_loop_dynamic-rep0,low_high_low,265.001126306,130.983523199,0,24,0,4,2026,2026,1.1459276018099547,-267,False,True,0.0,True,0,True,False,0.0,False,False,0.0,0,1.1004304574395927,0.8667422044700223,1.2696167923569168,False
v9-low_high_low-closed_loop_dynamic-rep0,low_high_low,265.251124623,131.233521516,0,24,0,4,2026,2026,1.1459276018099547,-267,False,True,0.0,True,0,True,False,0.0,False,False,0.0,0,1.1045028282142533,0.8754242727187782,1.2616771805790041,False
v9-low_high_low-closed_loop_dynamic-rep0,low_high_low,265.501190525,131.483587418,0,24,0,4,2033,2033,1.1498868778280542,-274,False,True,0.0,True,0,True,False,0.0,False,False,0.0,0,1.1085758920926474,0.8841088920078626,1.2538906712893785,False
v9-low_high_low-closed_loop_dynamic-rep0,low_high_low,265.75048083,131.732877723,1,32,0,4,2545,2545,1.4394796380090498,-786,False,True,0.0,True,0,True,False,0.0,False,False,0.0,0,1.1126366004250001,0.8927664573795816,1.2462795742693717,False
v9-low_high_low-closed_loop_dynamic-rep0,low_high_low,266.000070528,131.98246742099997,1,32,0,4,2545,2545,1.4394796380090498,-786,False,True,0.024958969799996567,True,0,True,False,0.0,False,False,0.04991793959999313,0,1.1309040817152691,0.9015472888859153,1.2544035078989377,False
v9-low_high_low-closed_loop_dynamic-rep0,low_high_low,266.250273811,132.232670704,1,32,0,4,2545,2545,1.4394796380090498,-786,False,True,0.04997929809999846,True,0,True,False,0.0,False,False,0.09995859619999692,0,1.1489908258524877,0.9103353788904973,1.2621621135420003,False
v9-low_high_low-closed_loop_dynamic-rep0,low_high_low,266.500839825,132.483236718,1,32,0,4,2545,2545,1.4394796380090498,-786,False,True,0.07503589949999992,True,0,True,False,0.0,False,False,0.15007179899999984,0,1.1669046312766969,0.919136314471154,1.2695664537507716,False
v9-low_high_low-closed_loop_dynamic-rep0,low_high_low,266.750174476,132.73257136899997,1,32,0,4,2545,2545,1.4394796380090498,-786,False,True,0.09996936459999688,True,0,True,False,0.0,False,False,0.19993872919999375,0,1.184730366506559,0.9278799504225104,1.2768142753457403,False
v9-low_high_low-closed_loop_dynamic-rep0,low_high_low,267.000695425,132.983092318,1,32,0,4,2545,2545,1.4394796380090498,-786,False,True,0.12502145949999885,True,0,True,False,0.0,False,False,0.2500429189999977,0,1.2021610327089358,0.9367779343707576,1.283293498492189,False
v9-low_high_low-closed_loop_dynamic-rep0,low_high_low,267.250620711,133.233017604,1,32,0,4,2545,2545,1.4394796380090498,-786,False,True,0.15001398809999955,True,0,True,False,0.0,False,False,0.3000279761999991,0,1.2193507242425337,0.9456554452504525,1.2894238915100775,False
v9-low_high_low-closed_loop_dynamic-rep0,low_high_low,267.500929055,133.48332594799996,1,32,0,4,2545,2545,1.4394796380090498,-786,False,True,0.1750448224999957,True,0,True,False,0.0,False,False,0.3500896449999914,0,1.2365660368311058,0.9545323318294103,1.2954679434075986,False
v9-low_high_low-closed_loop_dynamic-rep0,low_high_low,267.751030533,133.733427426,1,32,0,4,2553,2553,1.4440045248868778,-794,False,True,0.20005497029999902,True,0,True,False,0.0,False,False,0.40010994059999805,0,1.2532866220684382,0.9635147147086538,1.3007446621584864,False
v9-low_high_low-closed_loop_dynamic-rep0,low_high_low,268.00088023,133.983277123,1,32,0,4,2570,2570,1.4536199095022624,-811,False,True,0.22503993999999922,True,0,True,False,0.0,False,False,0.45007987999999843,0,1.2702163736039587,0.9723894854858598,1.3062835340812926,False
v9-low_high_low-closed_loop_dynamic-rep0,low_high_low,268.250314089,134.23271098200001,1,32,0,4,2570,2570,1.4536199095022624,-811,False,True,0.24998332590000133,True,0,True,False,0.0,False,False,0.49996665180000266,0,1.2874002220350689,0.9813341159500005,1.3118877669801328,False
v9-low_high_low-closed_loop_dynamic-rep0,low_high_low,268.500120337,134.48251722999998,1,32,0,4,2577,2577,1.457579185520362,-818,False,True,0.27496395069999835,True,0,True,False,0.0,False,False,0.5499279013999967,0,1.3041305449552025,0.9904046163248299,1.3167654143157566,False
v9-low_high_low-closed_loop_dynamic-rep0,low_high_low,268.751148406,134.733545299,1,32,0,4,2602,2602,1.4717194570135748,-843,False,True,0.30006675760000123,True,0,True,False,0.0,False,False,0.6001335152000025,0,1.3211398953360867,0.9994210494065052,1.32190521314378,False
v9-low_high_low-closed_loop_dynamic-rep0,low_high_low,269.001078307,134.9834752,1,32,0,4,2602,2602,1.4717194570135748,-843,False,True,0.3250597476999985,True,0,True,False,0.0,False,False,0.650119495399997,0,1.3385831782697954,1.0084969086375566,1.327305187358654,False
v9-low_high_low-closed_loop_dynamic-rep0,low_high_low,269.251170051,135.23356694399996,1,32,0,4,2609,2609,1.4756787330316743,-850,False,True,0.3500689220999959,True,0,True,False,0.0,False,False,0.7001378441999918,0,1.3557830898435492,1.017564633181899,1.3323803182939344,False
v9-low_high_low-closed_loop_dynamic-rep0,low_high_low,269.500194576,135.482591469,0,24,0,4,2681,1817,1.5164027149321266,-58,False,True,0.37497137459999974,True,0,True,False,0.0,False,False,0.7499427491999995,0,1.3728823982909502,1.0267058615034503,1.3371720662825264,False
v9-low_high_low-closed_loop_dynamic-rep0,low_high_low,269.750932049,135.733328942,0,24,0,4,2681,1817,1.5164027149321266,-58,False,True,0.37497137459999974,True,0,True,False,0.0,False,False,0.7499427491999995,0,1.391943179929752,1.0359095753852952,1.3436917787076483,False
v9-low_high_low-closed_loop_dynamic-rep0,low_high_low,270.001138845,135.983535738,0,24,0,4,1826,1826,1.0328054298642535,-67,False,True,0.37497137459999974,True,0,True,False,0.0,False,False,0.7499427491999995,0,1.4109634009420815,1.0449526950576358,1.3502653350870184,False
v9-low_high_low-closed_loop_dynamic-rep0,low_high_low,270.250459413,136.23285630599997,0,24,0,4,1826,1826,1.0328054298642535,-67,False,True,0.37497137459999974,True,0,True,False,0.0,False,False,0.7499427491999995,0,1.405322664109503,1.0542034911002254,1.3330658416268666,False
v9-low_high_low-closed_loop_dynamic-rep0,low_high_low,270.501083778,136.483480671,0,24,0,4,1833,1833,1.036764705882353,-74,False,True,0.37497137459999974,True,0,True,False,0.0,False,False,0.7499427491999995,0,1.3996524296072401,1.0634034465801472,1.3162007647318175,False
v9-low_high_low-closed_loop_dynamic-rep0,low_high_low,270.7511873,136.733584193,0,24,0,4,1850,1850,1.0463800904977376,-91,False,True,0.37497137459999974,True,0,True,False,0.0,False,False,0.7498014551999972,0,1.3939531456919674,1.0739235056063923,1.2980004054430954,False
v9-low_high_low-closed_loop_dynamic-rep0,low_high_low,271.000411834,136.98280872699996,0,24,0,4,1850,1850,1.0463800904977376,-91,False,True,0.37497137459999974,True,0,True,False,0.0,False,False,0.6999565484000072,0,1.3743591353831481,1.0843971384549191,1.2673946533475506,False
v9-low_high_low-closed_loop_dynamic-rep0,low_high_low,271.250885317,137.23328220999997,0,24,0,4,1857,1857,1.0503393665158371,-98,False,True,0.37497137459999974,True,0,True,False,0.0,False,False,0.6498618518000058,0,1.354666932816971,1.0949232582438904,1.237225460887254,False
v9-low_high_low-closed_loop_dynamic-rep0,low_high_low,271.50094051,137.483337403,0,24,0,4,1866,1866,1.0554298642533937,-107,False,True,0.37497137459999974,True,0,True,False,0.0,False,False,0.5998508131999983,0,1.3352056236785064,1.1054317994429304,1.2078588876775282,False
v9-low_high_low-closed_loop_dynamic-rep0,low_high_low,271.750811265,137.73320815799997,0,24,0,4,1874,1874,1.0599547511312217,-115,False,True,0.37497137459999974,True,0,True,False,0.0,False,False,0.5498766622000062,0,1.3160130622933284,1.1159325896558814,1.1792944076479974,False
v9-low_high_low-closed_loop_dynamic-rep0,low_high_low,272.000781579,137.98317847199996,0,24,0,4,1881,1881,1.0639140271493213,-122,False,True,0.37497137459999974,True,0,True,False,0.0,False,False,0.4998825994000072,0,1.2970390712645956,1.1264375638245459,1.1514522534749407,False
v9-low_high_low-closed_loop_dynamic-rep0,low_high_low,272.250538746,138.232935639,0,24,0,4,1890,1890,1.0690045248868778,-131,False,True,0.37497137459999974,True,0,True,False,0.0,False,False,0.44993116599999894,0,1.2782790306664027,1.1369335805146492,1.1243216425077105,False
v9-low_high_low-closed_loop_dynamic-rep0,low_high_low,272.500420421,138.482817314,0,24,0,4,1898,1898,1.0735294117647058,-139,False,True,0.37497137459999974,True,0,True,False,0.0,False,False,0.3999548310000023,0,1.2597640423038472,1.1474348296393662,1.0978959412446854,False
v9-low_high_low-closed_loop_dynamic-rep0,low_high_low,272.750592643,138.732989536,0,24,0,4,1905,1905,1.0774886877828054,-146,False,True,0.37497137459999974,True,0,True,False,0.0,False,False,0.34992038660000163,0,1.241453926055657,1.1579481080892529,1.0721153369335334,False
v9-low_high_low-closed_loop_dynamic-rep0,low_high_low,273.000968806,138.983365699,0,24,0,4,1914,1914,1.082579185520362,-155,False,True,0.37497137459999974,True,0,True,False,0.0,False,False,0.2998451540000019,0,1.2231007862031684,1.1684698495811645,1.0467542544136559,False
v9-low_high_low-closed_loop_dynamic-rep0,low_high_low,273.250675267,139.23307216,0,24,0,4,1922,1922,1.08710407239819,-163,False,True,0.37497137459999974,True,0,True,False,0.0,False,False,0.2499038617999986,0,1.2045705329886875,1.179104972043439,1.021597365416173,False
v9-low_high_low-closed_loop_dynamic-rep0,low_high_low,273.500428446,139.482825339,0,24,0,4,1922,1922,1.08710407239819,-163,False,True,0.37497137459999974,True,0,True,False,0.0,False,False,0.19995322600000237,0,1.1862625899168564,1.1897421837009043,0.9970753379751367,False
v9-low_high_low-closed_loop_dynamic-rep0,low_high_low,273.750995388,139.73339228099996,0,24,0,4,1929,1929,1.0910633484162895,-170,False,True,0.37497137459999974,True,0,True,False,0.0,False,False,0.14983983760000683,0,1.1676968266804328,1.200272231093777,0.9728599866184865,False
v9-low_high_low-closed_loop_dynamic-rep0,low_high_low,274.000428875,139.982825768,0,24,0,4,1946,1946,1.1006787330316743,-187,False,True,0.37497137459999974,True,0,True,False,0.0,False,False,0.09995314020000023,0,1.1487075833205886,1.2111071258078618,0.9484772724414036,False
v9-low_high_low-closed_loop_dynamic-rep0,low_high_low,274.25022188,140.232618773,0,24,0,4,1946,1946,1.1006787330316743,-187,False,True,0.37497137459999974,True,0,True,False,0.0,False,False,0.04999453919999723,0,1.1301709078364246,1.2218589627312222,0.9249601977876013,False
v9-low_high_low-closed_loop_dynamic-rep0,low_high_low,274.500723091,140.48311998399998,0,24,0,4,1953,1953,1.1046380090497738,-194,False,True,0.37497137459999974,True,0,True,False,0.0,False,False,0.0,0,1.111379763178508,1.2325022518006215,0.9017263551079442,False
v9-low_high_low-closed_loop_dynamic-rep0,low_high_low,274.750648722,140.73304561499998,0,24,0,4,1962,1962,1.1097285067873304,-203,False,True,0.37497137459999974,True,0,True,False,0.0,False,False,0.0,0,1.0907976523902732,1.2441362333794108,0.8767509723813537,False
v9-low_high_low-closed_loop_dynamic-rep0,low_high_low,275.000366332,140.98276322499999,0,24,0,4,1970,1970,1.1142533936651584,-211,False,True,0.37497137459999974,True,0,True,False,0.0,False,False,0.0,0,1.0704869101289607,1.2556617387280538,0.8525280950372276,False
v9-low_high_low-closed_loop_dynamic-rep0,low_high_low,275.250755945,141.23315283799997,0,24,0,4,1977,1977,1.118212669683258,-218,False,True,0.37497137459999974,True,0,True,False,0.0,False,False,0.0,0,1.0744909379182124,1.2549063889202492,0.8562319447928937,False
v9-low_high_low-closed_loop_dynamic-rep0,low_high_low,275.501038554,141.48343544699998,0,24,0,4,1985,1985,1.122737556561086,-226,False,True,0.37497137459999974,True,0,True,False,0.0,False,False,0.0,0,1.0787661272800906,1.254113494830317,0.860182217739431,False
v9-low_high_low-closed_loop_dynamic-rep0,low_high_low,275.751020293,141.733417186,0,24,0,4,1994,1994,1.1278280542986425,-235,False,True,0.3749174283000002,True,0,True,False,0.0,False,False,0.0,0,1.083064491634842,1.2533213403404413,0.8641554697701451,False
v9-low_high_low-closed_loop_dynamic-rep0,low_high_low,276.000312734,141.98270962699996,0,24,0,4,1994,1994,1.1278280542986425,-235,False,True,0.3499881842000036,True,0,True,False,0.0,False,False,0.0,0,1.0871256851442304,1.252644367699774,0.8678645856529216,False
v9-low_high_low-closed_loop_dynamic-rep0,low_high_low,276.250455768,142.23285266099998,0,24,0,4,2001,2001,1.131787330316742,-242,False,True,0.3249738808000018,True,0,True,False,0.0,False,False,0.0,0,1.091200413299887,1.2518522872804865,0.871668666013625,False
v9-low_high_low-closed_loop_dynamic-rep0,low_high_low,276.500934833,142.48333172599996,0,24,0,4,2010,2010,1.1368778280542986,-251,False,True,0.2999259743000039,True,0,True,False,0.0,False,False,0.0,0,1.0952809554042982,1.2510587446061088,0.8754832338022172,False
v9-low_high_low-closed_loop_dynamic-rep0,low_high_low,276.750528486,142.732925379,0,24,0,4,2018,2018,1.1414027149321266,-259,False,True,0.27496660900000053,True,0,True,False,0.0,False,False,0.0,0,1.0993467401469457,1.2503952291771494,0.8791994039119898,False
v9-low_high_low-closed_loop_dynamic-rep0,low_high_low,277.000212984,142.98260987699996,0,24,0,4,2025,2025,1.1453619909502262,-266,False,True,0.249998159200004,True,0,True,False,0.0,False,False,0.0,0,1.1034142548464927,1.2496048498391406,0.883010541283137,False
v9-low_high_low-closed_loop_dynamic-rep0,low_high_low,277.25114646,143.23354335299996,0,24,0,4,2034,2034,1.1504524886877827,-275,False,True,0.224904811600004,True,0,True,False,0.0,False,False,0.0,0,1.1075016905119908,1.2488104432192875,0.8868453146956241,False
v9-low_high_low-closed_loop_dynamic-rep0,low_high_low,277.501150042,143.483546935,0,24,0,4,2042,2042,1.1549773755656108,-283,False,True,0.19990445340000065,True,0,True,False,0.0,False,False,0.0,0,1.11157348676086,1.2481457261359163,0.8905798926237044,False
v9-low_high_low-closed_loop_dynamic-rep0,low_high_low,277.750608673,143.73300556599997,0,17,0,4,1370,1370,0.7748868778280543,389,True,True,0.17495859030000246,True,0,True,False,0.0,False,False,0.0,0,1.115637053576923,1.2473555920224548,0.8944017734093258,False
v9-low_high_low-closed_loop_dynamic-rep0,low_high_low,278.000745613,143.98314250599998,0,17,0,4,1378,1378,0.7794117647058824,381,True,True,0.14994489630000202,True,0,True,False,0.0,False,False,0.0,0,1.1004986754208141,1.2466623379121604,0.8827560133595334,False
v9-low_high_low-closed_loop_dynamic-rep0,low_high_low,278.250300569,144.23269746199998,0,17,0,4,1387,1387,0.7845022624434389,372,True,True,0.1249894007000023,True,0,True,False,0.0,False,False,0.0,0,1.0853675161811083,1.2459988146277148,0.8710823023578873,False
v9-low_high_low-closed_loop_dynamic-rep0,low_high_low,278.500122413,144.48251930599997,0,17,0,4,1387,1387,0.7845022624434389,372,True,True,0.10000721630000271,True,0,True,False,0.0,False,False,0.0,0,1.0702485468421945,1.2452079755321266,0.8594938097668664,False
v9-low_high_low-closed_loop_dynamic-rep0,low_high_low,278.750391474,144.732788367,0,17,0,4,1387,1387,0.7845022624434389,372,True,True,0.0749803101999987,True,0,True,False,0.0,False,False,0.0,0,1.0551021726753367,1.2444152680990945,0.8478698387292026,False
v9-low_high_low-closed_loop_dynamic-rep0,low_high_low,279.001203321,144.98360021399998,0,17,0,4,1404,1404,0.7941176470588235,355,True,True,0.049899125500002126,True,0,True,False,0.0,False,False,0.0,0,1.0397233311303162,1.2436209448187214,0.8360452077155015,False
v9-low_high_low-closed_loop_dynamic-rep0,low_high_low,279.250530272,145.23292716499998,0,17,0,4,1404,1404,0.7941176470588235,355,True,True,0.02496643040000208,True,0,True,False,0.0,False,False,0.0,0,1.0244365429581443,1.2429438442838798,0.8242017913113138,False
v9-low_high_low-closed_loop_dynamic-rep0,low_high_low,279.500571924,145.48296881699997,0,17,0,4,1404,1404,0.7941176470588235,355,True,True,0.0,True,0,True,False,0.0,False,False,0.0,0,1.0091059348830318,1.2421518054763574,0.812385354538889,False
v9-low_high_low-closed_loop_dynamic-rep0,low_high_low,279.750290885,145.732687778,0,17,0,4,1421,1421,0.8037330316742082,338,True,True,0.0,True,0,True,False,0.0,False,False,0.0,0,0.9935974901522601,1.241360780590328,0.8004099256944107,False
v9-low_high_low-closed_loop_dynamic-rep0,low_high_low,280.00103493,145.983431823,0,17,0,4,1421,1421,0.8037330316742082,338,True,True,0.0,True,0,True,False,0.0,False,False,0.0,0,0.9782519407635737,1.2406943302586537,0.788471355841235,True
v9-low_high_low-closed_loop_dynamic-rep0,low_high_low,280.251050101,146.23344699399996,0,17,0,4,1421,1421,0.8037330316742082,338,True,True,0.0,True,0,True,False,0.0,False,False,0.0,0,0.9627247475541862,1.2399026313281107,0.7764518948741742,True
v9-low_high_low-closed_loop_dynamic-rep0,low_high_low,280.500581619,146.482978512,0,17,0,4,1430,1430,0.8088235294117647,329,True,True,0.0,True,0,True,False,0.0,False,False,0.0,0,0.9470302312636869,1.2392110564196266,0.7642202886729246,True
v9-low_high_low-closed_loop_dynamic-rep0,low_high_low,280.750630712,146.73302760499996,0,17,0,4,1438,1438,0.8133484162895928,321,True,True,0.0,True,0,True,False,0.0,False,False,0.0,0,0.9313318612257927,1.2385278839543563,0.7519668093803815,True
v9-low_high_low-closed_loop_dynamic-rep0,low_high_low,281.000537654,146.982934547,0,17,0,4,1438,1438,0.8133484162895928,321,True,True,0.0,True,0,True,False,0.0,False,False,0.0,0,0.9156141289268074,1.2307392962127823,0.7439545740875629,True
v9-low_high_low-closed_loop_dynamic-rep0,low_high_low,281.250348471,147.23274536399998,0,17,0,4,1447,1447,0.8184389140271493,312,True,True,0.0,True,0,True,False,0.0,False,False,0.0,0,0.8999020458666284,1.2229539025381793,0.7358429814884494,True
v9-low_high_low-closed_loop_dynamic-rep0,low_high_low,281.500952257,147.48334914999998,0,17,0,4,1455,1455,0.8229638009049773,304,True,True,0.0,True,0,True,False,0.0,False,False,0.0,0,0.8841968531990945,1.2152429832029419,0.7275885279079503,True
v9-low_high_low-closed_loop_dynamic-rep0,low_high_low,281.750631621,147.733028514,0,17,0,4,1455,1455,0.8229638009049773,304,True,True,0.0,True,0,True,False,0.0,False,False,0.0,0,0.8685211889343867,1.2076876871248863,0.7191604238361117,True
v9-low_high_low-closed_loop_dynamic-rep0,low_high_low,282.000441642,147.98283853499998,0,17,0,4,1455,1455,0.8229638009049773,304,True,True,0.0,True,0,True,False,0.0,False,False,0.0,0,0.8526111615102933,1.2002415174155545,0.7103663297252009,True
v9-low_high_low-closed_loop_dynamic-rep0,low_high_low,282.251167476,148.23356436899996,0,17,0,4,1472,1472,0.832579185520362,287,True,True,0.0,True,0,True,False,0.0,False,False,0.0,0,0.8364444290980775,1.1928672388784511,0.7012049638352992,True
v9-low_high_low-closed_loop_dynamic-rep0,low_high_low,282.500565192,148.482962085,0,17,0,4,1472,1472,0.832579185520362,287,True,True,0.0,True,0,True,False,0.0,False,False,0.0,0,0.8205890539406093,1.185658967788179,0.6920953463299825,True
v9-low_high_low-closed_loop_dynamic-rep0,low_high_low,282.751084822,148.73348171499998,0,17,0,4,1472,1472,0.832579185520362,287,True,True,0.0,True,0,True,False,0.0,False,False,0.0,0,0.8044723641021493,1.1785132404618213,0.6826163139133699,True
v9-low_high_low-closed_loop_dynamic-rep0,low_high_low,283.001117053,148.98351394599996,0,17,0,4,1481,1481,0.8376696832579186,278,True,True,0.0,True,0,True,False,0.0,False,False,0.0,0,0.8073570152381221,1.161783083010239,0.6949292230579043,True
v9-low_high_low-closed_loop_dynamic-rep0,low_high_low,283.250345411,149.232742304,0,17,0,4,1489,1489,0.8421945701357466,270,True,True,0.0,True,0,True,False,0.0,False,False,0.0,0,0.8102608746607467,1.1449799269492638,0.7076638250066465,True
v9-low_high_low-closed_loop_dynamic-rep0,low_high_low,283.501198508,149.483595401,0,17,0,4,1489,1489,0.8421945701357466,270,True,True,0.0,True,0,True,False,0.0,False,False,0.0,0,0.8131553334722852,1.1281944766693994,0.7207581230789594,True
v9-low_high_low-closed_loop_dynamic-rep0,low_high_low,283.750933198,149.73333009099997,0,17,0,4,1498,1498,0.8472850678733032,261,True,True,0.0,True,0,True,False,0.0,False,False,0.0,0,0.8160368875876696,1.1113854109963244,0.7342519341297782,True
v9-low_high_low-closed_loop_dynamic-rep0,low_high_low,284.000455497,149.98285239,0,17,0,4,1506,1506,0.8518099547511312,253,True,True,0.0,True,0,True,False,0.0,False,False,0.0,0,0.8191700295773758,1.09423811387613,0.7486213642071214,True
v9-low_high_low-closed_loop_dynamic-rep0,low_high_low,284.251132549,150.23352944199996,0,17,0,4,1506,1506,0.8518099547511312,253,True,True,0.0,True,0,True,False,0.0,False,False,0.0,0,0.8220638952235293,1.0772514723996625,0.7631123431117873,True
v9-low_high_low-closed_loop_dynamic-rep0,low_high_low,284.500321356,150.48271824899996,0,17,0,4,1515,1515,0.8569004524886877,244,True,True,0.0,True,0,True,False,0.0,False,False,0.0,0,0.8249391506889137,1.0602672315579773,0.7780483317179688,True
v9-low_high_low-closed_loop_dynamic-rep0,low_high_low,284.750128517,150.73252541,0,17,0,4,1523,1523,0.8614253393665159,236,True,True,0.0,True,0,True,False,0.0,False,False,0.0,0,0.8280758695657241,1.0422240333341626,0.7945277052541568,True
v9-low_high_low-closed_loop_dynamic-rep0,low_high_low,285.000495976,150.982892869,0,17,0,4,1523,1523,0.8614253393665159,236,True,True,0.0,True,0,True,False,0.0,False,False,0.0,0,0.8309650371080319,1.0243809474407224,0.8111875168940675,False
v9-low_high_low-closed_loop_dynamic-rep0,low_high_low,285.250172272,151.23256916499997,0,17,0,4,1532,1531,0.8665158371040724,228,True,True,0.0,True,0,True,False,0.0,False,False,0.0,0,0.8338459174464932,1.0186304636808257,0.8185951109624066,False
v9-low_high_low-closed_loop_dynamic-rep0,low_high_low,285.500897998,151.483294891,0,17,0,4,1540,1540,0.8710407239819005,219,True,True,0.0,True,0,True,False,0.0,False,False,0.0,0,0.8369938482355208,1.0128871903992072,0.8263445881921343,False
v9-low_high_low-closed_loop_dynamic-rep0,low_high_low,285.750776117,151.73317300999997,0,17,0,4,1540,1540,0.8710407239819005,219,True,True,0.0,True,0,True,False,0.0,False,False,0.0,0,0.8401030597570134,1.007191578506844,0.8341045315355611,False
v9-low_high_low-closed_loop_dynamic-rep0,low_high_low,286.000827545,151.98322443799998,0,17,0,4,1549,1548,0.876131221719457,211,True,True,0.0,True,0,True,False,0.0,False,False,0.0,0,0.8429882685416288,1.0013649835846152,0.8418391718911113,False
v9-low_high_low-closed_loop_dynamic-rep0,low_high_low,286.250720357,152.23311724999996,0,9,0,4,781,781,0.4417420814479638,978,True,True,0.0,True,0,True,True,0.0,False,False,0.0,0,0.8461256842834839,0.9955418788578054,0.8499147070078578,False
v9-low_high_low-closed_loop_dynamic-rep0,low_high_low,286.500620233,152.483017126,0,9,0,4,781,781,0.4417420814479638,978,True,True,0.0,True,0,True,True,0.024989987600002907,False,False,0.0,0,0.8272983859332556,0.9897467547378953,0.8358687532674363,False
v9-low_high_low-closed_loop_dynamic-rep0,low_high_low,286.751255325,152.73365221799997,0,9,0,4,790,790,0.4468325791855204,969,True,True,0.0,True,0,True,True,0.05005349680000108,False,False,0.0,0,0.8081891782617637,0.9839201512881784,0.8213971196785204,False
v9-low_high_low-closed_loop_dynamic-rep0,low_high_low,287.000335326,152.982732219,0,9,0,4,790,790,0.4468325791855204,969,True,True,0.0,True,0,True,True,0.07496149690000493,False,False,0.0,0,0.7894518252453582,0.9780171806762432,0.8071962751201336,False
v9-low_high_low-closed_loop_dynamic-rep0,low_high_low,287.251041655,153.23343854799998,0,9,0,4,790,790,0.4468325791855204,969,True,True,0.0,True,0,True,True,0.10003212980000172,False,False,0.0,0,0.7705921296814465,0.9719763266850675,0.7928095659588302,True
v9-low_high_low-closed_loop_dynamic-rep0,low_high_low,287.500364829,153.48276172199996,0,9,0,4,799,799,0.4519230769230769,960,True,True,0.0,True,0,True,True,0.1249644472,False,False,0.0,0,0.7513572579946831,0.9660815741008486,0.7777368683322485,True
v9-low_high_low-closed_loop_dynamic-rep0,low_high_low,287.750560601,153.732957494,0,9,0,4,799,799,0.4519230769230769,960,True,True,0.0,True,0,True,True,0.14998402440000405,False,False,0.0,0,0.7323095482032773,0.9600531264687209,0.7627802337323427,True
v9-low_high_low-closed_loop_dynamic-rep0,low_high_low,288.000829509,153.983226402,0,9,0,4,799,799,0.4519230769230769,960,True,True,0.0,True,0,True,True,0.175010915200005,False,False,0.0,0,0.7132562704788421,0.9539238157860283,0.7477077924625696,True
v9-low_high_low-closed_loop_dynamic-rep0,low_high_low,288.251134858,154.233531751,0,9,0,4,807,807,0.45644796380090497,952,True,True,0.0,True,0,True,True,0.2000414501000023,False,False,0.0,0,0.6939449610107447,0.947793673733314,0.732168804500803,True
v9-low_high_low-closed_loop_dynamic-rep0,low_high_low,288.500090075,154.482486968,0,9,0,4,808,808,0.45701357466063347,951,True,True,0.0,True,0,True,True,0.22493697180000255,False,False,0.0,0,0.6747382349933237,0.9416965239052031,0.7165134604035631,True
v9-low_high_low-closed_loop_dynamic-rep0,low_high_low,288.750522522,154.73291941499997,0,9,0,4,808,808,0.45701357466063347,951,True,True,0.0,True,0,True,True,0.24998021650000055,False,False,0.0,0,0.6554458711463795,0.9355631953106899,0.7005896281850992,True
v9-low_high_low-closed_loop_dynamic-rep0,low_high_low,289.001042561,154.983439454,0,9,0,4,808,808,0.45701357466063347,951,True,True,0.0,True,0,True,True,0.27503222040000425,False,False,0.0,0,0.6358915920357432,0.9294557145990939,0.6841548037713933,True
v9-low_high_low-closed_loop_dynamic-rep0,low_high_low,289.251062669,155.233459562,0,9,0,4,817,817,0.46210407239819007,942,True,True,0.0,True,0,True,True,0.30003423120000433,False,False,0.0,0,0.6161501853180958,0.9232334947167409,0.6673828331013252,True
v9-low_high_low-closed_loop_dynamic-rep0,low_high_low,289.500278849,155.48267574199997,0,9,0,4,817,817,0.46210407239819007,942,True,True,0.0,True,0,True,True,0.32495584920000053,False,False,0.0,0,0.596725983053393,0.9170312820923077,0.6507149698229454,True
v9-low_high_low-closed_loop_dynamic-rep0,low_high_low,289.750564875,155.732961768,0,9,0,4,817,817,0.46210407239819007,942,True,True,0.0,True,0,True,True,0.34998445180000315,False,False,0.0,0,0.5769632280252235,0.9108311089365945,0.6334469940303582,True
v9-low_high_low-closed_loop_dynamic-rep0,low_high_low,290.000917681,155.98331457399996,0,9,0,4,826,826,0.4671945701357466,933,True,True,0.0,True,0,True,True,0.37501973239999986,False,False,0.0,0,0.5569689880890272,0.9046145626694571,0.6156975700738765,True
v9-low_high_low-closed_loop_dynamic-rep0,low_high_low,290.25099772,156.23339461299997,0,9,0,4,826,826,0.4671945701357466,933,True,True,0.0,True,0,True,True,0.40002773630000094,False,False,0.0,0,0.5372502984719448,0.8982921621702488,0.5980796906587308,True
v9-low_high_low-closed_loop_dynamic-rep0,low_high_low,290.501111885,156.483508778,0,9,0,4,826,826,0.4671945701357466,933,True,True,0.0,True,0,True,True,0.42503915280000226,False,False,0.0,0,0.5172749238581428,0.8919969314588794,0.5799066180778548,True
v9-low_high_low-closed_loop_dynamic-rep0,low_high_low,290.750908553,156.73330544599997,0,9,0,4,835,835,0.47228506787330315,924,True,True,0.0,True,0,True,True,0.45001881960000106,False,False,0.0,0,0.497099039135067,0.8857096284464365,0.5612438017716876,True
v9-low_high_low-closed_loop_dynamic-rep0,low_high_low,291.001203354,156.98360024699997,0,9,0,4,835,835,0.47228506787330315,924,True,True,0.0,True,0,True,True,0.4750482997000006,False,False,0.0,0,0.47713736300542936,0.8792826232590498,0.5426439126442938,True
v9-low_high_low-closed_loop_dynamic-rep0,low_high_low,291.250569586,157.23296647899997,0,9,0,4,835,835,0.47228506787330315,924,True,True,0.0,True,0,True,True,0.4999849229000006,False,False,0.0,0,0.4569962442669679,0.8730061091207014,0.5234742798389557,True
v9-low_high_low-closed_loop_dynamic-rep0,low_high_low,291.500890688,157.483287581,0,9,0,4,844,844,0.47737556561085975,915,True,True,0.0,True,0,True,True,0.5250170331000049,False,False,0.0,0,0.45851225641402743,0.8557393697365352,0.5358082993834841,True
v9-low_high_low-closed_loop_dynamic-rep0,low_high_low,291.750156484,157.732553377,0,9,0,4,844,844,0.47737556561085975,915,True,True,0.0,True,0,True,True,0.5499436127000024,False,False,0.0,0,0.4602886981728508,0.838412035687951,0.5490005851301566,True
v9-low_high_low-closed_loop_dynamic-rep0,low_high_low,292.000266794,157.982663687,0,9,0,4,844,844,0.47737556561085975,915,True,True,0.0,True,0,True,True,0.5749546437000049,False,False,0.0,0,0.4618176400630093,0.8210397081481867,0.5624790561038947,True
v9-low_high_low-closed_loop_dynamic-rep0,low_high_low,292.250681882,158.23307877499997,0,9,0,4,853,853,0.4824660633484163,906,True,True,0.0,True,0,True,True,0.5999961525000004,False,False,0.0,0,0.4633473249897058,0.8035474777364253,0.5766271910838978,True
v9-low_high_low-closed_loop_dynamic-rep0,low_high_low,292.500603949,158.48300084199997,0,9,0,4,853,853,0.4824660633484163,906,True,True,0.0,True,0,True,True,0.6249883592000003,False,False,0.0,0,0.4651282003450225,0.7859628217372171,0.5917941504115266,True
v9-low_high_low-closed_loop_dynamic-rep0,low_high_low,292.751053594,158.73345048699997,0,9,0,4,853,853,0.4824660633484163,906,True,True,0.0,True,0,True,True,0.6500333237000007,False,False,0.0,0,0.4666580963665158,0.7683720099114815,0.6073335446202368,True
v9-low_high_low-closed_loop_dynamic-rep0,low_high_low,293.000873845,158.983270738,0,9,0,4,862,862,0.48755656108597284,897,True,True,0.0,True,0,True,True,0.6750153488000024,False,False,0.0,0,0.4681841476735295,0.760303662107352,0.6157857327371701,True
v9-low_high_low-closed_loop_dynamic-rep0,low_high_low,293.251278249,159.23367514199998,0,9,0,4,862,862,0.48755656108597284,897,True,True,0.0,True,0,True,True,0.7000557892000018,False,False,0.0,0,0.4699685741807693,0.7521027683342754,0.6248728152159783,True
v9-low_high_low-closed_loop_dynamic-rep0,low_high_low,293.500853005,159.483249898,0,9,0,4,862,862,0.48755656108597284,897,True,True,0.0,True,0,True,True,0.7250132648000033,False,False,0.0,0,0.47152127199185534,0.7439154043325779,0.6338372202614789,True
v9-low_high_low-closed_loop_dynamic-rep0,low_high_low,293.750847598,159.733244491,0,1,0,4,95,95,0.05373303167420815,1664,True,True,0.0,True,0,True,True,0.750012724100003,False,False,0.0,0,0.47304838828393675,0.7357283642111413,0.6429660881582921,True
v9-low_high_low-closed_loop_dynamic-rep0,low_high_low,294.000993876,159.98339076899998,0,1,0,4,95,95,0.05373303167420815,1664,True,True,0.0,True,0,True,True,0.7750273519000018,False,False,0.0,0,0.45287256292036304,0.7275363565775443,0.6224741331838771,True
v9-low_high_low-closed_loop_dynamic-rep0,low_high_low,294.251055042,160.233451935,0,1,0,4,95,95,0.05373303167420815,1664,True,True,0.0,True,0,True,True,0.8000334685000041,False,False,0.0,0,0.43270360235950145,0.7191068942262426,0.6017236183294968,True
v9-low_high_low-closed_loop_dynamic-rep0,low_high_low,294.500623827,160.48302072,0,1,0,4,96,96,0.05429864253393665,1663,True,True,0.0,True,0,True,True,0.824990347000005,False,False,0.0,0,0.4123202772320121,0.7108208679005636,0.5800621448408171,True
v9-low_high_low-closed_loop_dynamic-rep0,low_high_low,294.750531952,160.732928845,0,1,0,4,96,96,0.05429864253393665,1663,True,True,0.0,True,0,True,True,0.849981159500004,False,False,0.0,0,0.39193749916357384,0.702523347113573,0.5578996068584914,True
v9-low_high_low-closed_loop_dynamic-rep0,low_high_low,295.000410969,160.98280786199996,0,1,0,4,96,96,0.05429864253393665,1663,True,True,0.0,True,0,True,True,0.8749690611999995,False,False,0.0,0,0.37155709517522906,0.6939867562613121,0.5353950804146526,True
v9-low_high_low-closed_loop_dynamic-rep1,low_high_low,111.000120684,0.06795148199999801,4,23,0,10,1885,1885,1.0661764705882353,-126,False,False,1.5498178440000032,False,2,False,False,0.0,False,False,2.1991464456000016,1,0.9778792053226244,0.9701058793014704,1.008012863530681,False
v9-low_high_low-closed_loop_dynamic-rep1,low_high_low,111.250336743,0.3181675410000082,0,27,0,10,2141,2141,1.210972850678733,-382,False,False,1.4997746322000012,False,2,False,False,0.0,False,False,2.3993192928000098,1,0.9828608825153848,0.9700351276522058,1.0132219488733583,False
v9-low_high_low-closed_loop_dynamic-rep1,low_high_low,111.501038532,0.5688693299999983,0,27,0,10,2141,2141,1.210972850678733,-382,False,False,1.3493535588000072,False,2,False,False,0.0,False,False,2.3993192928000098,1,0.9951108097307688,0.9699650092878956,1.0259244407809454,False
v9-low_high_low-closed_loop_dynamic-rep1,low_high_low,111.75085767,0.8186884680000048,0,27,0,10,2141,2141,1.210972850678733,-382,False,False,1.1996596464000049,False,2,False,False,0.0,False,False,2.3993192928000098,1,1.006697443959276,0.970204945992364,1.037613184840638,False
v9-low_high_low-closed_loop_dynamic-rep1,low_high_low,112.001065725,1.0688965230000065,0,27,0,10,2141,2141,1.210972850678733,-382,False,False,1.1996596464000049,False,2,False,False,0.0,False,False,2.3993192928000098,1,1.0183021161934387,0.9702612769994907,1.049513301553694,False
v9-low_high_low-closed_loop_dynamic-rep1,low_high_low,112.250665197,1.3184959950000064,0,27,0,10,2145,2145,1.213235294117647,-386,False,False,1.1996596464000049,False,2,False,False,0.0,False,False,2.3993192928000098,1,1.0298782980042984,0.9701908210578617,1.061521378733882,False
v9-low_high_low-closed_loop_dynamic-rep1,low_high_low,112.500257627,1.5680884249999991,0,27,0,10,2159,2159,1.2211538461538463,-400,False,False,1.1996596464000049,False,2,False,False,0.0,False,False,2.3993192928000098,1,1.0409461976151582,0.9704308137790155,1.0726639991588316,False
v9-low_high_low-closed_loop_dynamic-rep1,low_high_low,112.750619098,1.8184498960000042,0,27,0,10,2166,2166,1.2251131221719458,-407,False,False,1.1996596464000049,False,2,False,False,0.0,False,False,2.3993192928000098,1,1.052444699563801,0.9705581674581444,1.0843705558834402,False
v9-low_high_low-closed_loop_dynamic-rep1,low_high_low,113.000425659,2.068256457000004,0,27,0,10,2172,2172,1.2285067873303168,-413,False,False,1.1996596464000049,False,2,False,False,0.0,False,False,2.3993192928000098,1,1.0641155264521494,0.9704875208062781,1.0964752288294088,False
v9-low_high_low-closed_loop_dynamic-rep1,low_high_low,113.251034257,2.3188650550000034,0,27,0,10,2186,2186,1.2364253393665159,-427,False,False,1.1996596464000049,False,2,False,False,0.0,False,False,2.3993192928000098,0,1.0777792854959278,0.9695239647895926,1.1116582205678938,False
v9-low_high_low-closed_loop_dynamic-rep1,low_high_low,113.500661202,2.568492000000006,0,27,0,10,2193,2193,1.2403846153846154,-434,False,False,1.1996596464000049,False,2,False,False,0.0,False,False,2.1997404328000014,0,1.0913904093273756,0.9695091700194569,1.1257143749403347,False
v9-low_high_low-closed_loop_dynamic-rep1,low_high_low,113.750323801,2.818154598999996,0,27,0,10,2199,2199,1.2437782805429864,-440,False,False,1.1996596464000049,False,2,False,False,0.0,False,False,2.00001035360001,0,1.1052009309236421,0.969452685268552,1.1400256533587154,False
v9-low_high_low-closed_loop_dynamic-rep1,low_high_low,114.000385826,3.0682166240000015,0,27,0,10,2200,2200,1.244343891402715,-441,False,False,1.1996596464000049,False,2,False,False,0.0,False,False,1.7999607336000054,0,1.1191750313321267,0.9694102308943439,1.1544906332375047,False
v9-low_high_low-closed_loop_dynamic-rep1,low_high_low,114.250350848,3.3181816459999993,0,23,0,10,1832,1832,1.0361990950226245,-73,False,False,1.1996596464000049,False,2,False,False,0.0,False,False,1.599988716000007,0,1.1326080986432125,0.9696494561459277,1.1680593347053456,False
v9-low_high_low-closed_loop_dynamic-rep1,low_high_low,114.500903836,3.568734634000009,0,23,0,10,1834,1834,1.0373303167420815,-75,False,False,1.1996596464000049,False,2,False,False,0.0,False,False,1.3995463255999994,0,1.1356408101495474,0.9695927699495476,1.1712554438794343,False
v9-low_high_low-closed_loop_dynamic-rep1,low_high_low,114.75079205,3.818622848000004,0,23,0,10,1838,1838,1.0395927601809956,-79,False,False,1.1996596464000049,False,2,False,False,0.0,False,False,1.1996357544000034,0,1.1387220109782805,0.9695362341545251,1.1745017575039807,False
v9-low_high_low-closed_loop_dynamic-rep1,low_high_low,115.000631424,4.068462222000008,0,23,0,10,1855,1855,1.0492081447963801,-96,False,False,1.1996596464000049,False,2,False,False,0.0,False,False,0.9997642552000002,0,1.1413229246680996,0.9697756723236992,1.1768937469150496,False
v9-low_high_low-closed_loop_dynamic-rep1,low_high_low,115.250342669,4.318173467000008,0,23,0,10,1855,1855,1.0492081447963801,-96,False,False,1.1996596464000049,False,2,False,False,0.0,False,False,0.7999952591999999,0,1.144401943413009,0.969719176566912,1.1801374780114433,False
v9-low_high_low-closed_loop_dynamic-rep1,low_high_low,115.500131439,4.567962237000003,0,23,0,10,1861,1861,1.0526018099547512,-102,False,False,1.1996596464000049,False,2,False,False,0.0,False,False,0.6001642432000039,0,1.1474819180657239,0.9696626632705317,1.18338259430907,False
v9-low_high_low-closed_loop_dynamic-rep1,low_high_low,115.750974784,4.818805581999996,0,26,0,10,2053,2053,1.1611990950226245,-294,False,False,1.1996596464000049,False,2,False,False,0.0,False,False,0.3994895672000098,0,1.150745151626244,0.9696075809401016,1.1868153408108846,False
v9-low_high_low-closed_loop_dynamic-rep1,low_high_low,116.000813161,5.068643958999999,0,26,0,10,2053,2053,1.1611990950226245,-294,False,False,1.1996596464000049,False,1,False,False,0.0,False,False,0.19961886560000722,0,1.1594107769018096,0.9704184995934954,1.194753374330232,False
v9-low_high_low-closed_loop_dynamic-rep1,low_high_low,116.251152198,5.318982996000003,0,26,0,10,2053,2053,1.1611990950226245,-294,False,False,1.1996596464000049,False,1,False,False,0.0,False,False,0.0,0,1.164144736374208,0.9731065366544118,1.1963178670822567,False
v9-low_high_low-closed_loop_dynamic-rep1,low_high_low,116.501204859,5.569035657000001,0,26,0,10,2063,2063,1.1668552036199096,-304,False,False,1.1996596464000049,False,1,False,False,0.0,False,False,0.0,0,1.1616555243642535,0.9794002829295811,1.1860886142380014,False
v9-low_high_low-closed_loop_dynamic-rep1,low_high_low,116.750789555,5.818620353,0,26,0,10,2073,2073,1.1725113122171946,-314,False,False,1.1996596464000049,False,1,False,False,0.0,False,False,0.0,0,1.1594533064583712,0.9881762751901016,1.1733263948634265,False
v9-low_high_low-closed_loop_dynamic-rep1,low_high_low,117.000560058,6.068390856000008,0,26,0,10,2079,2079,1.1759049773755657,-320,False,False,1.1996596464000049,False,1,False,False,0.0,False,False,0.0,0,1.1575319948968326,0.9946041925467197,1.1638116987350822,False
v9-low_high_low-closed_loop_dynamic-rep1,low_high_low,117.251145291,6.318976089000003,0,26,0,10,2082,2082,1.1776018099547512,-323,False,False,1.1996596464000049,False,1,False,False,0.0,False,False,0.0,0,1.155774279419231,1.0010531858380658,1.1545583149527017,False
v9-low_high_low-closed_loop_dynamic-rep1,low_high_low,117.501029645,6.5688604430000055,0,26,0,10,2099,2099,1.1872171945701357,-340,False,False,1.1996596464000049,False,1,False,False,0.0,False,False,0.0,0,1.1539922067321267,1.0075411794318438,1.1453548800683928,False
v9-low_high_low-closed_loop_dynamic-rep1,low_high_low,117.750761921,6.818592719000009,0,26,0,10,2099,2099,1.1872171945701357,-340,False,False,1.1996596464000049,False,1,False,False,0.0,False,False,0.0,0,1.1522970781890274,1.014222421870136,1.136138438020621,False
v9-low_high_low-closed_loop_dynamic-rep1,low_high_low,118.00103437,7.068865168000002,0,26,0,10,2105,2105,1.1906108597285068,-346,False,False,1.1996596464000049,False,0,True,False,0.0,False,False,0.0,0,1.1503998037151584,1.021017355568439,1.1267191467814837,False
v9-low_high_low-closed_loop_dynamic-rep1,low_high_low,118.250216144,7.318046942000009,0,25,0,10,2022,2022,1.1436651583710407,-263,False,False,1.1996596464000049,False,0,True,False,0.0,False,False,0.0,0,1.14851120882172,1.0278670355550907,1.1173733266010193,False
v9-low_high_low-closed_loop_dynamic-rep1,low_high_low,118.501117409,7.568948207000005,0,25,0,10,2028,2028,1.1470588235294117,-269,False,False,1.099687733600001,False,0,True,False,0.0,False,False,0.0,0,1.1438574138752267,1.0346504434263015,1.1055496290005737,False
v9-low_high_low-closed_loop_dynamic-rep1,low_high_low,118.750712462,7.818543259999998,0,25,0,10,2034,2034,1.1504524886877827,-275,False,False,0.9998497124000039,False,0,True,False,0.0,False,False,0.0,0,1.1391984188852944,1.0414974984416292,1.0938081182046553,False
v9-low_high_low-closed_loop_dynamic-rep1,low_high_low,119.001043481,8.068874279,0,25,0,10,2043,2043,1.1555429864253393,-284,False,False,0.8997173048000036,False,0,True,False,0.0,False,False,0.0,0,1.1345258763751134,1.0484494874579187,1.0820987467177807,False
v9-low_high_low-closed_loop_dynamic-rep1,low_high_low,119.250449711,8.318280509000004,0,25,0,10,2053,2053,1.1611990950226245,-294,False,False,0.7999548128000015,False,0,True,False,0.0,False,False,0.0,0,1.1301004921527151,1.0551622127914029,1.071020624556925,False
v9-low_high_low-closed_loop_dynamic-rep1,low_high_low,119.500548633,8.568379430999997,0,25,0,10,2059,2059,1.1645927601809956,-300,False,False,0.6999152440000046,False,0,True,False,0.0,False,False,0.0,0,1.1363529652027151,1.0565910274497736,1.0754898874595384,False
v9-low_high_low-closed_loop_dynamic-rep1,low_high_low,119.750334885,8.818165683000004,0,25,0,10,2063,2063,1.1668552036199096,-304,False,False,0.6000007432000019,False,0,True,False,0.0,False,False,0.0,0,1.1427107273187784,1.0580461899808824,1.0800196987046717,False
v9-low_high_low-closed_loop_dynamic-rep1,low_high_low,120.001202231,9.069033028999996,0,25,0,10,2078,2078,1.1753393665158371,-319,False,False,0.49965380480000476,True,0,True,False,0.0,False,False,0.0,0,1.149095034761199,1.0594372106882919,1.0846277846090175,False
v9-low_high_low-closed_loop_dynamic-rep1,low_high_low,120.250298796,9.318129593999998,0,25,0,10,2080,2080,1.1764705882352942,-321,False,True,0.4000151788000039,True,0,True,False,0.0,False,False,0.0,0,1.1553788055751133,1.0608602170833707,1.0890961758860211,False
v9-low_high_low-closed_loop_dynamic-rep1,low_high_low,120.500884257,9.568715054999998,0,25,0,10,2087,2087,1.1804298642533937,-328,False,True,0.29978099440000394,True,0,True,False,0.0,False,False,0.0,0,1.161756318224095,1.0622919845307126,1.0936318217042018,False
v9-low_high_low-closed_loop_dynamic-rep1,low_high_low,120.751068292,9.818899090000002,0,24,0,10,2006,2006,1.1346153846153846,-247,False,True,0.1997073804000024,True,0,True,False,0.0,False,False,0.0,0,1.1681503949632355,1.0637929883625563,1.0980993555534817,False
v9-low_high_low-closed_loop_dynamic-rep1,low_high_low,121.000459638,10.068290435999998,0,24,0,10,2006,2006,1.1346153846153846,-247,False,True,0.09995084200000406,True,0,True,False,0.0,False,False,0.0,0,1.166824445499208,1.0686450060466062,1.0918728285792598,False
v9-low_high_low-closed_loop_dynamic-rep1,low_high_low,121.250720624,10.318551421999999,0,24,0,10,2012,2012,1.1380090497737556,-253,False,True,0.0,True,0,True,False,0.0,False,False,0.0,0,1.1654938723835975,1.0735143374484162,1.0856807699036446,False
v9-low_high_low-closed_loop_dynamic-rep1,low_high_low,121.500467226,10.568298024,0,24,0,10,2030,2030,1.1481900452488687,-271,False,True,0.0,True,0,True,False,0.0,False,False,0.0,0,1.164335545383371,1.0783735899119908,1.079714448012767,False
v9-low_high_low-closed_loop_dynamic-rep1,low_high_low,121.750795027,10.818625824999998,0,24,0,10,2030,2030,1.1481900452488687,-271,False,True,0.0,True,0,True,False,0.0,False,False,0.0,0,1.1634018920097287,1.0830739014686652,1.074166675452282,False
v9-low_high_low-closed_loop_dynamic-rep1,low_high_low,122.000613767,11.068444565000007,0,24,0,10,2036,2036,1.1515837104072397,-277,False,True,0.0,True,0,True,False,0.0,False,False,0.0,0,1.16218667390181,1.0879063862726246,1.0682781979832694,False
v9-low_high_low-closed_loop_dynamic-rep1,low_high_low,122.250255466,11.318086264000002,0,24,0,10,2045,2045,1.1566742081447965,-286,False,True,0.0,True,0,True,False,0.0,False,False,0.0,0,1.160972353420249,1.092820148221267,1.0623636060425041,False
v9-low_high_low-closed_loop_dynamic-rep1,low_high_low,122.500969655,11.568800453000009,0,24,0,10,2054,2054,1.161764705882353,-295,False,True,0.0,True,0,True,False,0.0,False,False,0.0,0,1.1599232860539594,1.0974858143115387,1.0568913701919584,False
v9-low_high_low-closed_loop_dynamic-rep1,low_high_low,122.750916363,11.818747161000005,0,24,0,10,2060,2060,1.165158371040724,-301,False,True,0.0,True,0,True,False,0.0,False,False,0.0,0,1.15865104826776,1.1023772476338238,1.0510476796892572,False
v9-low_high_low-closed_loop_dynamic-rep1,low_high_low,123.000741962,12.06857276000001,0,32,0,10,2575,2575,1.456447963800905,-816,False,True,0.0,True,0,True,False,0.0,False,False,0.0,0,1.157548876507466,1.1072671724106338,1.0454106338105948,False
v9-low_high_low-closed_loop_dynamic-rep1,low_high_low,123.250242926,12.318073724000001,0,32,0,10,2575,2575,1.456447963800905,-816,False,True,0.0,True,0,True,False,0.0,False,False,0.0,0,1.1708146491809948,1.1131234463193438,1.0518282164052988,False
v9-low_high_low-closed_loop_dynamic-rep1,low_high_low,123.500866198,12.568696996,0,32,0,10,2575,2575,1.456447963800905,-816,False,True,0.0,True,0,True,False,0.0,False,False,0.0,0,1.1864927792054292,1.1176320111558822,1.0616130956899932,False
v9-low_high_low-closed_loop_dynamic-rep1,low_high_low,123.750397547,12.818228345000009,0,32,0,10,2575,2575,1.456447963800905,-816,False,True,0.0,True,0,True,False,0.0,False,False,0.0,0,1.2019334076182127,1.1222047854664026,1.0710464107659938,False
v9-low_high_low-closed_loop_dynamic-rep1,low_high_low,124.000381678,13.068212476,0,32,0,10,2575,2575,1.456447963800905,-816,False,True,0.0,True,0,True,False,0.0,False,False,0.0,0,1.217232423948642,1.1268565514802034,1.0802017544732945,False
v9-low_high_low-closed_loop_dynamic-rep1,low_high_low,124.250219886,13.318050684,0,32,0,10,2575,2575,1.456447963800905,-816,False,True,0.0,True,0,True,False,0.0,False,False,0.0,0,1.232268609795135,1.1313507599902146,1.089201203882864,False
v9-low_high_low-closed_loop_dynamic-rep1,low_high_low,124.500255961,13.568086758999996,0,32,0,10,2575,2575,1.456447963800905,-816,False,True,0.0,True,0,True,False,0.0,False,False,0.0,0,1.2470334434376686,1.1359893083131785,1.097751038950691,False
v9-low_high_low-closed_loop_dynamic-rep1,low_high_low,124.751153836,13.818984634000003,0,32,0,10,2575,2575,1.456447963800905,-816,False,True,0.0,True,0,True,False,0.0,False,False,0.0,0,1.261678441596945,1.1407291650510742,1.1060280391274606,False
v9-low_high_low-closed_loop_dynamic-rep1,low_high_low,125.000908077,14.068738875000008,0,32,0,10,2575,2575,1.456447963800905,-816,False,True,0.0,True,0,True,False,0.0,False,False,0.0,0,1.2761438456005654,1.1452072246889138,1.1143344349292064,False
v9-low_high_low-closed_loop_dynamic-rep1,low_high_low,125.250344829,14.318175627000002,0,25,0,10,1919,1919,1.0854072398190044,-160,False,True,0.0,True,0,True,False,0.0,False,False,0.0,0,1.2901680974091625,1.149890973638009,1.1219916731125794,False
v9-low_high_low-closed_loop_dynamic-rep1,low_high_low,125.500228945,14.568059743000006,0,25,0,10,1919,1919,1.0854072398190044,-160,False,True,0.0,True,0,True,False,0.0,False,False,0.0,0,1.285617040545361,1.1546116351054296,1.1134627449237242,False
v9-low_high_low-closed_loop_dynamic-rep1,low_high_low,125.750949902,14.818780700000005,0,25,0,10,1925,1925,1.0888009049773755,-166,False,True,0.0,True,0,True,False,0.0,False,False,0.0,0,1.2808527267906102,1.1594471135643096,1.1047099188966731,False
v9-low_high_low-closed_loop_dynamic-rep1,low_high_low,126.000412996,15.068243793999997,0,24,0,10,1847,1845,1.044683257918552,-86,False,True,0.0,True,0,True,False,0.0,False,False,0.0,0,1.278565837627262,1.1631139327194,1.0992610454230665,False
v9-low_high_low-closed_loop_dynamic-rep1,low_high_low,126.250355693,15.318186491000006,0,24,0,10,1847,1847,1.044683257918552,-88,False,True,0.0,True,0,True,False,0.0,False,False,0.0,0,1.2740702619685513,1.1648242390054295,1.0937875597921967,False
v9-low_high_low-closed_loop_dynamic-rep1,low_high_low,126.500476375,15.568307173000008,0,24,0,10,1853,1853,1.0480769230769231,-94,False,True,0.0,True,0,True,False,0.0,False,False,0.0,0,1.269401948888687,1.1629991489102942,1.091490006745138,False
v9-low_high_low-closed_loop_dynamic-rep1,low_high_low,126.751054635,15.818885433000005,0,24,0,10,1865,1865,1.0548642533936652,-106,False,True,0.0,True,0,True,False,0.0,False,False,0.0,0,1.2643847144972844,1.1614259482960407,1.0886485843994593,False
v9-low_high_low-closed_loop_dynamic-rep1,low_high_low,127.001190824,16.069021622000008,0,24,0,10,1871,1871,1.0582579185520362,-112,False,True,0.0,True,0,True,False,0.0,False,False,0.0,0,1.2597154912476236,1.1598557189613687,1.0860967193192594,False
v9-low_high_low-closed_loop_dynamic-rep1,low_high_low,127.250415735,16.318246533000007,0,24,0,10,1873,1873,1.0593891402714932,-114,False,True,0.0,True,0,True,False,0.0,False,False,0.0,0,1.2550635056440038,1.1583756752264143,1.083468457155483,False
v9-low_high_low-closed_loop_dynamic-rep1,low_high_low,127.500120336,16.567951133999998,0,24,0,10,1888,1888,1.0678733031674208,-129,False,True,0.0,True,0,True,False,0.0,False,False,0.0,0,1.250204999832692,1.1569633753252833,1.0805916820670263,False
v9-low_high_low-closed_loop_dynamic-rep1,low_high_low,127.751306812,16.81913761,0,24,0,10,1895,1895,1.0718325791855203,-136,False,True,0.0,True,0,True,False,0.0,False,False,0.0,0,1.2454887493984161,1.1554711370288464,1.0779055482087065,False
v9-low_high_low-closed_loop_dynamic-rep1,low_high_low,128.000824444,17.06865524199999,0,24,0,10,1895,1895,1.0718325791855203,-136,False,True,0.0,True,0,True,False,0.0,False,False,0.0,0,1.240826658051132,1.1539774275564478,1.0752607706362054,False
v9-low_high_low-closed_loop_dynamic-rep1,low_high_low,128.251153069,17.318983867,0,24,0,10,1901,1901,1.0752262443438914,-142,False,True,0.0,True,0,True,False,0.0,False,False,0.0,0,1.2215706099742083,1.1596833536032243,1.0533656503550695,False
v9-low_high_low-closed_loop_dynamic-rep1,low_high_low,128.500729344,17.56856014200001,0,23,0,10,1822,1822,1.0305429864253393,-63,False,True,0.0,True,0,True,False,0.0,False,False,0.0,0,1.2025418306359723,1.1651745693261317,1.0320700968709364,False
v9-low_high_low-closed_loop_dynamic-rep1,low_high_low,128.750918434,17.818749232000002,0,23,0,10,1822,1822,1.0305429864253393,-63,False,True,0.0,True,0,True,False,0.0,False,False,0.0,0,1.1812304748927602,1.1705800367798642,1.009098427940215,False
v9-low_high_low-closed_loop_dynamic-rep1,low_high_low,129.000682638,18.068513436000003,0,23,0,10,1828,1828,1.0339366515837105,-69,False,True,0.0,True,0,True,False,0.0,False,False,0.0,0,1.1599553113619907,1.17589174740724,0.9864473612640041,False
v9-low_high_low-closed_loop_dynamic-rep1,low_high_low,129.250745276,18.318576074000006,0,23,0,10,1845,1845,1.043552036199095,-86,False,True,0.0,True,0,True,False,0.0,False,False,0.0,0,1.138824452698416,1.181203887608258,0.9641218291317569,False
v9-low_high_low-closed_loop_dynamic-rep1,low_high_low,129.500407009,18.568237807000017,0,23,0,10,1845,1845,1.043552036199095,-86,False,True,0.0,True,0,True,False,0.0,False,False,0.0,0,1.118207590131673,1.191695893695306,0.9383330059687002,False
v9-low_high_low-closed_loop_dynamic-rep1,low_high_low,129.750735467,18.818566265,0,23,0,10,1851,1851,1.0469457013574661,-92,False,True,0.0,True,0,True,False,0.0,False,False,0.0,0,1.097535669957466,1.202187657328337,0.9129487091861826,False
v9-low_high_low-closed_loop_dynamic-rep1,low_high_low,130.001276707,19.06910750499999,0,23,0,10,1867,1867,1.0559954751131222,-108,False,True,0.0,True,0,True,False,0.0,False,False,0.0,0,1.07701622903439,1.2126309916270357,0.8881648551545877,False
v9-low_high_low-closed_loop_dynamic-rep1,low_high_low,130.25126574,19.31909653800001,0,23,0,10,1868,1868,1.0565610859728507,-109,False,True,0.0,True,0,True,False,0.0,False,False,0.0,0,1.0570628220493212,1.2227773709338234,0.8644769253801715,False
v9-low_high_low-closed_loop_dynamic-rep1,low_high_low,130.500309468,19.568140266000015,0,32,0,10,2444,2444,1.3823529411764706,-685,False,True,0.0,True,0,True,False,0.0,False,False,0.0,0,1.0556260313108596,1.2236788262742082,0.8626659288736517,False
v9-low_high_low-closed_loop_dynamic-rep1,low_high_low,130.75058817,19.81841896799999,0,32,0,10,2444,2444,1.3823529411764706,-685,False,True,0.0,True,0,True,False,0.0,False,False,0.0,0,1.0704898682509032,1.2244998763147057,0.8742261954918967,False
v9-low_high_low-closed_loop_dynamic-rep1,low_high_low,131.001020794,20.068851592,0,32,0,10,2444,2444,1.3823529411764706,-685,False,True,0.0,True,0,True,False,0.0,False,False,0.0,0,1.085198478035067,1.222688183745701,0.8875512926857321,False
v9-low_high_low-closed_loop_dynamic-rep1,low_high_low,131.251253072,20.31908387,0,32,0,10,2444,2444,1.3823529411764706,-685,False,True,0.0,True,0,True,False,0.0,False,False,0.0,0,1.1020976488457004,1.2197725814115383,0.9035271538653027,False
v9-low_high_low-closed_loop_dynamic-rep1,low_high_low,131.500445441,20.568276239000014,0,32,0,10,2444,2444,1.3823529411764706,-685,False,True,0.0,True,0,True,False,0.0,False,False,0.0,0,1.1189265905078056,1.2168690956641401,0.919512702306833,False
v9-low_high_low-closed_loop_dynamic-rep1,low_high_low,131.750841788,20.818672586000005,0,32,0,10,2444,2444,1.3823529411764706,-685,False,True,0.0,True,0,True,False,0.0,False,False,0.0,0,1.1356669102680992,1.2138953204026017,0.9355558845810878,False
v9-low_high_low-closed_loop_dynamic-rep1,low_high_low,132.000234154,21.068064952,0,32,0,10,2444,2444,1.3823529411764706,-685,False,True,0.0,True,0,True,False,0.0,False,False,0.0,0,1.1520018349375558,1.210961148101018,0.9513119696235343,False
v9-low_high_low-closed_loop_dynamic-rep1,low_high_low,132.250749841,21.31858063899999,0,32,0,10,2444,2444,1.3823529411764706,-685,False,True,0.0,True,0,True,False,0.0,False,False,0.0,0,1.1682405861207001,1.2080137284584842,0.9670755874699061,False
v9-low_high_low-closed_loop_dynamic-rep1,low_high_low,132.500610164,21.568440961999997,0,32,0,10,2444,2444,1.3823529411764706,-685,False,True,0.0,True,0,True,False,0.0,False,False,0.0,0,1.1843789228868769,1.2050605455548078,0.9828376899864321,False
v9-low_high_low-closed_loop_dynamic-rep1,low_high_low,132.750751062,21.81858186000001,0,32,0,10,2453,2453,1.387443438914027,-694,False,True,0.0,True,0,True,False,0.0,False,False,0.0,0,1.2001117666977374,1.2020756700852941,0.9983662397996814,False
v9-low_high_low-closed_loop_dynamic-rep1,low_high_low,133.000272291,22.06810308899999,0,32,0,10,2459,2459,1.3908371040723981,-700,False,True,0.0,True,0,True,False,0.0,False,False,0.0,0,1.2158625286923062,1.1991963589446832,1.0138977821466115,False
v9-low_high_low-closed_loop_dynamic-rep1,low_high_low,133.250710986,22.318541784000004,0,32,0,10,2476,2476,1.4004524886877827,-717,False,True,0.0,True,0,True,False,0.0,False,False,0.0,0,1.2318407440746602,1.1962242728819001,1.0297740749792295,False
v9-low_high_low-closed_loop_dynamic-rep1,low_high_low,133.500598168,22.568428966000013,0,32,0,10,2476,2476,1.4004524886877827,-717,False,True,0.0,True,0,True,False,0.0,False,False,0.0,0,1.248095018073303,1.1945139221171945,1.0448559828094257,False
v9-low_high_low-closed_loop_dynamic-rep1,low_high_low,133.750784581,22.818615379000008,0,32,0,10,2491,2491,1.4089366515837105,-732,False,True,0.0,True,0,True,False,0.0,False,False,0.0,0,1.2666031121002255,1.1915995920582578,1.062943559683848,False
v9-low_high_low-closed_loop_dynamic-rep1,low_high_low,134.000907907,23.068738705,0,31,0,10,2406,2406,1.3608597285067874,-647,False,True,0.0,True,0,True,False,0.0,False,False,0.0,0,1.2855319756160624,1.1886004521545248,1.081550973067387,False
v9-low_high_low-closed_loop_dynamic-rep1,low_high_low,134.251063722,23.31889452,0,31,0,10,2411,2411,1.36368778280543,-652,False,True,0.0,True,0,True,False,0.0,False,False,0.0,0,1.3018877049699085,1.185558426895079,1.0981219275539968,False
v9-low_high_low-closed_loop_dynamic-rep1,low_high_low,134.50117902,23.569009817999998,0,31,0,10,2422,2422,1.3699095022624435,-663,False,True,0.0,True,0,True,False,0.0,False,False,0.0,0,1.3179018745024873,1.1826156800451924,1.1143957388186543,False
v9-low_high_low-closed_loop_dynamic-rep1,low_high_low,134.75067207,23.81850286800001,0,31,0,10,2429,2429,1.373868778280543,-670,False,True,0.0,True,0,True,False,0.0,False,False,0.0,0,1.3341866584221713,1.1795957218189475,1.1310541685967148,False
v9-low_high_low-closed_loop_dynamic-rep1,low_high_low,135.000812593,24.06864339100001,0,31,0,10,2442,2442,1.3812217194570136,-683,False,True,0.0,True,0,True,False,0.0,False,False,0.0,0,1.350542043340271,1.1765962777432688,1.1478381063134357,False
v9-low_high_low-closed_loop_dynamic-rep1,low_high_low,135.250487002,24.318317800000003,0,31,0,10,2442,2442,1.3812217194570136,-683,False,True,0.0,True,0,True,False,0.0,False,False,0.0,0,1.3667830174351798,1.1736164554601807,1.1645908772634392,False
v9-low_high_low-closed_loop_dynamic-rep1,low_high_low,135.5001797,24.568010497999992,0,31,0,10,2457,2457,1.3897058823529411,-698,False,True,0.0,True,0,True,False,0.0,False,False,0.0,0,1.3829961834295232,1.170622358700339,1.1814195868981763,False
v9-low_high_low-closed_loop_dynamic-rep1,low_high_low,135.750842679,24.81867347699999,0,30,0,10,2376,2376,1.3438914027149322,-617,False,True,0.0,True,0,True,False,0.0,False,False,0.0,0,1.3833732609289593,1.1756798739171936,1.1766581121438795,False
v9-low_high_low-closed_loop_dynamic-rep1,low_high_low,136.001061678,25.068892476000016,0,30,0,10,2376,2376,1.3438914027149322,-617,False,True,0.0,True,0,True,False,0.0,False,False,0.0,0,1.3814484993981897,1.1818777046247169,1.1688590909131693,False
v9-low_high_low-closed_loop_dynamic-rep1,low_high_low,136.250632268,25.318463066000007,0,30,0,10,2387,2387,1.3501131221719458,-628,False,True,0.0,True,0,True,False,0.0,False,False,0.0,0,1.3795287256289588,1.1880605054403275,1.161160327535396,False
v9-low_high_low-closed_loop_dynamic-rep1,low_high_low,136.500341005,25.568171803,0,30,0,10,2402,2402,1.3585972850678734,-643,False,True,0.0,True,0,True,False,0.0,False,False,0.0,0,1.3779186127320133,1.1941620158769788,1.153879117248664,False
v9-low_high_low-closed_loop_dynamic-rep1,low_high_low,136.750176978,25.818007776000016,0,26,0,10,2018,2018,1.1414027149321266,-259,False,True,0.0,True,0,True,False,0.0,False,False,0.0,0,1.3767316092403843,1.2000123758769792,1.147264509029965,False
v9-low_high_low-closed_loop_dynamic-rep1,low_high_low,137.001379607,26.069210404999993,0,26,0,10,2018,2018,1.1414027149321266,-259,False,True,0.0,True,0,True,False,0.0,False,False,0.0,0,1.3646261431822406,1.205894349483653,1.1316299340539695,False
v9-low_high_low-closed_loop_dynamic-rep1,low_high_low,137.250224663,26.318055461000014,0,26,0,10,2033,2033,1.1498868778280542,-274,False,True,0.0,True,0,True,False,0.0,False,False,0.0,0,1.3526342886736422,1.2116369276990382,1.1163693163779396,False
v9-low_high_low-closed_loop_dynamic-rep1,low_high_low,137.500883079,26.568713877000008,0,26,0,10,2044,2044,1.1561085972850678,-285,False,True,0.0,True,0,True,False,0.0,False,False,0.0,0,1.340980373631109,1.2172937707539586,1.1016078500102258,False
v9-low_high_low-closed_loop_dynamic-rep1,low_high_low,137.750481628,26.81831242599999,0,26,0,10,2044,2044,1.1561085972850678,-285,False,True,0.0,True,0,True,False,0.0,False,False,0.0,0,1.3296863216401593,1.22279966517104,1.0874114211130148,False
v9-low_high_low-closed_loop_dynamic-rep1,low_high_low,138.001066643,27.068897441000004,0,27,0,10,2108,2108,1.1923076923076923,-349,False,True,0.0,True,0,True,False,0.0,False,False,0.0,0,1.3180922478459283,1.2283606182138005,1.073049907577312,False
v9-low_high_low-closed_loop_dynamic-rep1,low_high_low,138.251262657,27.319093455000015,0,27,0,10,2124,2124,1.2013574660633484,-365,False,True,0.0,True,0,True,False,0.0,False,False,0.0,0,1.3081569334430994,1.2267195911087667,1.0663862735417193,False
v9-low_high_low-closed_loop_dynamic-rep1,low_high_low,138.500183258,27.568014055999996,0,27,0,10,2135,2135,1.207579185520362,-376,False,True,0.0,True,0,True,False,0.0,False,False,0.0,0,1.2982451629055438,1.2253257483769229,1.0595102278926323,False
v9-low_high_low-closed_loop_dynamic-rep1,low_high_low,138.750572293,27.818403091000008,0,27,0,10,2135,2135,1.207579185520362,-376,False,True,0.0,True,0,True,False,0.0,False,False,0.0,0,1.2885864908540727,1.223923683079129,1.0528323854411135,False
v9-low_high_low-closed_loop_dynamic-rep1,low_high_low,139.000671481,28.068502279000015,0,26,0,10,2049,2049,1.1589366515837105,-290,False,True,0.0,True,0,True,False,0.0,False,False,0.0,0,1.2785149833192306,1.2227352489098977,1.0456188160593736,False
v9-low_high_low-closed_loop_dynamic-rep1,low_high_low,139.25079202,28.31862281800001,0,26,0,10,2057,2057,1.1634615384615385,-298,False,True,0.0,True,0,True,False,0.0,False,False,0.0,0,1.2684116882250003,1.2203455274799773,1.039387337162025,False
v9-low_high_low-closed_loop_dynamic-rep1,low_high_low,139.500424041,28.568254839000005,0,26,0,10,2065,2065,1.1679864253393666,-306,False,True,0.0,True,0,True,False,0.0,False,False,0.0,0,1.258415265496041,1.2180298594961536,1.0331563349494512,False
v9-low_high_low-closed_loop_dynamic-rep1,low_high_low,139.750277912,28.818108710000004,0,26,0,10,2065,2065,1.1679864253393666,-306,False,True,0.0,True,0,True,False,0.0,False,False,0.0,0,1.2483259524668555,1.2158671928088234,1.0266959745686104,False
v9-low_high_low-closed_loop_dynamic-rep1,low_high_low,140.000433396,29.068264194000008,0,26,0,10,2080,2080,1.1764705882352942,-321,False,True,0.0,True,0,True,False,0.0,False,False,0.0,0,1.2380257446535072,1.2138012731385743,1.0199575268629393,False
v9-low_high_low-closed_loop_dynamic-rep1,low_high_low,140.250376986,29.318207783999995,0,26,0,10,2091,2091,1.1826923076923077,-332,False,True,0.0,True,0,True,False,0.0,False,False,0.0,0,1.2277910557373313,1.2119219557155536,1.0130941600215568,False
v9-low_high_low-closed_loop_dynamic-rep1,low_high_low,140.500098059,29.567928857000012,0,26,0,10,2091,2091,1.1826923076923077,-332,False,True,0.0,True,0,True,False,0.0,False,False,0.0,0,1.2178756601917422,1.2193090666419684,0.9988244108984001,False
v9-low_high_low-closed_loop_dynamic-rep1,low_high_low,140.751237853,29.819068650999995,0,26,0,10,2106,2106,1.1911764705882353,-347,False,True,0.0,True,0,True,False,0.0,False,False,0.0,0,1.2074815503619918,1.2269492390264136,0.9841332566619713,False
v9-low_high_low-closed_loop_dynamic-rep1,low_high_low,141.000970694,30.06880149199999,0,26,0,10,2117,2117,1.1973981900452488,-358,False,True,0.0,True,0,True,False,0.0,False,False,0.0,0,1.1998539635893675,1.2333221469299767,0.9728633889986333,False
v9-low_high_low-closed_loop_dynamic-rep1,low_high_low,141.251059148,30.318889946,0,26,0,10,2117,2117,1.1973981900452488,-358,False,True,0.0,True,0,True,False,0.0,False,False,0.0,0,1.1925261801882363,1.2408052627583706,0.9610905240175984,False
v9-low_high_low-closed_loop_dynamic-rep1,low_high_low,141.500944344,30.568775142000007,0,25,0,10,2031,2031,1.1487556561085972,-272,False,True,0.0,True,0,True,False,0.0,False,False,0.0,0,1.1848929162736428,1.2484378559773188,0.949100438280181,False
v9-low_high_low-closed_loop_dynamic-rep1,low_high_low,141.750623293,30.818454090999992,0,25,0,10,2038,2038,1.1527149321266967,-279,False,True,0.0,True,0,True,False,0.0,False,False,0.0,0,1.1744336962375566,1.2561812020203618,0.9349237947110435,False
v9-low_high_low-closed_loop_dynamic-rep1,low_high_low,142.000434295,31.068265092999994,0,25,0,10,2046,2046,1.157239819004525,-287,False,True,0.0,True,0,True,False,0.0,False,False,0.0,0,1.1749988795,1.2583433207652712,0.9337665326386564,False
v9-low_high_low-closed_loop_dynamic-rep1,low_high_low,142.250943044,31.318773842,0,25,0,10,2046,2046,1.157239819004525,-287,False,True,0.0,True,0,True,False,0.0,False,False,0.0,0,1.1757911271535066,1.260426977234389,0.932851445097923,False
v9-low_high_low-closed_loop_dynamic-rep1,low_high_low,142.501140032,31.568970829999998,0,25,0,10,2060,2060,1.165158371040724,-301,False,True,0.0,True,0,True,False,0.0,False,False,0.0,0,1.1761587441626697,1.2626904981123865,0.9314703372844935,False
v9-low_high_low-closed_loop_dynamic-rep1,low_high_low,142.75127786,31.81910865799999,0,25,0,10,2071,2071,1.1713800904977376,-312,False,True,0.0,True,0,True,False,0.0,False,False,0.0,0,1.1766114823128961,1.2648975965947398,0.930202955148685,False
v9-low_high_low-closed_loop_dynamic-rep1,low_high_low,143.000230512,32.068061310000004,0,25,0,10,2071,2071,1.1713800904977376,-312,False,True,0.0,True,0,True,False,0.0,False,False,0.0,0,1.177371858059955,1.2669956818782238,0.929262723543455,False
v9-low_high_low-closed_loop_dynamic-rep1,low_high_low,143.25114862,32.31897941800001,0,25,0,10,2085,2085,1.1792986425339367,-326,False,True,0.0,True,0,True,False,0.0,False,False,0.0,0,1.1763276886468326,1.270015593904242,0.9262309016463357,False
v9-low_high_low-closed_loop_dynamic-rep1,low_high_low,143.500464812,32.56829560999999,0,25,0,10,2096,2096,1.1855203619909502,-337,False,True,0.0,True,0,True,False,0.0,False,False,0.0,0,1.1752276203221723,1.2731603229773187,0.923079049128606,False
v9-low_high_low-closed_loop_dynamic-rep1,low_high_low,143.750553137,32.818383935,0,25,0,10,2096,2096,1.1855203619909502,-337,False,True,0.0,True,0,True,False,0.0,False,False,0.0,0,1.174124289476584,1.2775866096117643,0.9190173727896063,False
v9-low_high_low-closed_loop_dynamic-rep1,low_high_low,144.00116694,33.06899773799999,0,25,0,10,2106,2106,1.1911764705882353,-347,False,True,0.0,True,0,True,False,0.0,False,False,0.0,0,1.1730234604219458,1.2820208067301466,0.9149800488915593,False
v9-low_high_low-closed_loop_dynamic-rep1,low_high_low,144.250522362,33.31835316,0,21,0,10,1722,1722,0.9739819004524887,37,True,True,0.0,True,0,True,False,0.0,False,False,0.0,0,1.1746312951565614,1.2851377495051468,0.9140119770109182,False
v9-low_high_low-closed_loop_dynamic-rep1,low_high_low,144.500783227,33.568614025,0,21,0,10,1733,1733,0.9802036199095022,26,True,True,0.0,True,0,True,False,0.0,False,False,0.0,0,1.1651473465141404,1.2881388699317304,0.9045199812780214,False
v9-low_high_low-closed_loop_dynamic-rep1,low_high_low,144.750369536,33.818200334,0,21,0,10,1733,1733,0.9802036199095022,26,True,True,0.0,True,0,True,False,0.0,False,False,0.0,0,1.1557737430539596,1.2912445819215495,0.895085066946813,False
v9-low_high_low-closed_loop_dynamic-rep1,low_high_low,145.000937743,34.06876854100001,0,21,0,10,1743,1743,0.9858597285067874,16,True,True,0.0,True,0,True,False,0.0,False,False,0.0,0,1.14636240708914,1.2942780297207013,0.8857157278150811,False
v9-low_high_low-closed_loop_dynamic-rep1,low_high_low,145.251290973,34.31912177100001,0,21,0,10,1754,1754,0.9920814479638009,5,True,True,0.0,True,0,True,False,0.0,False,False,0.0,0,1.136817260893778,1.2972950370757916,0.8762981653396721,False
v9-low_high_low-closed_loop_dynamic-rep1,low_high_low,145.500462502,34.56829330000001,0,30,0,10,2330,2330,1.3178733031674208,-571,False,True,0.0,True,0,True,False,0.0,False,False,0.0,0,1.1273183010212668,1.3004328822897624,0.8668792648770303,False
v9-low_high_low-closed_loop_dynamic-rep1,low_high_low,145.750412125,34.818242923,0,30,0,10,2330,2330,1.3178733031674208,-571,False,True,0.0,True,0,True,False,0.0,False,False,0.0,0,1.1340759887924206,1.295442372283032,0.8754353053882079,False
v9-low_high_low-closed_loop_dynamic-rep1,low_high_low,146.000584011,35.068414809000004,0,30,0,10,2330,2330,1.3178733031674208,-571,False,True,0.0,True,0,True,False,0.0,False,False,0.0,0,1.1404165870259049,1.2906589739013576,0.8835924981629303,False
v9-low_high_low-closed_loop_dynamic-rep1,low_high_low,146.251046754,35.31887755199999,0,30,0,10,2330,2330,1.3178733031674208,-571,False,True,0.0,True,0,True,False,0.0,False,False,0.0,0,1.1464519736516963,1.2860263058881225,0.8914685247126131,False
v9-low_high_low-closed_loop_dynamic-rep1,low_high_low,146.500306565,35.56813736299999,0,30,0,10,2330,2330,1.3178733031674208,-571,False,True,0.0,True,0,True,False,0.0,False,False,0.0,0,1.1524578944371036,1.2814161272570703,0.8993627206050483,False
v9-low_high_low-closed_loop_dynamic-rep1,low_high_low,146.750971014,35.81880181199999,0,30,0,10,2330,2330,1.3178733031674208,-571,False,True,0.0,True,0,True,False,0.0,False,False,0.0,0,1.160929770818325,1.2755639137731338,0.9101306161792242,False
v9-low_high_low-closed_loop_dynamic-rep1,low_high_low,147.001249675,36.069080473,0,30,0,10,2330,2330,1.3178733031674208,-571,False,True,0.0,True,0,True,False,0.0,False,False,0.0,0,1.1691961561092756,1.2698169333813918,0.9207596192593106,False
v9-low_high_low-closed_loop_dynamic-rep1,low_high_low,147.250502404,36.318333202000005,0,30,0,10,2330,2330,1.3178733031674208,-571,False,True,0.0,True,0,True,False,0.0,False,False,0.0,0,1.177203822968552,1.2642059273778847,0.9311804330883137,False
v9-low_high_low-closed_loop_dynamic-rep1,low_high_low,147.500868292,36.56869909000001,0,30,0,10,2330,2330,1.3178733031674208,-571,False,True,0.0,True,0,True,False,0.0,False,False,0.0,0,1.1852472519495474,1.2585698627045816,0.9417413264628244,False
v9-low_high_low-closed_loop_dynamic-rep1,low_high_low,147.751141285,36.81897208299999,0,30,0,10,2339,2339,1.3229638009049773,-580,False,True,0.0,True,0,True,False,0.0,False,False,0.0,0,1.1928917669348411,1.2531336553697972,0.9519270046121466,False
v9-low_high_low-closed_loop_dynamic-rep1,low_high_low,148.000341742,37.06817253999999,0,30,0,10,2349,2349,1.3286199095022624,-590,False,True,0.0,True,0,True,False,0.0,False,False,0.0,0,1.200446882862556,1.2477492383106905,0.9620898542785917,False
v9-low_high_low-closed_loop_dynamic-rep1,low_high_low,148.250703968,37.31853476600001,0,30,0,10,2349,2349,1.3286199095022624,-590,False,True,0.0,True,0,True,False,0.0,False,False,0.0,0,1.2083202650829186,1.2422548636677033,0.9726830624075045,False
v9-low_high_low-closed_loop_dynamic-rep1,low_high_low,148.50016439,37.56799518800001,0,30,0,10,2369,2360,1.3399321266968325,-601,False,True,0.0,True,0,True,False,0.0,False,False,0.0,0,1.2157709185372172,1.2367376051369345,0.9830467784656747,False
v9-low_high_low-closed_loop_dynamic-rep1,low_high_low,148.750272345,37.818103143000016,0,30,0,10,2369,2369,1.3399321266968325,-610,False,True,0.0,True,0,True,False,0.0,False,False,0.0,0,1.2234952145052036,1.2313617947555997,0.9936114793524534,False
v9-low_high_low-closed_loop_dynamic-rep1,low_high_low,149.000956345,38.068787142999994,0,30,0,10,2379,2379,1.3455882352941178,-620,False,True,0.0,True,0,True,False,0.0,False,False,0.0,0,1.2312369262699085,1.2257617733059396,1.004466734958786,False
v9-low_high_low-closed_loop_dynamic-rep1,low_high_low,149.25083652,38.31866731800001,0,30,0,10,2390,2390,1.3518099547511313,-631,False,True,0.0,True,0,True,False,0.0,False,False,0.0,0,1.2389676989392533,1.2215147826316177,1.0142879288534152,False
v9-low_high_low-closed_loop_dynamic-rep1,low_high_low,149.500782712,38.56861350999999,0,30,0,10,2399,2399,1.3569004524886878,-640,False,True,0.0,True,0,True,False,0.0,False,False,0.0,0,1.257855035619795,1.211774296756166,1.0380274932278923,False
v9-low_high_low-closed_loop_dynamic-rep1,low_high_low,149.750511686,38.81834248400001,0,30,0,10,2409,2409,1.362556561085973,-650,False,True,0.0,True,0,True,False,0.0,False,False,0.0,0,1.2766694589624437,1.2020424579912896,1.0620834983614986,False
v9-low_high_low-closed_loop_dynamic-rep1,low_high_low,150.001052093,39.068882891,0,27,0,10,2129,2129,1.204185520361991,-370,False,True,0.0,True,0,True,False,0.0,False,False,0.0,0,1.2958283019072394,1.1921795071664032,1.086940594195576,False
v9-low_high_low-closed_loop_dynamic-rep1,low_high_low,150.251134137,39.31896493500001,0,27,0,10,2138,2138,1.2092760180995474,-379,False,True,0.0,True,0,True,False,0.0,False,False,0.0,0,1.3067481739642532,1.1822922136847285,1.1052666665981379,False
v9-low_high_low-closed_loop_dynamic-rep1,low_high_low,150.50079742,39.568628218,0,27,0,10,2138,2138,1.2092760180995474,-379,False,True,0.0,True,0,True,False,0.0,False,False,0.0,0,1.3175716482968325,1.1725870996048644,1.1236450142943109,False
v9-low_high_low-closed_loop_dynamic-rep1,low_high_low,150.750479597,39.81831039500001,0,27,0,10,2148,2148,1.2149321266968325,-389,False,True,0.0,True,0,True,False,0.0,False,False,0.0,0,1.3121486869864252,1.170793568129808,1.1207344511487314,False
v9-low_high_low-closed_loop_dynamic-rep1,low_high_low,151.000970349,40.068801147,0,27,0,10,2156,2156,1.2194570135746607,-397,False,True,0.0,True,0,True,False,0.0,False,False,0.0,0,1.3069915244452488,1.170140175356392,1.1169529531341624,False
v9-low_high_low-closed_loop_dynamic-rep1,low_high_low,151.250518733,40.31834953100001,0,27,0,10,2165,2165,1.2245475113122173,-406,False,True,0.0,True,0,True,False,0.0,False,False,0.0,0,1.3020795992398189,1.1694908978867085,1.1133730083685993,False
v9-low_high_low-closed_loop_dynamic-rep1,low_high_low,151.500864504,40.568695301999995,0,27,0,10,2175,2175,1.2302036199095023,-416,False,True,0.0,True,0,True,False,0.0,False,False,0.0,0,1.2974068557765839,1.1686834141453626,1.1101439791762207,False
v9-low_high_low-closed_loop_dynamic-rep1,low_high_low,151.750844892,40.818675690000006,0,27,0,10,2183,2183,1.2347285067873304,-424,False,True,0.0,True,0,True,False,0.0,False,False,0.0,0,1.2930237154892534,1.1676799011951355,1.1073443279839166,False
v9-low_high_low-closed_loop_dynamic-rep1,low_high_low,152.000484379,41.068315177,0,27,0,10,2192,2192,1.239819004524887,-433,False,True,0.0,True,0,True,False,0.0,False,False,0.0,0,1.2888724706262444,1.1720853039069004,1.099640500849263,False
v9-low_high_low-closed_loop_dynamic-rep1,low_high_low,152.250466491,41.318297289,0,27,0,10,2202,2202,1.245475113122172,-443,False,True,0.0,True,0,True,False,0.0,False,False,0.0,0,1.2849700349411763,1.17649654777138,1.0922004296360037,False
v9-low_high_low-closed_loop_dynamic-rep1,low_high_low,152.500382645,41.568213443000005,0,27,0,10,2210,2210,1.25,-451,False,True,0.0,True,0,True,False,0.0,False,False,0.0,0,1.2813513394986422,1.1806947999058823,1.0852519546971695,False
v9-low_high_low-closed_loop_dynamic-rep1,low_high_low,152.750409695,41.818240493000005,2,32,0,10,2539,2539,1.4360859728506787,-780,False,True,0.0,True,0,True,False,0.0,False,False,0.0,0,1.277957307145701,1.1847396664824659,1.078681961362872,False
v9-low_high_low-closed_loop_dynamic-rep1,low_high_low,153.000570296,42.06840109400001,2,32,0,10,2539,2539,1.4360859728506787,-780,False,True,0.05003212020000092,True,0,True,False,0.0,False,False,0.10006424040000184,0,1.2836175355359727,1.18891348314112,1.0796559663404974,False
v9-low_high_low-closed_loop_dynamic-rep1,low_high_low,153.250476119,42.318306917000015,2,32,0,10,2539,2539,1.4360859728506787,-780,False,True,0.10001328480000211,True,0,True,False,0.0,False,False,0.20002656960000423,0,1.2889888145371038,1.1923218015546384,1.0810745998743156,False
v9-low_high_low-closed_loop_dynamic-rep1,low_high_low,153.500275017,42.56810581500001,2,32,0,10,2539,2539,1.4360859728506787,-780,False,True,0.14997306440000102,True,0,True,False,0.0,False,False,0.29994612880000204,0,1.2943575450891402,1.1955015832203055,1.082689946426125,False
v9-low_high_low-closed_loop_dynamic-rep1,low_high_low,153.750540646,42.81837144399999,2,32,0,10,2539,2539,1.4360859728506787,-780,False,True,0.2000261901999977,True,0,True,False,0.0,False,False,0.4000523803999954,0,1.2991703456468322,1.1988139224276582,1.0837130945359288,False
v9-low_high_low-closed_loop_dynamic-rep1,low_high_low,154.001028046,43.06885884399999,2,32,0,10,2539,2539,1.4360859728506787,-780,False,True,0.25012367019999715,True,0,True,False,0.0,False,False,0.5002473403999943,0,1.303987329921719,1.2021309718167983,1.0847298343465719,False
v9-low_high_low-closed_loop_dynamic-rep1,low_high_low,154.250139629,43.31797042699999,2,32,0,10,2544,2544,1.4389140271493213,-785,False,True,0.2999459867999974,True,0,True,False,0.0,False,False,0.5998919735999948,0,1.308496136853846,1.2067806789655537,1.0842866145118284,False
v9-low_high_low-closed_loop_dynamic-rep1,low_high_low,154.501180923,43.569011720999995,2,32,0,10,2554,2554,1.4445701357466063,-795,False,True,0.35015424559999814,True,0,True,False,0.0,False,False,0.7003084911999963,0,1.312869942416968,1.2115087238225677,1.083665281645339,False
v9-low_high_low-closed_loop_dynamic-rep1,low_high_low,154.750139439,43.81797023700001,2,32,0,10,2562,2562,1.4490950226244343,-803,False,True,0.39994594880000134,True,0,True,False,0.0,False,False,0.7998918976000027,0,1.3172351652653844,1.2162118994076356,1.0830638689746028,False
v9-low_high_low-closed_loop_dynamic-rep1,low_high_low,155.001203274,44.06903407200001,2,32,0,10,2576,2576,1.4570135746606334,-817,False,True,0.45015871580000066,True,0,True,False,0.0,False,False,0.9003174316000013,0,1.321585710503507,1.2210935938601246,1.0822968174992273,False
v9-low_high_low-closed_loop_dynamic-rep1,low_high_low,155.251118576,44.31894937400001,2,32,0,10,2586,2586,1.4626696832579185,-827,False,True,0.5001417762000017,False,0,True,False,0.0,False,False,1.0002835524000033,0,1.334222830412331,1.2217857710268667,1.0920268201281842,False
v9-low_high_low-closed_loop_dynamic-rep1,low_high_low,155.500258783,44.568089580999995,2,32,0,10,2594,2594,1.4671945701357465,-835,False,True,0.5499698175999981,False,0,True,False,0.0,False,False,1.0999396351999962,0,1.3468489562929857,1.2224480702169118,1.1017637387688788,False
v9-low_high_low-closed_loop_dynamic-rep1,low_high_low,155.750970093,44.81880089100001,2,32,0,10,2608,2608,1.4751131221719458,-849,False,True,0.6001120796000009,False,0,True,False,0.0,False,False,1.2002241592000018,0,1.359781021044118,1.2231148313328621,1.111736188794577,False
v9-low_high_low-closed_loop_dynamic-rep1,low_high_low,156.000186582,45.06801738,2,32,0,10,2608,2608,1.4751131221719458,-849,False,True,0.6499553773999992,False,0,True,False,0.0,False,False,1.2999107547999984,0,1.3727492998834838,1.223707088625735,1.1217956589800655,False
v9-low_high_low-closed_loop_dynamic-rep1,low_high_low,156.250172541,45.318003339000015,2,32,0,10,2618,2618,1.4807692307692308,-859,False,True,0.699952569200002,False,0,True,False,0.0,False,False,1.399905138400004,0,1.3855320966712674,1.2242586614479638,1.1317315043804232,False
v9-low_high_low-closed_loop_dynamic-rep1,low_high_low,156.500943166,45.568773964000016,2,32,0,10,2626,2626,1.4852941176470589,-867,False,True,0.7501066942000023,False,0,True,False,0.0,False,False,1.5002133884000046,0,1.3983829362903852,1.22493935493733,1.1415936067805814,False
v9-low_high_low-closed_loop_dynamic-rep1,low_high_low,156.750995232,45.81882603000001,2,32,0,10,2640,2640,1.493212669683258,-881,False,True,0.8001171074000013,False,0,True,False,0.0,False,False,1.6002342148000026,0,1.4111399814313352,1.2269758931354635,1.150095930430427,False
v9-low_high_low-closed_loop_dynamic-rep1,low_high_low,157.00067107,46.06850186800001,2,32,0,10,2650,2650,1.498868778280543,-891,False,True,0.8500522750000016,False,0,True,False,0.0,False,False,1.7001045500000032,0,1.4240472413574665,1.229023561830543,1.1586818069105604,False
v9-low_high_low-closed_loop_dynamic-rep1,low_high_low,157.250434239,46.31826503699999,2,32,0,10,2658,2658,1.503393665158371,-899,False,True,0.9000049087999968,False,0,True,False,0.0,False,False,1.8000098175999937,0,1.4369874598418542,1.2310860857374433,1.1672518083746126,False
v9-low_high_low-closed_loop_dynamic-rep1,low_high_low,157.500190898,46.568021696,2,32,0,10,2672,2672,1.51131221719457,-913,False,True,0.9499562405999995,False,0,True,False,0.0,False,False,1.899912481199999,0,1.4498708714961537,1.2332898027218324,1.1756124702371928,False
v9-low_high_low-closed_loop_dynamic-rep1,low_high_low,157.750471437,46.81830223499999,2,32,0,10,2682,2682,1.5169683257918551,-923,False,True,1.0000123483999972,False,0,True,False,0.0,False,False,2.0,0,1.4629490196721717,1.235415037329751,1.1841761476646884,False
v9-low_high_low-closed_loop_dynamic-rep1,low_high_low,158.001085262,47.06891606000001,0,26,0,10,2810,2042,1.589366515837104,-283,False,True,1.0501351134000003,False,0,True,False,0.0,False,False,2.0,0,1.4670030668412894,1.242049434431165,1.1811148785017151,False
v9-low_high_low-closed_loop_dynamic-rep1,low_high_low,158.251205213,47.319036010999994,0,26,0,10,2810,2042,1.589366515837104,-283,False,True,1.0501351134000003,False,0,True,False,0.0,False,False,1.8999520196000048,0,1.474670771221493,1.248670211850056,1.1809929933673917,False
v9-low_high_low-closed_loop_dynamic-rep1,low_high_low,158.50099988,47.568830678,0,26,0,10,2810,2042,1.589366515837104,-283,False,True,1.0501351134000003,False,0,True,False,0.0,False,False,1.8000341528000035,0,1.4823285036600677,1.2550842895123864,1.181058926517173,False
v9-low_high_low-closed_loop_dynamic-rep1,low_high_low,158.750541477,47.818372275000016,0,26,0,10,2053,2053,1.1611990950226245,-294,False,True,1.0501351134000003,False,0,True,False,0.0,False,False,1.7002175139999962,0,1.48997847795724,1.2613369437811084,1.1812691963899298,False
v9-low_high_low-closed_loop_dynamic-rep1,low_high_low,159.000584812,48.06841561,0,26,0,10,2058,2058,1.164027149321267,-299,False,True,1.0501351134000003,False,0,True,False,0.0,False,False,1.6002001800000016,0,1.476231751621268,1.2676021698786761,1.164586008686432,False
v9-low_high_low-closed_loop_dynamic-rep1,low_high_low,159.250679086,48.318509883999994,0,26,0,10,2068,2068,1.169683257918552,-309,False,True,1.0501351134000003,False,0,True,False,0.0,False,False,1.5001624704000052,0,1.4626233757073543,1.2737311020745465,1.148298391493429,False
v9-low_high_low-closed_loop_dynamic-rep1,low_high_low,159.501029223,48.56886002099999,0,26,0,10,2070,2070,1.170814479638009,-311,False,True,1.0501351134000003,False,0,True,False,0.0,False,False,1.4000224156000058,0,1.4491429837150467,1.2853705311841621,1.1274126398245705,False
v9-low_high_low-closed_loop_dynamic-rep1,low_high_low,159.750996813,48.818827611,0,26,0,10,2084,2084,1.1787330316742082,-325,False,True,1.0501351134000003,False,0,True,False,0.0,False,False,1.3000353796000013,0,1.4354563710960417,1.2969784912170816,1.1067696039808745,False
v9-low_high_low-closed_loop_dynamic-rep1,low_high_low,160.000792071,49.06862286900001,0,26,0,10,2094,2094,1.1843891402714932,-335,False,True,1.0501351134000003,False,0,True,False,0.0,False,False,1.200117276399999,0,1.42194934243948,1.3086911761085978,1.0865430809029035,False
v9-low_high_low-closed_loop_dynamic-rep1,low_high_low,160.250355967,49.31818676499999,2,32,0,10,2478,2478,1.4015837104072397,-719,False,True,1.0501351134000003,False,0,True,False,0.0,False,False,1.1002917180000054,0,1.4083425504677618,1.3204492318351804,1.066563194186895,False
v9-low_high_low-closed_loop_dynamic-rep1,low_high_low,160.500745835,49.568576633000006,2,32,0,10,2478,2478,1.4015837104072397,-719,False,True,1.100213087000003,False,0,True,False,0.0,False,False,1.1002917180000054,0,1.4052839106408384,1.332223424468665,1.0548410160265065,False
v9-low_high_low-closed_loop_dynamic-rep1,low_high_low,160.750787095,49.818617892999995,2,32,0,10,2478,2478,1.4015837104072397,-719,False,True,1.150221339000001,False,0,True,False,0.0,False,False,1.1002917180000054,0,1.4020028262335986,1.3359570722424208,1.0494370330929266,False
v9-low_high_low-closed_loop_dynamic-rep1,low_high_low,161.000893049,50.068723847000015,2,32,0,10,2478,2478,1.4015837104072397,-719,False,True,1.2002425298000048,False,0,True,False,0.0,False,False,1.1002917180000054,0,1.3983250873141413,1.3398895888283937,1.0436121744455407,False
v9-low_high_low-closed_loop_dynamic-rep1,low_high_low,161.250356802,50.3181876,2,32,0,10,2478,2478,1.4015837104072397,-719,False,True,1.250135280400002,False,0,True,False,0.0,False,False,1.1002917180000054,0,1.3946562942711551,1.3438122565854067,1.0378356704491905,False
v9-low_high_low-closed_loop_dynamic-rep1,low_high_low,161.501037588,50.568868386000005,2,32,0,10,2478,2478,1.4015837104072397,-719,False,True,1.3002714376000029,False,0,True,False,0.0,False,False,1.1002917180000054,0,1.3906861511245487,1.347895787227036,1.031746047656654,False
v9-low_high_low-closed_loop_dynamic-rep1,low_high_low,161.750425688,50.81825648600001,2,32,0,10,2486,2486,1.4061085972850678,-727,False,True,1.3501490576000037,False,0,True,False,0.0,False,False,1.1002917180000054,0,1.386510875242196,1.3520710631093888,1.02547189498576,False
v9-low_high_low-closed_loop_dynamic-rep1,low_high_low,162.000829263,51.06866006100002,2,32,0,10,2486,2486,1.4061085972850678,-727,False,True,1.4002297726000053,False,0,True,False,0.0,False,False,1.1002917180000054,0,1.3821493640584852,1.3564612620100678,1.018937586179462,False
v9-low_high_low-closed_loop_dynamic-rep1,low_high_low,162.250182933,51.31801373099999,2,32,0,10,2500,2500,1.414027149321267,-741,False,True,1.4501005066000006,False,0,True,False,0.0,False,False,1.1002917180000054,0,1.3775233457462686,1.3609744506073524,1.0121595928061184,False
v9-low_high_low-closed_loop_dynamic-rep1,low_high_low,162.500731042,51.568561840000015,2,32,0,10,2510,2510,1.419683257918552,-751,False,True,1.500210128400005,False,0,True,False,0.0,False,False,1.1002917180000054,0,1.3730445954306572,1.3656229421978505,1.005434628405453,False
v9-low_high_low-closed_loop_dynamic-rep1,low_high_low,162.75092029,51.81875108800001,2,32,0,10,2518,2518,1.4242081447963801,-759,False,True,1.5501458590000028,False,0,True,False,0.0,False,False,1.1002917180000054,0,1.3684591715951366,1.3704628297174208,0.998537969743625,False
v9-low_high_low-closed_loop_dynamic-rep1,low_high_low,163.000718155,52.06854895299999,2,32,0,10,2532,2532,1.4321266968325792,-773,False,True,1.5501458590000028,False,0,True,False,0.0,False,False,1.1002917180000054,0,1.3638249125612005,1.3753089209233027,0.9916498699402078,False
v9-low_high_low-closed_loop_dynamic-rep1,low_high_low,163.251163537,52.318994335,2,32,0,10,2542,2542,1.4377828054298643,-783,False,True,1.5501458590000028,False,0,True,False,0.0,False,False,1.2003230280000026,0,1.3559542308304313,1.381836541477941,0.981269629315326,False
v9-low_high_low-closed_loop_dynamic-rep1,low_high_low,163.500850523,52.568681321,2,32,0,10,2550,2550,1.4423076923076923,-791,False,True,1.5501458590000028,False,0,True,False,0.0,False,False,1.3001978224000026,0,1.3483845348747754,1.3883462687339363,0.9712163062204915,False
v9-low_high_low-closed_loop_dynamic-rep1,low_high_low,163.751081923,52.81891272099999,2,32,0,10,2559,2559,1.4473981900452488,-800,False,True,1.5501458590000028,False,0,True,False,0.0,False,False,1.4002903823999986,0,1.3410710680899318,1.394564760237218,0.9616412993698573,False
v9-low_high_low-closed_loop_dynamic-rep1,low_high_low,164.000641434,53.06847223199999,2,32,0,10,2564,2564,1.4502262443438914,-805,False,True,1.5501458590000028,False,0,True,False,0.0,False,False,1.500114186799999,0,1.3553557773044114,1.3901043234518107,0.9750029220388912,False
v9-low_high_low-closed_loop_dynamic-rep1,low_high_low,164.251189288,53.31902008600001,2,32,0,10,2574,2574,1.4558823529411764,-815,False,True,1.5501458590000028,False,0,True,False,0.0,False,False,1.6003333284000063,0,1.369696513967761,1.38555559661629,0.9885539904084261,False
v9-low_high_low-closed_loop_dynamic-rep1,low_high_low,164.500866114,53.56869691199999,2,32,0,10,2582,2582,1.4604072398190044,-823,False,True,1.5501458590000028,False,0,True,False,0.0,False,False,1.7002040588,0,1.3839879702976243,1.3810082726010189,1.0021576247990125,False
v9-low_high_low-closed_loop_dynamic-rep1,low_high_low,164.750873594,53.818704392000015,2,32,0,10,2596,2596,1.4683257918552035,-837,False,True,1.5501458590000028,False,0,True,False,0.0,False,False,1.8002070508000088,0,1.3984680784399333,1.3763557609371044,1.0160658444062263,False
v9-low_high_low-closed_loop_dynamic-rep1,low_high_low,165.000561119,54.068391917,2,32,0,10,2606,2606,1.4739819004524888,-847,False,True,1.5501458590000028,False,0,True,False,0.0,False,False,1.9000820608000026,0,1.4129298134926473,1.3717658191559396,1.0300080332676873,False
v9-low_high_low-closed_loop_dynamic-rep1,low_high_low,165.250765614,54.31859641199999,2,32,0,10,2614,2614,1.4785067873303168,-855,False,True,1.5501458590000028,False,0,True,False,0.0,False,False,2.0,0,1.4274037621930997,1.3712714959027155,1.040934465901249,False
v9-low_high_low-closed_loop_dynamic-rep1,low_high_low,165.500590596,54.568421394,2,32,0,10,2628,2628,1.4864253393665159,-869,False,True,1.5501458590000028,False,0,True,False,0.0,False,False,2.0,0,1.431247223454638,1.3760760100761886,1.040093143819428,False
v9-low_high_low-closed_loop_dynamic-rep1,low_high_low,165.751045431,54.818876229,0,25,0,10,2756,1892,1.5588235294117647,-133,False,True,1.5501458590000028,False,0,True,False,0.0,False,False,2.0,0,1.4354970226910633,1.3808921291689487,1.0395431999130715,False
v9-low_high_low-closed_loop_dynamic-rep1,low_high_low,166.000342034,55.068172832,0,25,0,10,2756,1892,1.5588235294117647,-133,False,True,1.5002865384000017,False,0,True,False,0.0,False,False,1.900281358799998,0,1.443336893237896,1.3855452897453062,1.04171036769445,False
v9-low_high_low-closed_loop_dynamic-rep1,low_high_low,166.250915289,55.31874608700001,0,25,0,10,1894,1894,1.0712669683257918,-135,False,True,1.4501718874000005,False,0,True,False,0.0,False,False,1.8000520567999956,0,1.451216911890611,1.3901089801087678,1.043959094327311,False
v9-low_high_low-closed_loop_dynamic-rep1,low_high_low,166.500441454,55.568272252,0,25,0,10,1903,1903,1.0763574660633484,-144,False,True,1.4002666544000022,False,0,True,False,0.0,False,False,1.7002415907999988,0,1.4347323779132362,1.3945264964914035,1.02883120652278,False
v9-low_high_low-closed_loop_dynamic-rep1,low_high_low,166.75115608,55.81898687799999,0,25,0,10,1912,1912,1.081447963800905,-153,False,True,1.3501237292000041,False,0,True,False,0.0,False,False,1.5999557404000029,0,1.4184239216817889,1.398823674987444,1.0140119495007265,False
v9-low_high_low-closed_loop_dynamic-rep1,low_high_low,167.000594224,56.068425022,0,25,0,10,1919,1917,1.0854072398190044,-158,False,True,1.3002361004000023,False,0,True,False,0.0,False,False,1.500180482799999,0,1.4022273725125574,1.4030984922401024,0.9993791457033395,False
v9-low_high_low-closed_loop_dynamic-rep1,low_high_low,167.25083353,56.318664328,0,25,0,10,1920,1920,1.085972850678733,-161,False,True,1.2501882392000028,False,0,True,False,0.0,False,False,1.4000847604,0,1.3861759251302046,1.4072600190462108,0.985017627424464,False
v9-low_high_low-closed_loop_dynamic-rep1,low_high_low,167.500123712,56.56795451000001,0,25,0,10,1928,1928,1.090497737556561,-169,False,True,1.2003302028000007,False,0,True,False,0.0,False,False,1.300368687599996,0,1.369819781967308,1.4114618558242655,0.9704972021134504,False
v9-low_high_low-closed_loop_dynamic-rep1,low_high_low,167.750298633,56.818129431,2,32,0,10,2376,2376,1.3438914027149322,-617,False,True,1.1502952186000015,False,0,True,False,0.0,False,False,1.2002987191999979,0,1.353349676682014,1.415706679040555,0.9559534448189498,False
v9-low_high_low-closed_loop_dynamic-rep1,low_high_low,168.000334186,57.068164984000006,2,32,0,10,2376,2376,1.3438914027149322,-617,False,True,1.1502952186000015,False,0,True,False,0.0,False,False,1.2002987191999979,0,1.3493338310632357,1.415411476525227,0.9533155929862819,False
v9-low_high_low-closed_loop_dynamic-rep1,low_high_low,168.25059559,57.31842638799999,2,32,0,10,2376,2376,1.3438914027149322,-617,False,True,1.2001972841999986,False,0,True,False,0.0,False,False,1.2002987191999979,0,1.3449180614412906,1.415312087079865,0.9502625418936296,False
v9-low_high_low-closed_loop_dynamic-rep1,low_high_low,168.500353967,57.568184765,2,32,0,10,2376,2376,1.3438914027149322,-617,False,True,1.2501489596,False,0,True,False,0.0,False,False,1.2002987191999979,0,1.3402286710440054,1.4153541456579757,0.9469210763649224,False
v9-low_high_low-closed_loop_dynamic-rep1,low_high_low,168.75026567,57.81809646800001,2,32,0,10,2376,2376,1.3438914027149322,-617,False,True,1.3001313002000017,False,0,True,False,0.0,False,False,1.2002987191999979,0,1.3353100439089371,1.4155094090225122,0.9433424005503734,False
v9-low_high_low-closed_loop_dynamic-rep1,low_high_low,169.00073999,58.068570788,2,32,0,10,2376,2376,1.3438914027149322,-617,False,True,1.3502261642000009,False,0,True,False,0.0,False,False,1.2002987191999979,0,1.3301256607570142,1.4157923633722294,0.9394920435852836,False
v9-low_high_low-closed_loop_dynamic-rep1,low_high_low,169.250207468,58.318038266000016,2,32,0,10,2376,2376,1.3438914027149322,-617,False,True,1.4001196598000036,False,0,True,False,0.0,False,False,1.2002987191999979,0,1.324820243804073,1.416145097973756,0.935511654631752,False
v9-low_high_low-closed_loop_dynamic-rep1,low_high_low,169.50017469,58.568005488,2,32,0,10,2397,2397,1.3557692307692308,-638,False,True,1.4501131041999997,False,0,True,False,0.0,False,False,1.2002987191999979,0,1.319222541116743,1.4165686951717202,0.9312803153233761,False
v9-low_high_low-closed_loop_dynamic-rep1,low_high_low,169.751169299,58.819000097,2,32,0,10,2399,2399,1.3569004524886878,-640,False,True,1.5003120260000002,False,0,True,False,0.0,False,False,1.2002987191999979,0,1.3139699832951366,1.4169662223764714,0.9273121423398546,False
v9-low_high_low-closed_loop_dynamic-rep1,low_high_low,170.000787873,59.06861867100001,2,32,0,10,2400,2400,1.3574660633484164,-641,False,True,1.5502357408000023,False,0,True,False,0.0,False,False,1.2002987191999979,0,1.3084069599220594,1.417446386350227,0.9230733328059536,False
v9-low_high_low-closed_loop_dynamic-rep1,low_high_low,170.251130598,59.318961396000006,2,32,0,10,2408,2408,1.3619909502262444,-649,False,True,1.600149359599999,False,0,True,False,0.0,False,False,1.2002987191999979,0,1.302572851186539,1.4178716633307697,0.9186817713294457,False
v9-low_high_low-closed_loop_dynamic-rep1,low_high_low,170.500428736,59.568259534000006,2,32,0,10,2429,2429,1.373868778280543,-670,False,True,1.600149359599999,False,0,True,False,0.0,False,False,1.2002987191999979,0,1.296763414939028,1.4182664024846159,0.9143299260754322,False
v9-low_high_low-closed_loop_dynamic-rep1,low_high_low,170.750279749,59.81811054699999,2,32,0,10,2432,2432,1.3755656108597285,-673,False,True,1.600149359599999,False,0,True,False,0.0,False,False,1.2002987191999979,0,1.2911391971169695,1.4187467570322405,0.9100561398411914,False
v9-low_high_low-closed_loop_dynamic-rep1,low_high_low,171.000739808,60.068570605999994,2,32,0,10,2440,2440,1.3800904977375565,-681,False,True,1.600149359599999,False,0,True,False,0.0,False,False,1.3001764699999967,0,1.2819705260966072,1.420838371639254,0.9022634464872793,False
v9-low_high_low-closed_loop_dynamic-rep1,low_high_low,171.250270784,60.31810158200001,2,32,0,10,2456,2456,1.3891402714932126,-697,False,True,1.600149359599999,False,0,True,False,0.0,False,False,1.3999888604000035,0,1.273050640529186,1.4229271500339373,0.8946702861765082,False
v9-low_high_low-closed_loop_dynamic-rep1,low_high_low,171.500874685,60.568705483000016,2,32,0,10,2463,2463,1.3930995475113122,-704,False,True,1.600149359599999,False,0,True,False,0.0,False,False,1.5002304208000055,0,1.2889194108881232,1.4126965073905546,0.9123823865530292,False
v9-low_high_low-closed_loop_dynamic-rep1,low_high_low,171.751215316,60.81904611400002,2,32,0,10,2464,2464,1.3936651583710407,-705,False,True,1.600149359599999,False,0,True,False,0.0,False,False,1.6003666732000057,0,1.3047780330867658,1.4024590483171953,0.9303501835952811,False
v9-low_high_low-closed_loop_dynamic-rep1,low_high_low,172.000456969,61.068287767,2,32,0,10,2472,2472,1.3981900452488687,-713,False,True,1.600149359599999,False,0,True,False,0.0,False,False,1.7000633343999993,0,1.3203415390207014,1.3921961567230778,0.9483875764522247,False
v9-low_high_low-closed_loop_dynamic-rep1,low_high_low,172.251005743,61.31883654100001,2,32,0,10,2493,2493,1.4100678733031675,-734,False,True,1.600149359599999,False,0,True,False,0.0,False,False,1.800282844000003,0,1.3360150979114258,1.3818367464635752,0.966840041944595,False
v9-low_high_low-closed_loop_dynamic-rep1,low_high_low,172.500199959,61.56803075700002,2,32,0,10,2496,2496,1.411764705882353,-737,False,True,1.600149359599999,False,0,True,False,0.0,False,False,1.8999605304000056,0,1.3521675499240957,1.3714348885288463,0.9859509636469735,False
v9-low_high_low-closed_loop_dynamic-rep1,low_high_low,172.750302363,61.818133161000006,2,32,0,10,2504,2504,1.416289592760181,-745,False,True,1.600149359599999,False,0,True,False,0.0,False,False,2.0,0,1.3682372891132353,1.3609103117451369,1.0053838796758787,False
v9-low_high_low-closed_loop_dynamic-rep1,low_high_low,173.00023629,62.06806708800001,2,32,0,10,2525,2525,1.4281674208144797,-766,False,True,1.600149359599999,False,0,True,False,0.0,False,False,2.0,0,1.3718562419023754,1.356584627869458,1.0112573987049387,False
v9-low_high_low-closed_loop_dynamic-rep1,low_high_low,173.250600914,62.31843171199999,1,32,0,10,2589,2493,1.464366515837104,-734,False,True,1.600149359599999,False,0,True,False,0.0,False,False,2.0,0,1.3760761886191173,1.3504449458332592,1.018979850207846,False
v9-low_high_low-closed_loop_dynamic-rep1,low_high_low,173.500996486,62.568827283999994,1,32,0,10,2496,2493,1.411764705882353,-734,False,True,1.5751098023999988,False,0,True,False,0.0,False,False,1.9499208855999997,0,1.3821094755915158,1.3442983576970602,1.0281270282582435,False
v9-low_high_low-closed_loop_dynamic-rep1,low_high_low,173.750906784,62.818737582,1,32,0,10,2496,2496,1.411764705882353,-737,False,True,1.5501187725999983,False,0,True,False,0.0,False,False,1.899938825999999,0,1.3855019230756784,1.3381793230854644,1.0353634219075374,False
v9-low_high_low-closed_loop_dynamic-rep1,low_high_low,174.000600325,63.068431122999996,1,32,0,10,2504,2504,1.416289592760181,-745,False,True,1.5251494184999985,False,0,True,False,0.0,False,False,1.8500001177999992,0,1.3888914281571263,1.342741027620419,1.0343702915062438,False
v9-low_high_low-closed_loop_dynamic-rep1,low_high_low,174.251199785,63.319030583000014,1,32,0,10,2525,2525,1.4281674208144797,-766,False,True,1.5000894724999967,False,0,True,False,0.0,False,False,1.7998802257999955,0,1.39252001762319,1.3472481215847858,1.0336032355978721,False
v9-low_high_low-closed_loop_dynamic-rep1,low_high_low,174.501067897,63.568898695000016,1,32,0,10,2528,2528,1.4298642533936652,-769,False,True,1.4751026612999965,False,0,True,False,0.0,False,False,1.7499066033999953,0,1.3967294736572398,1.3516020841693446,1.033388073321616,False
v9-low_high_low-closed_loop_dynamic-rep1,low_high_low,174.751183093,63.81901389100001,1,32,0,10,2536,2536,1.4343891402714932,-777,False,True,1.4500911416999969,False,0,True,False,0.0,False,False,1.699883564199996,0,1.4004359287576924,1.3562279376059962,1.0325962840949374,False
v9-low_high_low-closed_loop_dynamic-rep1,low_high_low,175.000972956,64.068803754,1,32,0,10,2536,2536,1.4343891402714932,-777,False,True,1.425112155399998,False,0,True,False,0.0,False,False,1.6499255915999982,0,1.4043070855617645,1.3606782873276024,1.0320640070768308,False
v9-low_high_low-closed_loop_dynamic-rep1,low_high_low,175.25042168,64.31825247799999,7,32,0,10,2557,2557,1.4462669683257918,-798,False,True,1.400167282999999,False,0,True,False,0.0,False,False,1.6000358468000002,0,1.4081447582386875,1.364994241838462,1.0316122332810047,False
v9-low_high_low-closed_loop_dynamic-rep1,low_high_low,175.500477468,64.56830826600002,7,32,0,10,2560,2560,1.4479638009049773,-801,False,True,1.5251951770000118,False,0,True,False,0.0,False,False,1.850091634800026,0,1.4123600252504525,1.364003939059503,1.03545157371341,False
v9-low_high_low-closed_loop_dynamic-rep1,low_high_low,175.750570959,64.81840175699999,7,32,0,10,2568,2568,1.4524886877828054,-809,False,True,1.6502419224999982,False,0,True,False,0.0,False,False,2.1001851257999986,0,1.4160660629983028,1.3633108560601248,1.0386963887976635,False
v9-low_high_low-closed_loop_dynamic-rep1,low_high_low,176.000277251,65.068108049,7,32,0,10,2589,2589,1.464366515837104,-830,False,True,1.824941432500006,False,0,True,False,0.0,False,False,2.349891417800012,0,1.4199076982598418,1.3626611677438352,1.042010832825588,False
v9-low_high_low-closed_loop_dynamic-rep1,low_high_low,176.251245584,65.319076382,7,32,0,10,2592,2592,1.4660633484162895,-833,False,True,2.000619265600008,False,0,True,False,0.0,False,False,2.600859750800015,0,1.4241364748744343,1.3621224290385185,1.0455275124422476,False
v9-low_high_low-closed_loop_dynamic-rep1,low_high_low,176.500177353,65.568008151,7,32,0,10,2592,2592,1.4660633484162895,-833,False,True,2.174871503900005,False,0,True,False,0.0,False,False,2.84979151980001,0,1.4279661943975113,1.3618126723123871,1.0485775491960976,False
v9-low_high_low-closed_loop_dynamic-rep1,low_high_low,176.750492721,65.818323519,7,32,0,10,2600,2600,1.4705882352941178,-841,False,True,2.3500922615000066,False,0,True,False,0.0,False,False,3.1001068878000124,0,1.431619538718326,1.3615999942519799,1.0514244600190474,False
v9-low_high_low-closed_loop_dynamic-rep1,low_high_low,177.000428682,66.06825948000001,7,32,0,10,2621,2621,1.4824660633484164,-862,False,True,2.5250474342000104,False,0,True,False,0.0,False,False,3.350042848800018,0,1.435464789090611,1.3612889470949097,1.0544894176611057,False
v9-low_high_low-closed_loop_dynamic-rep1,low_high_low,177.251123117,66.318953915,7,32,0,10,2624,2624,1.4841628959276019,-865,False,True,2.7005335387000002,False,0,True,False,0.0,False,False,3.6007372838000036,0,1.439690041608371,1.3610898155277154,1.0577480083856048,False
v9-low_high_low-closed_loop_dynamic-rep1,low_high_low,177.501133516,66.56896431400001,7,32,0,10,2632,2632,1.48868778280543,-873,False,True,2.875540818000013,False,0,True,False,0.0,False,False,3.850747682800022,0,1.4433946300244347,1.3609907602753402,1.0605469722163459,False
v9-low_high_low-closed_loop_dynamic-rep1,low_high_low,177.751141349,66.818972147,7,32,0,10,2653,2653,1.5005656108597285,-894,False,True,3.050377757900003,False,0,True,False,0.0,False,False,4.100755515800006,0,1.4472401451149322,1.3607930698768105,1.063526980811232,False
v9-low_high_low-closed_loop_dynamic-rep1,low_high_low,178.000432991,67.068263789,7,32,0,10,2656,2656,1.502262443438914,-897,False,True,3.1750235789000043,False,0,True,False,0.0,False,False,4.350047157800009,0,1.4514415392254527,1.3605959006309394,1.066769008015081,False
v9-low_high_low-closed_loop_dynamic-rep1,low_high_low,178.250888154,67.318718952,7,32,0,10,2656,2656,1.502262443438914,-897,False,True,3.3002511604000033,False,0,True,False,0.0,False,False,4.600559768800008,0,1.4551509558536202,1.3604980041102948,1.0695722826916048,False
v9-low_high_low-closed_loop_dynamic-rep1,low_high_low,178.500822391,67.56865318900002,7,32,0,10,2664,2664,1.506787330316742,-905,False,True,3.425218278900013,False,0,True,False,0.0,False,False,4.9004808532000315,0,1.4570452538037333,1.3611625778076366,1.070441751455238,False
v9-low_high_low-closed_loop_dynamic-rep1,low_high_low,178.751092306,67.818923104,7,32,0,10,2685,2685,1.5186651583710407,-926,False,True,3.550353236400008,False,0,True,False,0.0,False,False,5.200804751200019,0,1.461799683089367,1.3603991019611432,1.074537377290271,False
v9-low_high_low-closed_loop_dynamic-rep1,low_high_low,179.000771989,68.06860278699999,7,32,0,10,2688,2688,1.5203619909502262,-929,False,True,3.675193077899999,False,0,True,False,0.0,False,False,5.500420370799998,0,1.4671377019553167,1.3595094470125006,1.0791669783386406,False
v9-low_high_low-closed_loop_dynamic-rep1,low_high_low,179.250931921,68.31876271899999,7,32,0,10,2696,2696,1.5248868778280542,-937,False,True,3.8002730439000003,False,0,True,False,0.0,False,False,5.800612289200001,0,1.4723446507661762,1.3586604879672515,1.0836737093672404,False
v9-low_high_low-closed_loop_dynamic-rep1,low_high_low,179.501248574,68.56907937199999,7,32,0,10,2717,2717,1.536764705882353,-958,False,True,3.9254313703999997,False,0,True,False,0.0,False,False,6.100992272799999,0,1.4771873239308821,1.357966422066799,1.08779370382563,False
v9-low_high_low-closed_loop_dynamic-rep1,low_high_low,179.751121055,68.818951853,7,32,0,10,2720,2720,1.5384615384615385,-961,False,True,4.050367610900006,False,0,True,False,0.0,False,False,6.400839250000013,0,1.4825296201875564,1.3572030409339937,1.0923418055174088,False
v9-low_high_low-closed_loop_dynamic-rep1,low_high_low,180.000387682,69.06821848,7,32,0,10,2720,2720,1.5384615384615385,-961,False,True,4.175000924400004,False,0,True,False,0.0,False,False,6.699959202400009,0,1.4877180314626695,1.3563570853953058,1.0968483502477366,False
v9-low_high_low-closed_loop_dynamic-rep1,low_high_low,180.250419627,69.31825042500002,7,32,0,10,2728,2728,1.5429864253393666,-969,False,True,4.300016896900013,False,0,True,False,0.0,False,False,6.999997536400031,0,1.492922316290724,1.3553672380095592,1.1014891569042002,False
v9-low_high_low-closed_loop_dynamic-rep1,low_high_low,180.50066798,69.568498778,7,32,0,10,2749,2749,1.5548642533936652,-990,False,True,4.425141073400008,False,0,True,False,0.0,False,False,7.0,0,1.4977630334785064,1.3545605670153285,1.105718762195118,False
v9-low_high_low-closed_loop_dynamic-rep1,low_high_low,180.750779607,69.818610405,7,32,0,10,2752,2752,1.5565610859728507,-993,False,True,4.550196886900006,False,0,True,False,0.0,False,False,7.0,0,1.5031102538765837,1.3535986936300344,1.1104548644662138,False
v9-low_high_low-closed_loop_dynamic-rep1,low_high_low,181.000546815,70.06837761300001,7,32,0,10,2760,2760,1.5610859728506787,-1001,False,True,4.67508049090001,False,0,True,False,0.0,False,False,7.0,0,1.5083083879747738,1.3509450426804865,1.1164838985470895,False
v9-low_high_low-closed_loop_dynamic-rep1,low_high_low,181.250536702,70.31836750000001,0,30,0,10,3208,2344,1.8144796380090498,-585,False,True,4.800075434400009,False,0,True,False,0.0,False,False,7.0,0,1.513144165200679,1.3485837128654976,1.122024647610136,False
v9-low_high_low-closed_loop_dynamic-rep1,low_high_low,181.500716054,70.56854685200001,0,30,0,10,3208,2344,1.8144796380090498,-585,False,True,4.750039564000008,False,0,True,False,0.0,False,False,6.649748907199995,0,1.5305777180828057,1.3584419847917422,1.1267155573945642,False
v9-low_high_low-closed_loop_dynamic-rep1,low_high_low,181.751148925,70.818979723,0,30,0,10,3208,2344,1.8144796380090498,-585,False,True,4.6999529898000105,False,0,True,False,0.0,False,False,6.299142887800014,0,1.5480281025742075,1.3682017980129522,1.1314325889809662,False
v9-low_high_low-closed_loop_dynamic-rep1,low_high_low,182.000465881,71.068296679,0,30,0,10,3208,2344,1.8144796380090498,-585,False,True,4.65008959860001,False,0,True,False,0.0,False,False,5.950099149400012,0,1.565175605749434,1.3779037726341061,1.1359106759373514,False
v9-low_high_low-closed_loop_dynamic-rep1,low_high_low,182.250350663,71.31818146100001,0,30,0,10,3208,2344,1.8144796380090498,-585,False,True,4.600112642200008,False,0,True,False,0.0,False,False,5.600260454599999,0,1.5817686336944572,1.387825719204525,1.139745871406027,False
v9-low_high_low-closed_loop_dynamic-rep1,low_high_low,182.500173923,71.56800472100001,0,30,0,10,3208,2344,1.8144796380090498,-585,False,True,4.550147990200008,False,0,True,False,0.0,False,False,5.2505078906,0,1.598273056907353,1.397773306243948,1.1434422518785838,False
v9-low_high_low-closed_loop_dynamic-rep1,low_high_low,182.75054247,71.818373268,0,30,0,10,3208,2344,1.8144796380090498,-585,False,True,4.50007428080001,False,0,True,False,0.0,False,False,4.899991924800008,0,1.6145875319996605,1.4077361196697395,1.1469390530225574,False
v9-low_high_low-closed_loop_dynamic-rep1,low_high_low,183.000942435,72.06877323300002,0,30,0,10,2358,2358,1.333710407239819,-599,False,True,4.449994287800007,False,0,True,False,0.0,False,False,4.549431973799988,0,1.6303095940700234,1.4116586163992648,1.1548894152812061,False
v9-low_high_low-closed_loop_dynamic-rep1,low_high_low,183.250442044,72.31827284200001,0,30,0,10,2366,2366,1.338235294117647,-607,False,True,4.400094366000007,False,0,True,False,0.0,False,False,4.2001325211999925,0,1.6218988606444575,1.4156099676730205,1.1457243857293085,False
v9-low_high_low-closed_loop_dynamic-rep1,low_high_low,183.500573986,72.56840478400001,0,30,0,10,2366,2366,1.338235294117647,-607,False,True,4.3750652848000104,False,0,True,False,0.0,False,False,3.8499478023999982,0,1.6136931747643672,1.4195713332703055,1.1367468030274026,False
v9-low_high_low-closed_loop_dynamic-rep1,low_high_low,183.750314078,72.818144876,0,30,0,10,2374,2374,1.342760180995475,-615,False,True,4.35009127560001,False,0,True,False,0.0,False,False,3.5003116736000037,0,1.6052745593598428,1.4236393852644231,1.127585100535613,False
v9-low_high_low-closed_loop_dynamic-rep1,low_high_low,184.000860019,73.06869081699999,0,30,0,10,2393,2393,1.3535067873303168,-634,False,True,4.325036681500012,False,0,True,False,0.0,False,False,3.1495473562000256,0,1.596461922600454,1.4280173613430995,1.117956942133341,False
v9-low_high_low-closed_loop_dynamic-rep1,low_high_low,184.250209891,73.318040689,0,30,0,10,2396,2396,1.3552036199095023,-637,False,True,4.300101694300011,False,0,True,False,0.0,False,False,2.800457535400011,0,1.588140857867422,1.432417653201923,1.1087135475588468,False
v9-low_high_low-closed_loop_dynamic-rep1,low_high_low,184.500607229,73.568438027,0,30,0,10,2404,2404,1.3597285067873304,-645,False,True,4.275061960500011,False,0,True,False,0.0,False,False,2.4499012622000125,0,1.579643864071042,1.4369488912449664,1.099304139274185,False
v9-low_high_low-closed_loop_dynamic-rep1,low_high_low,184.750845751,73.81867654900002,0,30,0,10,2423,2423,1.370475113122172,-664,False,True,4.250038108300009,False,0,True,False,0.0,False,False,2.0995673313999874,0,1.5707851322677606,1.4414773334845026,1.0897050517406892,False
v9-low_high_low-closed_loop_dynamic-rep1,low_high_low,185.00054418,74.068374978,0,30,0,10,2426,2426,1.3721719457013575,-667,False,True,4.225068265400012,False,0,True,False,0.0,False,False,1.749989530800019,0,1.5623960363966076,1.4460108751639704,1.0804870580378172,False
v9-low_high_low-closed_loop_dynamic-rep1,low_high_low,185.250551162,74.31838196,2,32,0,10,2554,2554,1.4445701357466063,-795,False,True,4.199989878000008,False,0,True,False,0.0,False,False,1.399979756000016,0,1.5540812055156121,1.4505359617144795,1.071384127339212,False
v9-low_high_low-closed_loop_dynamic-rep1,low_high_low,185.501044511,74.568875309,2,32,0,10,2554,2554,1.4445701357466063,-795,False,True,4.074743203500003,False,0,True,False,0.0,False,False,1.1494864070000061,0,1.5491497858462682,1.4550697560042989,1.0646567145346475,False
v9-low_high_low-closed_loop_dynamic-rep1,low_high_low,185.751072115,74.818902913,2,32,0,10,2556,2556,1.4457013574660633,-797,False,True,3.9497294015000053,False,0,True,False,0.0,False,False,0.8994588030000102,0,1.5436343717847296,1.4595950576845023,1.0575771435082462,False
v9-low_high_low-closed_loop_dynamic-rep1,low_high_low,186.000427583,75.068258381,2,32,0,10,2571,2571,1.454185520361991,-812,False,True,3.825051667500003,False,0,True,False,0.0,False,False,0.6501033350000057,0,1.538105675887897,1.464108278824774,1.0505409320699424,False
v9-low_high_low-closed_loop_dynamic-rep1,low_high_low,186.25064599,75.31847678800001,2,32,0,10,2583,2583,1.460972850678733,-824,False,True,3.6999424640000003,False,0,True,False,0.0,False,False,0.40003793120000636,0,1.5327505530269239,1.4686396358333713,1.0436532663488776,False
v9-low_high_low-closed_loop_dynamic-rep1,low_high_low,186.50043127,75.56826206800001,2,32,0,10,2586,2586,1.4626696832579185,-827,False,True,3.5750498240000015,False,0,True,False,0.0,False,False,0.4999520432000054,0,1.5150903946558834,1.4792639871093891,1.0242190764182004,False
v9-low_high_low-closed_loop_dynamic-rep1,low_high_low,186.750731662,75.81856246,2,32,0,10,2596,2596,1.4683257918552035,-837,False,True,3.4498996280000087,False,0,True,False,0.0,False,False,0.6000721999999996,0,1.497478760739142,1.4898113228528842,1.0051465831737507,False
v9-low_high_low-closed_loop_dynamic-rep1,low_high_low,187.000639169,76.06846996700001,2,32,0,10,2615,2615,1.4790723981900453,-856,False,True,3.3249458745,False,0,True,False,0.0,False,False,0.7000352028000065,0,1.4801774717929868,1.5003277375170254,0.9865694239863975,False
v9-low_high_low-closed_loop_dynamic-rep1,low_high_low,187.250434177,76.31826497499999,2,32,0,10,2618,2618,1.4807692307692308,-859,False,True,3.200048370500011,False,0,True,False,0.0,False,False,0.7999532059999979,0,1.4634208609622195,1.510726443732409,0.9686868638816462,False
v9-low_high_low-closed_loop_dynamic-rep1,low_high_low,187.500964633,76.568795431,2,32,0,10,2620,2620,1.4819004524886878,-861,False,True,3.0747831425000074,False,0,True,False,0.0,False,False,0.9001653884000007,0,1.4466999368626712,1.5208587392586537,0.9512388623074018,False
v9-low_high_low-closed_loop_dynamic-rep1,low_high_low,187.750435623,76.81826642099999,2,32,0,10,2635,2635,1.4903846153846154,-876,False,True,2.9500476475000115,False,0,True,False,0.0,False,False,0.9999537843999974,0,1.4301061651296403,1.5309052482405539,0.9341572032450993,False
v9-low_high_low-closed_loop_dynamic-rep1,low_high_low,188.000252568,77.06808336600001,2,32,0,10,2647,2647,1.4971719457013575,-888,False,True,2.8251391750000012,False,0,True,False,0.0,False,False,1.0998805624000056,0,1.4139132794412905,1.5408526909691744,0.9176174255515361,False
v9-low_high_low-closed_loop_dynamic-rep1,low_high_low,188.250518452,77.31834925,2,32,0,10,2650,2650,1.498868778280543,-891,False,True,2.700006233000008,False,0,True,False,0.0,False,False,1.1999869160000003,0,1.422028646213009,1.5385219554253964,0.9242823225228675,False
v9-low_high_low-closed_loop_dynamic-rep1,low_high_low,188.5007279,77.56855869799999,2,32,0,10,2660,2660,1.504524886877828,-901,False,True,2.5749015090000116,False,0,True,False,0.0,False,False,1.3000706951999974,0,1.4300670492935517,1.5353663315941748,0.9314174864110178,False
v9-low_high_low-closed_loop_dynamic-rep1,low_high_low,188.750847185,77.818677983,0,29,0,10,2795,2315,1.5808823529411764,-556,False,True,2.449841866500006,False,0,True,False,0.0,False,False,1.4001184092000016,0,1.4383850136526015,1.5335260476183827,0.9379592970634321,False
v9-low_high_low-closed_loop_dynamic-rep1,low_high_low,189.000327562,78.06815836,0,29,0,10,2795,2315,1.5808823529411764,-556,False,True,2.275205602600008,False,0,True,False,0.0,False,False,1.4001184092000016,0,1.450266375498416,1.5318045201300343,0.9467698759469018,False
v9-low_high_low-closed_loop_dynamic-rep1,low_high_low,189.250734177,78.318564975,0,29,0,10,2795,2315,1.5808823529411764,-556,False,True,2.099920972100006,False,0,True,False,0.0,False,False,1.4001184092000016,0,1.4616546111381221,1.5302320373253964,0.9551849493968662,False
v9-low_high_low-closed_loop_dynamic-rep1,low_high_low,189.501009713,78.568840511,0,29,0,10,2324,2324,1.3144796380090498,-565,False,True,1.9247280969000031,False,0,True,False,0.0,False,False,1.4001184092000016,0,1.4729506200738687,1.5284066670480205,0.9637164321709875,False
v9-low_high_low-closed_loop_dynamic-rep1,low_high_low,189.750895386,78.818726184,0,29,0,10,2329,2329,1.3173076923076923,-570,False,True,1.749808125800007,False,0,True,False,0.0,False,False,1.4001184092000016,0,1.470689104586878,1.526654138437444,0.9633413800536073,False
v9-low_high_low-closed_loop_dynamic-rep1,low_high_low,190.00113521,79.068966008,0,29,0,10,2337,2337,1.3218325791855203,-578,False,True,1.5746402490000038,False,0,True,False,0.0,False,False,1.4001184092000016,0,1.4680279828056562,1.5250549854190047,0.9626065924451369,False
v9-low_high_low-closed_loop_dynamic-rep1,low_high_low,190.250240689,79.31807148700001,0,29,0,10,2353,2353,1.3308823529411764,-594,False,True,1.4002664136999983,False,0,True,False,0.0,False,False,1.4001184092000016,0,1.465520020403959,1.5235051210134618,0.9619396746294294,False
v9-low_high_low-closed_loop_dynamic-rep1,low_high_low,190.500290935,79.56812173300001,0,29,0,10,2356,2356,1.332579185520362,-597,False,True,1.2252312414999977,False,0,True,False,0.0,False,False,1.3002224999999954,0,1.4598389843290718,1.5234606588827488,0.9582387151366712,False
v9-low_high_low-closed_loop_dynamic-rep1,low_high_low,190.750770909,79.81860170700001,0,29,0,10,2366,2366,1.338235294117647,-607,False,True,1.049895259699997,False,0,True,False,0.0,False,False,1.2000305103999949,0,1.4542286862688907,1.5233755955430999,0.954609415119613,False
v9-low_high_low-closed_loop_dynamic-rep1,low_high_low,191.00046826,80.068299058,0,29,0,10,2382,2382,1.3472850678733033,-623,False,True,0.8751071140000107,False,0,True,False,0.0,False,False,1.1001515700000026,0,1.4488618871248868,1.5232058912638013,0.9511924129460716,False
v9-low_high_low-closed_loop_dynamic-rep1,low_high_low,191.250226296,80.318057094,0,29,0,10,2385,2385,1.3489819004524888,-626,False,True,0.7002764888000087,False,0,True,False,0.0,False,False,1.0002483556000015,0,1.4435220377126696,1.5229516127203624,0.947844977907202,False
v9-low_high_low-closed_loop_dynamic-rep1,low_high_low,191.500922904,80.568753702,0,29,0,10,2387,2387,1.3501131221719458,-628,False,True,0.7000592046000008,False,0,True,False,0.0,False,False,0.8999697124000022,0,1.4379072903192311,1.5228239671867654,0.9442373651207975,False
v9-low_high_low-closed_loop_dynamic-rep1,low_high_low,191.751028311,80.818859109,0,29,0,10,2402,2402,1.3585972850678734,-643,False,True,0.7000592046000008,False,0,True,False,0.0,False,False,0.7999275495999996,0,1.4322767538392536,1.5227390152256792,0.9405924058673846,False
v9-low_high_low-closed_loop_dynamic-rep1,low_high_low,192.000754903,81.068585701,0,29,0,10,2411,2411,1.36368778280543,-652,False,True,0.7000592046000008,False,0,True,False,0.0,False,False,0.7000369127999988,0,1.4267960798806563,1.5226822528917991,0.9370281141524827,False
v9-low_high_low-closed_loop_dynamic-rep1,low_high_low,192.250342521,81.318173319,0,29,0,10,2416,2416,1.3665158371040724,-657,False,True,0.7000592046000008,False,0,True,False,0.0,False,False,0.6002018656000019,0,1.421036365619118,1.5225975512114824,0.9332974195895984,False
v9-low_high_low-closed_loop_dynamic-rep1,low_high_low,192.500409825,81.568240623,0,29,0,10,2424,2424,1.3710407239819005,-665,False,True,0.7000592046000008,False,0,True,False,0.0,False,False,0.5001749440000026,0,1.415322189098756,1.5225128036433826,0.9295962475401726,False
v9-low_high_low-closed_loop_dynamic-rep1,low_high_low,192.750941463,81.818772261,0,29,0,10,2440,2440,1.3800904977375565,-681,False,True,0.7000592046000008,False,0,True,False,0.0,False,False,0.3999622887999976,0,1.4097666824209276,1.5223434534089937,0.9260503464339981,False
v9-low_high_low-closed_loop_dynamic-rep1,low_high_low,193.001238013,82.06906881100001,0,29,0,10,2443,2443,1.381787330316742,-684,False,True,0.7000592046000008,False,0,True,False,0.0,False,False,0.29984366879999697,0,1.4042440972863122,1.5220893962811657,0.9225766244198415,False
v9-low_high_low-closed_loop_dynamic-rep1,low_high_low,193.251413375,82.319244173,0,27,0,10,2259,2259,1.2777149321266967,-500,False,True,0.7000592046000008,False,0,True,False,0.0,False,False,0.19977352399999973,0,1.3984705159947963,1.5219621964231904,0.9188602182638862,False
v9-low_high_low-closed_loop_dynamic-rep1,low_high_low,193.500261909,82.56809270699999,0,27,0,10,2275,2275,1.286764705882353,-516,False,True,0.7000592046000008,False,0,True,False,0.0,False,False,0.10023411040000382,0,1.3874637539140275,1.5218777455632355,0.9116788506559951,False
v9-low_high_low-closed_loop_dynamic-rep1,low_high_low,193.750944534,82.81877533200002,0,27,0,10,2278,2278,1.2884615384615385,-519,False,True,0.7000592046000008,False,0,True,False,0.0,False,False,0.0,0,1.3765450556300896,1.5218217634117086,0.9045376329380852,False
v9-low_high_low-closed_loop_dynamic-rep1,low_high_low,194.000349666,83.06818046400001,0,27,0,10,2280,2280,1.2895927601809956,-521,False,True,0.7000592046000008,False,0,True,False,0.0,False,False,0.0,0,1.3619588052631217,1.5233736676951928,0.8940411890693334,False
v9-low_high_low-closed_loop_dynamic-rep1,low_high_low,194.250769822,83.31860062,0,27,0,10,2286,2286,1.2929864253393666,-527,False,True,0.7000592046000008,False,0,True,False,0.0,False,False,0.0,0,1.347369848211086,1.5248892912054306,0.8835853566431602,False
v9-low_high_low-closed_loop_dynamic-rep1,low_high_low,194.500210162,83.56804096,0,27,0,10,2302,2302,1.3020361990950227,-543,False,True,0.7000592046000008,False,0,True,False,0.0,False,False,0.0,0,1.3330072765979637,1.5262861175884623,0.8733665734338986,False
v9-low_high_low-closed_loop_dynamic-rep1,low_high_low,194.751045232,83.81887603,0,27,0,10,2305,2305,1.3037330316742082,-546,False,True,0.7000592046000008,False,0,True,False,0.0,False,False,0.0,0,1.3323403411578052,1.5207330045733605,0.8761171995024803,False
v9-low_high_low-closed_loop_dynamic-rep1,low_high_low,195.001229345,84.06906014300002,0,21,0,10,1731,1731,0.9790723981900452,28,True,True,0.7000592046000008,False,0,True,False,0.0,False,False,0.0,0,1.3316610230817871,1.5152001421506225,0.878868069000887,False
v9-low_high_low-closed_loop_dynamic-rep1,low_high_low,195.250190581,84.318021379,0,24,0,10,1923,1923,1.0876696832579185,-164,False,True,0.7000592046000008,False,0,True,False,0.0,False,False,0.0,0,1.3145942234193448,1.5098069208051474,0.8707035352032299,False
v9-low_high_low-closed_loop_dynamic-rep1,low_high_low,195.500854415,84.568685213,0,24,0,10,1923,1923,1.0876696832579185,-164,False,True,0.6499985540000012,False,0,True,False,0.0,False,False,0.0,0,1.3024011988342772,1.504490171268666,0.8656761098917803,False
v9-low_high_low-closed_loop_dynamic-rep1,low_high_low,195.750948093,84.81877889100001,0,24,0,10,1923,1923,1.0876696832579185,-164,False,True,0.5999798183999985,False,0,True,False,0.0,False,False,0.0,0,1.290150934760295,1.4989310338777153,0.86071400591573,False
v9-low_high_low-closed_loop_dynamic-rep1,low_high_low,196.000563594,85.068394392,0,24,0,10,1933,1933,1.0933257918552035,-174,False,True,0.5500567181999998,False,0,True,False,0.0,False,False,0.0,0,1.2776417501124444,1.4934813623690053,0.8554788712500639,False
v9-low_high_low-closed_loop_dynamic-rep1,low_high_low,196.250824902,85.31865570000001,0,24,0,10,1942,1942,1.0984162895927603,-183,False,True,0.5000044565999986,False,0,True,False,0.0,False,False,0.0,0,1.2649303108466072,1.4881235517238693,0.8500169958208705,False
v9-low_high_low-closed_loop_dynamic-rep1,low_high_low,196.500874297,85.568705095,0,24,0,10,1947,1947,1.1012443438914028,-188,False,True,0.4499945776000004,True,0,True,False,0.0,False,False,0.0,0,1.2523995549659515,1.476483808958881,0.8482311471123147,False
v9-low_high_low-closed_loop_dynamic-rep1,low_high_low,196.751135549,85.818966347,0,24,0,10,1947,1947,1.1012443438914028,-188,False,True,0.3999423272000001,True,0,True,False,0.0,False,False,0.0,0,1.2399429415908383,1.4648625998787903,0.8464568224306068,False
v9-low_high_low-closed_loop_dynamic-rep1,low_high_low,197.001047445,86.06887824300001,0,24,0,10,1966,1966,1.1119909502262444,-207,False,True,0.3499599479999972,True,0,True,False,0.0,False,False,0.0,0,1.227079531459842,1.4534697064795814,0.8442415593455509,False
v9-low_high_low-closed_loop_dynamic-rep1,low_high_low,197.251144763,86.31897556100002,0,24,0,10,1969,1969,1.11368778280543,-210,False,True,0.2999404843999969,True,0,True,False,0.0,False,False,0.0,0,1.2144893371476246,1.4421957499617084,0.8421112995097028,False
v9-low_high_low-closed_loop_dynamic-rep1,low_high_low,197.500441276,86.568272074,0,24,0,10,1971,1971,1.114819004524887,-212,False,True,0.25008118179999883,True,0,True,False,0.0,False,False,0.0,0,1.2018834782201364,1.4310281828413467,0.8398740797918899,False
v9-low_high_low-closed_loop_dynamic-rep1,low_high_low,197.750956778,86.81878757599999,0,24,0,10,1990,1990,1.1255656108597285,-231,False,True,0.1999780814000019,True,0,True,False,0.0,False,False,0.0,0,1.1890459479660649,1.4199193644856913,0.8374038538426082,False
v9-low_high_low-closed_loop_dynamic-rep1,low_high_low,198.000253229,87.06808402700001,0,24,0,10,1993,1993,1.127262443438914,-234,False,True,0.15011879119999777,True,0,True,False,0.0,False,False,0.0,0,1.1763555177681,1.409090197383428,0.8348333697534066,False
v9-low_high_low-closed_loop_dynamic-rep1,low_high_low,198.250439144,87.31826994200001,0,24,0,10,1995,1995,1.128393665158371,-236,False,True,0.10008160819999716,True,0,True,False,0.0,False,False,0.0,0,1.1636201436280547,1.4102597122772624,0.8251105335407061,False
v9-low_high_low-closed_loop_dynamic-rep1,low_high_low,198.500955769,87.568786567,0,24,0,10,2014,2014,1.1391402714932126,-255,False,True,0.0499782831999994,True,0,True,False,0.0,False,False,0.0,0,1.1561171176932137,1.4087543448897626,0.82066623033818,False
v9-low_high_low-closed_loop_dynamic-rep1,low_high_low,198.750176326,87.818007124,0,24,0,10,2014,2014,1.1391402714932126,-255,False,True,0.00013417179999919426,True,0,True,False,0.0,False,False,0.0,0,1.148758908940159,1.4074715920228509,0.8161862132429516,False
v9-low_high_low-closed_loop_dynamic-rep1,low_high_low,199.001063657,88.068894455,0,24,0,10,2019,2019,1.1419683257918551,-260,False,True,0.0,True,0,True,False,0.0,False,False,0.0,0,1.1412664452815622,1.4061091017782805,0.8116485725312661,False
v9-low_high_low-closed_loop_dynamic-rep1,low_high_low,199.250498669,88.318329467,0,24,0,10,2019,2019,1.1419683257918551,-260,False,True,0.0,True,0,True,False,0.0,False,False,0.0,0,1.1339019047688925,1.4045148131645928,0.8073264120397798,False
v9-low_high_low-closed_loop_dynamic-rep1,low_high_low,199.500282886,88.56811368400001,0,24,0,10,2038,2038,1.1527149321266967,-279,False,True,0.0,True,0,True,False,0.0,False,False,0.0,0,1.1263575696325798,1.4029606996349548,0.8028432798763742,False
v9-low_high_low-closed_loop_dynamic-rep1,low_high_low,199.750554416,88.818385214,0,22,0,10,1847,1847,1.044683257918552,-88,False,True,0.0,True,0,True,False,0.0,False,False,0.0,0,1.1188833972434398,1.401516972184955,0.7983373868809512,True
v9-low_high_low-closed_loop_dynamic-rep1,low_high_low,200.000381023,89.06821182099999,0,22,0,10,1849,1849,1.045814479638009,-90,False,True,0.0,True,0,True,False,0.0,False,False,0.0,0,1.1059400586056574,1.3998498072127261,0.7900419408620134,True
v9-low_high_low-closed_loop_dynamic-rep1,low_high_low,200.250722573,89.318553371,0,22,0,10,1868,1868,1.0565610859728507,-109,False,True,0.0,True,0,True,False,0.0,False,False,0.0,0,1.1092150839006787,1.3900409978747745,0.7979729271270064,True
v9-low_high_low-closed_loop_dynamic-rep1,low_high_low,200.501120022,89.56895082000001,0,22,0,10,1869,1869,1.0571266968325792,-110,False,True,0.0,True,0,True,False,0.0,False,False,0.0,0,1.1076571812202485,1.3811043015897628,0.8020083493659714,False
v9-low_high_low-closed_loop_dynamic-rep1,low_high_low,200.750786283,89.818617081,0,22,0,10,1871,1871,1.0582579185520362,-112,False,True,0.0,True,0,True,False,0.0,False,False,0.0,0,1.106132070576131,1.3721937014375576,0.8061049029865892,False
v9-low_high_low-closed_loop_dynamic-rep1,low_high_low,201.001327955,90.069158753,0,15,0,10,1209,1209,0.6838235294117647,550,True,True,0.0,True,0,True,True,0.0,False,False,0.0,0,1.1046574313731898,1.3632232167835983,0.8103276248328054,False
v9-low_high_low-closed_loop_dynamic-rep1,low_high_low,201.250644933,90.31847573099999,0,15,0,10,1211,1211,0.6849547511312217,548,True,True,0.0,True,0,True,True,0.024931697799999597,False,False,0.0,0,1.0842382580618781,1.3542263710842772,0.8006329526678542,False
v9-low_high_low-closed_loop_dynamic-rep1,low_high_low,201.500696374,90.568527172,0,15,0,10,1214,1212,0.6866515837104072,547,True,True,0.0,True,0,True,True,0.049936841900000674,False,False,0.0,0,1.063561110590158,1.3451604561504533,0.7906574310352763,True
v9-low_high_low-closed_loop_dynamic-rep1,low_high_low,201.750593801,90.81842459900001,0,15,0,10,1214,1214,0.6866515837104072,545,True,True,0.0,True,0,True,True,0.07492658460000143,False,False,0.0,0,1.0428400784209264,1.3361284795968333,0.7804938629371896,True
v9-low_high_low-closed_loop_dynamic-rep1,low_high_low,202.000404346,91.06823514400001,0,15,0,10,1226,1226,0.6934389140271493,533,True,True,0.0,True,0,True,True,0.0999076391000017,False,False,0.0,0,1.0221261497461527,1.326958475914989,0.7702774188479088,True
v9-low_high_low-closed_loop_dynamic-rep1,low_high_low,202.250236712,91.31806751,0,15,0,10,1227,1227,0.6940045248868778,532,True,True,0.0,True,0,True,True,0.12489087570000094,False,False,0.0,0,1.001213962872963,1.3177871544908946,0.7597691019076337,True
v9-low_high_low-closed_loop_dynamic-rep1,low_high_low,202.500146943,91.567977741,0,15,0,10,1229,1229,0.6951357466063348,530,True,True,0.0,True,0,True,True,0.14988189880000108,False,False,0.0,0,0.9802376430484155,1.308613292970702,0.7490659374421942,True
v9-low_high_low-closed_loop_dynamic-rep1,low_high_low,202.750217926,91.81804872400001,0,15,0,10,1241,1241,0.7019230769230769,518,True,True,0.0,True,0,True,False,0.1748889971000011,False,False,0.0,0,0.9592475886683249,1.2994337103206455,0.7382043278157091,True
v9-low_high_low-closed_loop_dynamic-rep1,low_high_low,203.000952967,92.06878376499999,0,15,0,10,1242,1242,0.7024886877828054,517,True,True,0.0,True,0,True,False,0.1748889971000011,False,False,0.0,0,0.9380045336078059,1.2902854535473425,0.7269744311454327,True
v9-low_high_low-closed_loop_dynamic-rep1,low_high_low,203.25104679,92.318877588,0,15,0,10,1244,1244,0.7036199095022625,515,True,True,0.0,True,0,True,False,0.1748889971000011,False,False,0.0,0,0.9167577376389133,1.28103422447698,0.7156387550950927,True
v9-low_high_low-closed_loop_dynamic-rep1,low_high_low,203.500557165,92.568387963,0,15,0,10,1256,1256,0.7104072398190046,503,True,True,0.0,True,0,True,False,0.1748889971000011,False,False,0.0,0,0.8955606458261306,1.2717904860366518,0.7041730974234709,True
v9-low_high_low-closed_loop_dynamic-rep1,low_high_low,203.750534685,92.818365483,0,15,0,10,1256,1256,0.7104072398190046,503,True,True,0.0,True,0,True,False,0.1748889971000011,False,False,0.0,0,0.874126778554186,1.2626563602421954,0.6922919062368768,True
v9-low_high_low-closed_loop_dynamic-rep1,low_high_low,204.000547159,93.06837795700001,0,15,0,10,1259,1259,0.7121040723981901,500,True,True,0.0,True,0,True,False,0.1748889971000011,False,False,0.0,0,0.8526890573673066,1.2516146433477375,0.6812712378361037,True
v9-low_high_low-closed_loop_dynamic-rep1,low_high_low,204.250579688,93.31841048599999,0,15,0,10,1269,1269,0.7177601809954751,490,True,True,0.0,True,0,True,False,0.1748889971000011,False,False,0.0,0,0.8311933402236431,1.2406402188571275,0.6699712999706997,True
v9-low_high_low-closed_loop_dynamic-rep1,low_high_low,204.500440586,93.568271384,0,14,0,10,1175,1175,0.6645927601809954,584,True,True,0.0,True,0,True,True,0.1748889971000011,False,False,0.0,0,0.8099943956761312,1.2296736430342763,0.6587068042520882,True
v9-low_high_low-closed_loop_dynamic-rep1,low_high_low,204.75073507,93.818565868,0,14,0,10,1175,1175,0.6645927601809954,584,True,True,0.0,True,0,True,True,0.19991844550000054,False,False,0.0,0,0.7855634415157242,1.2256076483422516,0.6409583381584407,True
v9-low_high_low-closed_loop_dynamic-rep1,low_high_low,205.000914573,94.06874537099999,0,14,0,10,1177,1177,0.6657239819004525,582,True,True,0.0,True,0,True,True,0.22493639580000035,False,False,0.0,0,0.7665451504392538,1.218787249486709,0.628940900688027,True
v9-low_high_low-closed_loop_dynamic-rep1,low_high_low,205.250464347,94.318295145,0,22,0,10,1701,1701,0.9621040723981901,58,True,True,0.0,True,0,True,False,0.24989137320000054,False,False,0.0,0,0.7475748508772626,1.2118991214808263,0.616862276427593,True
v9-low_high_low-closed_loop_dynamic-rep1,low_high_low,205.500780094,94.568610892,0,22,0,10,1701,1701,0.9621040723981901,58,True,True,0.0,True,0,True,False,0.24989137320000054,False,False,0.0,0,0.7428465903054299,1.2050320676875006,0.6164537942388363,True
v9-low_high_low-closed_loop_dynamic-rep1,low_high_low,205.750872518,94.818703316,0,22,0,10,1701,1701,0.9621040723981901,58,True,True,0.0,True,0,True,False,0.24989137320000054,False,False,0.0,0,0.738093721552715,1.1981431426854645,0.616031336538291,True
v9-low_high_low-closed_loop_dynamic-rep1,low_high_low,206.000349012,95.06817980999999,0,22,0,10,1701,1701,0.9621040723981901,58,True,True,0.0,True,0,True,False,0.24989137320000054,False,False,0.0,0,0.7332960966680997,1.1911583652799216,0.6156159567378562,True
v9-low_high_low-closed_loop_dynamic-rep1,low_high_low,206.250191429,95.31802222700001,0,22,0,10,1701,1701,0.9621040723981901,58,True,True,0.0,True,0,True,False,0.24989137320000054,False,False,0.0,0,0.7471280433760191,1.1746190447535063,0.6360598755086624,True
v9-low_high_low-closed_loop_dynamic-rep1,low_high_low,206.50047992,95.568310718,0,22,0,10,1701,1701,0.9621040723981901,58,True,True,0.0,True,0,True,False,0.24989137320000054,False,False,0.0,0,0.7610016030590504,1.1579991640498304,0.6571693889636551,True
v9-low_high_low-closed_loop_dynamic-rep1,low_high_low,206.750172273,95.818003071,0,22,0,10,1701,1701,0.9621040723981901,58,True,True,0.0,True,0,True,False,0.24989137320000054,False,False,0.0,0,0.7747573525243219,1.1414330501661767,0.6787584715647825,True
v9-low_high_low-closed_loop_dynamic-rep1,low_high_low,207.001061597,96.06889239499999,0,22,0,10,1701,1701,0.9621040723981901,58,True,True,0.0,True,0,True,False,0.24989137320000054,False,False,0.0,0,0.7885780780645926,1.1245756661403856,0.7012227827861882,True
v9-low_high_low-closed_loop_dynamic-rep1,low_high_low,207.250287091,96.31811788899999,0,22,0,10,1701,1701,0.9621040723981901,58,True,True,0.0,True,0,True,False,0.24989137320000054,False,False,0.0,0,0.8019697137287329,1.1078713584474558,0.72388342528558,True
v9-low_high_low-closed_loop_dynamic-rep1,low_high_low,207.50074506,96.56857585800002,0,22,0,10,1709,1709,0.9666289592760181,50,True,True,0.0,True,0,True,False,0.24989137320000054,False,False,0.0,0,0.8153991120400464,1.0910277083548636,0.7473679227354991,True
v9-low_high_low-closed_loop_dynamic-rep1,low_high_low,207.75116081,96.81899160799999,0,22,0,10,1711,1711,0.9677601809954751,48,True,True,0.0,True,0,True,False,0.24989137320000054,False,False,0.0,0,0.828995067401131,1.0741024246334852,0.7718026217881485,True
v9-low_high_low-closed_loop_dynamic-rep1,low_high_low,208.001155276,97.068986074,0,22,0,10,1723,1723,0.9745475113122172,36,True,True,0.0,True,0,True,False,0.24989137320000054,False,False,0.0,0,0.8422866054906109,1.0571486258537903,0.7967532519945818,True
v9-low_high_low-closed_loop_dynamic-rep1,low_high_low,208.251067496,97.318898294,0,22,0,10,1731,1731,0.9790723981900452,28,True,True,0.0,True,0,True,False,0.24989137320000054,False,False,0.0,0,0.8558847657177602,1.0401721390553178,0.8228299274532319,False
v9-low_high_low-closed_loop_dynamic-rep1,low_high_low,208.500589018,97.568419816,0,22,0,10,1733,1733,0.9802036199095022,26,True,True,0.0,True,0,True,False,0.24989137320000054,False,False,0.0,0,0.8696309873216068,1.0258433586212672,0.8477229783798477,False
v9-low_high_low-closed_loop_dynamic-rep1,low_high_low,208.750169981,97.818000779,0,22,0,10,1733,1733,0.9802036199095022,26,True,True,0.0,True,0,True,False,0.24989137320000054,False,False,0.0,0,0.883098195392987,1.011458573480034,0.8730937860901122,False
v9-low_high_low-closed_loop_dynamic-rep1,low_high_low,209.000407761,98.068238559,0,22,0,10,1753,1753,0.9915158371040724,6,True,True,0.0,True,0,True,False,0.24989137320000054,False,False,0.0,0,0.8966008448341627,0.9969935958957021,0.8993045176269701,False
v9-low_high_low-closed_loop_dynamic-rep1,low_high_low,209.251069048,98.31889984600001,0,22,0,10,1753,1753,0.9915158371040724,6,True,True,0.0,True,0,True,False,0.24989137320000054,False,False,0.0,0,0.9106078810753401,0.9825183417114817,0.9268100578042356,False
v9-low_high_low-closed_loop_dynamic-rep1,low_high_low,209.500984138,98.56881493600001,0,22,0,10,1755,1755,0.9926470588235294,4,True,True,0.0,True,0,True,False,0.24989137320000054,False,False,0.0,0,0.9242967948138017,0.9681389794923639,0.9547149886459994,False
v9-low_high_low-closed_loop_dynamic-rep1,low_high_low,209.750422107,98.818252905,0,22,0,10,1765,1765,0.9983031674208145,-6,False,True,0.0,True,0,True,False,0.24989137320000054,False,False,0.0,0,0.9406626344088235,0.9522387198168557,0.9878432947882453,False
v9-low_high_low-closed_loop_dynamic-rep1,low_high_low,210.000114836,99.067945634,0,22,0,10,1775,1775,1.0039592760180995,-16,False,True,0.0,True,0,True,False,0.24989137320000054,False,False,0.0,0,0.9573276468647061,0.9362799576904417,1.0224801236012608,False
v9-low_high_low-closed_loop_dynamic-rep1,low_high_low,210.250524805,99.318355603,0,22,0,10,1777,1777,1.0050904977375565,-18,False,True,0.0,True,0,True,False,0.24989137320000054,False,False,0.0,0,0.9742637419941176,0.9283952890545815,1.0494061672655035,False
v9-low_high_low-closed_loop_dynamic-rep1,low_high_low,210.501022791,99.568853589,0,22,0,10,1777,1777,1.0050904977375565,-18,False,True,0.0,True,0,True,False,0.24989137320000054,False,False,0.0,0,0.9764173445886877,0.9252498957914593,1.0553012208160906,False
v9-low_high_low-closed_loop_dynamic-rep1,low_high_low,210.750617187,99.81844798499999,0,22,0,10,1797,1797,1.0164027149321266,-38,False,True,0.0,True,0,True,False,0.24989137320000054,False,False,0.0,0,0.9785631787624431,0.9221158485113689,1.0612150093095145,False
v9-low_high_low-closed_loop_dynamic-rep1,low_high_low,211.000949318,100.06878011600001,0,22,0,10,1797,1797,1.0164027149321266,-38,False,True,0.0,True,0,True,False,0.24989137320000054,False,False,0.0,0,0.9812817177416291,0.9189723196470021,1.0678033459359924,False
v9-low_high_low-closed_loop_dynamic-rep1,low_high_low,211.250855788,100.318686586,0,22,0,10,1799,1799,1.0175339366515836,-40,False,True,0.0,True,0,True,False,0.22493858990000035,False,False,0.0,0,0.9839956341579187,0.915692988254808,1.0745912077292266,False
v9-low_high_low-closed_loop_dynamic-rep1,low_high_low,211.500555132,100.56838592999999,0,22,0,10,1811,1811,1.0243212669683257,-52,False,True,0.0,True,0,True,False,0.1999686555000011,False,False,0.0,0,0.986763794306335,0.9122892811335411,1.0816347563354658,False
v9-low_high_low-closed_loop_dynamic-rep1,low_high_low,211.750495195,100.81832599300002,0,22,0,10,1819,1819,1.0288461538461537,-60,False,True,0.0,True,0,True,False,0.17497464919999856,False,False,0.0,0,0.9898739082124439,0.9088116985728508,1.0891958254574505,False
v9-low_high_low-closed_loop_dynamic-rep1,low_high_low,212.000684296,101.068515094,0,22,0,10,1821,1821,1.0299773755656108,-62,False,True,0.0,True,0,True,False,0.14995573909999962,False,False,0.0,0,0.9932135364837105,0.9053305606290728,1.0970728037652588,False
v9-low_high_low-closed_loop_dynamic-rep1,low_high_low,212.251162573,101.31899337099999,0,22,0,10,1833,1833,1.036764705882353,-74,False,True,0.0,True,0,True,False,0.12490791140000113,False,False,0.0,0,0.996613694090045,0.9015766071786201,1.105412103813155,False
v9-low_high_low-closed_loop_dynamic-rep1,low_high_low,212.500785443,101.56861624100002,0,22,0,10,1841,1841,1.041289592760181,-82,False,True,0.0,True,0,True,False,0.09994562439999868,False,False,0.0,0,1.0003410578656111,0.8977927104348418,1.1142227445588198,False
v9-low_high_low-closed_loop_dynamic-rep1,low_high_low,212.751023636,101.81885443400002,0,22,0,10,1843,1843,1.042420814479638,-84,False,True,0.0,True,0,True,False,0.07500237609999942,False,False,0.0,0,1.0040776462678733,0.8940843576708144,1.123023389966919,False
v9-low_high_low-closed_loop_dynamic-rep1,low_high_low,213.000990178,102.068820976,0,22,0,10,1843,1843,1.042420814479638,-84,False,True,0.0,True,0,True,False,0.07500237609999942,False,False,0.0,0,1.0078102093778278,0.8901396093442877,1.132193420895202,False
v9-low_high_low-closed_loop_dynamic-rep1,low_high_low,213.250775794,102.318606592,0,22,0,10,1863,1863,1.0537330316742082,-104,False,True,0.0,True,0,True,False,0.07500237609999942,False,False,0.0,0,1.0112011884610856,0.886324859864876,1.1408922780471797,False
v9-low_high_low-closed_loop_dynamic-rep1,low_high_low,213.50035803,102.568188828,0,22,0,10,1863,1863,1.0537330316742082,-104,False,True,0.0,True,0,True,False,0.07500237609999942,False,False,0.0,0,1.014928246014027,0.8825979343037897,1.149932723119981,False
v9-low_high_low-closed_loop_dynamic-rep1,low_high_low,213.750979845,102.81881064299999,0,22,0,10,1865,1865,1.0548642533936652,-106,False,True,0.0,True,0,True,False,0.07500237609999942,False,False,0.0,0,1.0186139132002263,0.8786152513315046,1.15934012260379,False
v9-low_high_low-closed_loop_dynamic-rep1,low_high_low,214.000954771,103.06878556900001,0,15,0,10,1198,1198,0.6776018099547512,561,True,True,0.0,True,0,True,True,0.07500237609999942,False,False,0.0,0,1.0223453328871042,0.8746428523492646,1.1688717630757686,False
v9-low_high_low-closed_loop_dynamic-rep1,low_high_low,214.250112543,103.317943341,0,15,0,10,1206,1206,0.6821266968325792,553,True,True,0.0,True,0,True,True,0.09991815329999838,False,False,0.0,0,1.0067025089662904,0.8708942424554866,1.1559411693064963,False
v9-low_high_low-closed_loop_dynamic-rep1,low_high_low,214.500346502,103.56817730000002,0,15,0,10,1208,1208,0.6832579185520362,551,True,True,0.0,True,0,True,True,0.12494154919999971,False,False,0.0,0,0.9912185750779411,0.867129341901301,1.1431034877732973,False
v9-low_high_low-closed_loop_dynamic-rep1,low_high_low,214.751154406,103.81898520400001,0,15,0,10,1213,1213,0.6860859728506787,546,True,True,0.0,True,0,True,True,0.124950957599998,False,False,0.0,0,0.9756984425885745,0.8631215369791289,1.1304299577594341,False
v9-low_high_low-closed_loop_dynamic-rep1,low_high_low,215.000416292,104.06824709000001,0,15,0,10,1221,1221,0.6906108597285068,538,True,True,0.0,True,0,True,True,0.124950957599998,False,False,0.0,0,0.9601333322229637,0.8619656246131788,1.1138881932256164,False
v9-low_high_low-closed_loop_dynamic-rep1,low_high_low,215.250185525,104.31801632300001,0,15,0,10,1223,1223,0.6917420814479638,536,True,True,0.0,True,0,True,True,0.124950957599998,False,False,0.0,0,0.944480373503281,0.8609202104026584,1.0970591259107982,False
v9-low_high_low-closed_loop_dynamic-rep1,low_high_low,215.501133566,104.568964364,0,24,0,10,1799,1799,1.0175339366515836,-40,False,True,0.0,True,0,True,False,0.15001787949999823,False,False,0.0,0,0.9287536160197977,0.8596291040721722,1.0804120191140272,False
v9-low_high_low-closed_loop_dynamic-rep1,low_high_low,215.751120858,104.81895165600001,0,24,0,10,1799,1799,1.0175339366515836,-40,False,True,0.0,True,0,True,False,0.15001787949999823,False,False,0.0,0,0.9293746168121052,0.8583287971381225,1.0827722661885129,False
v9-low_high_low-closed_loop_dynamic-rep1,low_high_low,216.000528516,105.068359314,0,24,0,10,1799,1799,1.0175339366515836,-40,False,True,0.0,True,0,True,False,0.15001787949999823,False,False,0.0,0,0.9294310438840512,0.8572848963071269,1.084156559724432,False
v9-low_high_low-closed_loop_dynamic-rep1,low_high_low,216.250802749,105.318633547,0,24,0,10,1799,1799,1.0175339366515836,-40,False,True,0.0,True,0,True,False,0.15001787949999823,False,False,0.0,0,0.9294876670136892,0.8655785447660639,1.0738339953480454,False
v9-low_high_low-closed_loop_dynamic-rep1,low_high_low,216.500882092,105.56871289000001,0,24,0,10,1799,1799,1.0175339366515836,-40,False,True,0.0,True,0,True,False,0.15001787949999823,False,False,0.0,0,0.9294872351763589,0.8738958475925347,1.063613287254964,False
v9-low_high_low-closed_loop_dynamic-rep1,low_high_low,216.750301835,105.81813263299999,0,24,0,10,1799,1799,1.0175339366515836,-40,False,True,0.0,True,0,True,False,0.15001787949999823,False,False,0.0,0,0.9291486563397072,0.882317996154242,1.053076850284802,False
v9-low_high_low-closed_loop_dynamic-rep1,low_high_low,217.000564326,106.06839512399999,0,24,0,10,1799,1799,1.0175339366515836,-40,False,True,0.0,True,0,True,False,0.15001787949999823,False,False,0.0,0,0.9285826265953634,0.8908816466302035,1.0423187301116432,False
v9-low_high_low-closed_loop_dynamic-rep1,low_high_low,217.25095596,106.318786758,0,24,0,10,1799,1799,1.0175339366515836,-40,False,True,0.0,True,0,True,False,0.15001787949999823,False,False,0.0,0,0.9279595071374448,0.8993082339063351,1.0318592359670242,False
v9-low_high_low-closed_loop_dynamic-rep1,low_high_low,217.50059302,106.568423818,0,24,0,10,1799,1799,1.0175339366515836,-40,False,True,0.0,True,0,True,False,0.15001787949999823,False,False,0.0,0,0.9269996450691188,0.9078646075969461,1.0210769726146962,False
v9-low_high_low-closed_loop_dynamic-rep1,low_high_low,217.750999161,106.81882995900001,0,24,0,10,1808,1808,1.0226244343891402,-49,False,True,0.0,True,0,True,False,0.15001787949999823,False,False,0.0,0,0.9258101067729649,0.9165318951584849,1.0101231737416794,False
v9-low_high_low-closed_loop_dynamic-rep1,low_high_low,218.000759065,107.06858986300001,0,24,0,10,1821,1821,1.0299773755656108,-62,False,True,0.0,True,0,True,False,0.15001787949999823,False,False,0.0,0,0.9248212439121051,0.9250361606142542,0.9997676667018007,False
v9-low_high_low-closed_loop_dynamic-rep1,low_high_low,218.250151332,107.31798213,0,24,0,10,1821,1821,1.0299773755656108,-62,False,True,0.0,True,0,True,False,0.15001787949999823,False,False,0.0,0,0.9242005844240962,0.9335138159518669,0.9900234668532738,False
v9-low_high_low-closed_loop_dynamic-rep1,low_high_low,218.500249141,107.56807993900001,0,22,0,10,1638,1638,0.9264705882352942,121,True,True,0.0,True,0,True,False,0.15001787949999823,False,False,0.0,0,0.9230137497252275,0.942269463318779,0.9795645361086724,False
v9-low_high_low-closed_loop_dynamic-rep1,low_high_low,218.750401605,107.81823240300001,0,22,0,10,1643,1643,0.9292986425339367,116,True,True,0.0,True,0,True,False,0.15001787949999823,False,False,0.0,0,0.9166467469650467,0.950858051663575,0.9640205973555424,False
v9-low_high_low-closed_loop_dynamic-rep1,low_high_low,219.000442781,108.068273579,0,22,0,10,1651,1651,0.9338235294117647,108,True,True,0.0,True,0,True,False,0.15001787949999823,False,False,0.0,0,0.9103675631876712,0.9594708299273759,0.9488225538410361,False
v9-low_high_low-closed_loop_dynamic-rep1,low_high_low,219.250672094,108.31850289200001,0,22,0,10,1651,1651,0.9338235294117647,108,True,True,0.0,True,0,True,False,0.15001787949999823,False,False,0.0,0,0.9231512628540732,0.9586270162802606,0.9629931633224326,False
v9-low_high_low-closed_loop_dynamic-rep1,low_high_low,219.50044466,108.568275458,0,22,0,10,1663,1663,0.9406108597285068,96,True,True,0.0,True,0,True,False,0.15001787949999823,False,False,0.0,0,0.9357246333918556,0.9577370223670254,0.9770162492823273,False
v9-low_high_low-closed_loop_dynamic-rep1,low_high_low,219.751205721,108.819036519,0,22,0,10,1673,1673,0.9462669683257918,86,True,True,0.0,True,0,True,False,0.15001787949999823,False,False,0.0,0,0.9486314236837105,0.9582050863708715,0.9900087540513685,False
v9-low_high_low-closed_loop_dynamic-rep1,low_high_low,220.00028266,109.06811345800001,0,22,0,10,1673,1673,0.9462669683257918,86,True,True,0.0,True,0,True,False,0.15001787949999823,False,False,0.0,0,0.9615924408714942,0.9587404327329757,1.00297474482263,False
v9-low_high_low-closed_loop_dynamic-rep1,low_high_low,220.251096068,109.31892686600001,0,22,0,10,1682,1682,0.9513574660633484,77,True,True,0.0,True,0,True,False,0.15001787949999823,False,False,0.0,0,0.974416751774888,0.9593460200635182,1.0157093805531938,False
v9-low_high_low-closed_loop_dynamic-rep1,low_high_low,220.501107845,109.56893864300001,0,22,0,10,1695,1695,0.958710407239819,64,True,True,0.0,True,0,True,False,0.15001787949999823,False,False,0.0,0,0.987398132503734,0.9525866518844459,1.036544161678544,False
v9-low_high_low-closed_loop_dynamic-rep1,low_high_low,220.751059653,109.818890451,0,22,0,10,1695,1695,0.958710407239819,64,True,True,0.0,True,0,True,False,0.15001787949999823,False,False,0.0,0,0.9844591989363124,0.9539712933939486,1.0319589339359436,False
v9-low_high_low-closed_loop_dynamic-rep1,low_high_low,221.001114649,110.06894544699999,0,22,0,10,1704,1704,0.9638009049773756,55,True,True,0.0,True,0,True,False,0.15001787949999823,False,False,0.0,0,0.9815173754539597,0.9553573448423649,1.0273824561592826,False
v9-low_high_low-closed_loop_dynamic-rep1,low_high_low,221.250275673,110.31810647100001,0,20,0,10,1515,1515,0.8569004524886877,244,True,True,0.0,True,0,True,False,0.15001787949999823,False,False,0.0,0,0.9788397400150457,0.9567384410161205,1.023100669996548,False
v9-low_high_low-closed_loop_dynamic-rep1,low_high_low,221.500644825,110.568475623,0,20,0,10,1523,1523,0.8614253393665159,236,True,True,0.0,True,0,True,False,0.15001787949999823,False,False,0.0,0,0.9707962061725122,0.9581262338269803,1.013223698400288,False
v9-low_high_low-closed_loop_dynamic-rep1,low_high_low,221.750710288,110.818541086,0,20,0,10,1523,1523,0.8614253393665159,236,True,True,0.0,True,0,True,False,0.15001787949999823,False,False,0.0,0,0.9629887324408377,0.9595123432938353,1.003623079131081,False
v9-low_high_low-closed_loop_dynamic-rep1,low_high_low,222.001169525,111.069000323,0,20,0,10,1535,1535,0.8682126696832579,224,True,True,0.0,True,0,True,False,0.15001787949999823,False,False,0.0,0,0.9551689644078059,0.960900635444627,0.9940351053736488,False
v9-low_high_low-closed_loop_dynamic-rep1,low_high_low,222.250870379,111.318701177,0,20,0,10,1543,1543,0.872737556561086,216,True,True,0.0,True,0,True,False,0.15001787949999823,False,False,0.0,0,0.9477118348313353,0.9622847238887445,0.9848559488728887,False
v9-low_high_low-closed_loop_dynamic-rep1,low_high_low,222.500450377,111.568281175,0,20,0,10,1543,1543,0.872737556561086,216,True,True,0.0,True,0,True,False,0.15001787949999823,False,False,0.0,0,0.9404841787806564,0.9636681424296949,0.9759419631839392,False
v9-low_high_low-closed_loop_dynamic-rep1,low_high_low,222.750947616,111.818778414,0,20,0,10,1552,1552,0.8778280542986425,207,True,True,0.0,True,0,True,False,0.15001787949999823,False,False,0.0,0,0.9332299600946838,0.9649434313988123,0.9671343725733688,False
v9-low_high_low-closed_loop_dynamic-rep1,low_high_low,223.001146803,112.06897760100001,0,20,0,10,1563,1563,0.8840497737556561,196,True,True,0.0,True,0,True,False,0.15001787949999823,False,False,0.0,0,0.9259838550538462,0.9663164135377267,0.9582615405069844,False
v9-low_high_low-closed_loop_dynamic-rep1,low_high_low,223.250973531,112.318804329,0,20,0,10,1563,1563,0.8840497737556561,196,True,True,0.0,True,0,True,False,0.15001787949999823,False,False,0.0,0,0.918692531996833,0.9677012054506224,0.9493555725902316,False
v9-low_high_low-closed_loop_dynamic-rep1,low_high_low,223.500665194,112.568495992,0,20,0,10,1572,1572,0.8891402714932126,187,True,True,0.0,True,0,True,False,0.15001787949999823,False,False,0.0,0,0.9114137637440047,0.9689679877661771,0.940602553697511,False
v9-low_high_low-closed_loop_dynamic-rep1,low_high_low,223.751120441,112.81895123900001,0,20,0,10,1583,1583,0.8953619909502263,176,True,True,0.0,True,0,True,False,0.15001787949999823,False,False,0.0,0,0.9095434424225113,0.967622419084899,0.9399776446712405,False
v9-low_high_low-closed_loop_dynamic-rep1,low_high_low,224.001153272,113.06898407000001,0,20,0,10,1583,1583,0.8953619909502263,176,True,True,0.0,True,0,True,False,0.14999802939999823,False,False,0.0,0,0.9078457440302037,0.9663491056752832,0.9394593927789715,False
v9-low_high_low-closed_loop_dynamic-rep1,low_high_low,224.250753064,113.31858386200001,0,20,0,10,1592,1592,0.9004524886877828,167,True,True,0.0,True,0,True,False,0.12503805019999845,False,False,0.0,0,0.9059257456302039,0.9649091068752833,0.9388715881891836,False
v9-low_high_low-closed_loop_dynamic-rep1,low_high_low,224.500409675,113.56824047299999,0,20,0,10,1603,1603,0.9066742081447964,156,True,True,0.0,True,0,True,False,0.10007238910000069,False,False,0.0,0,0.9042594854436654,0.9634687802733604,0.9385457048095572,False
v9-low_high_low-closed_loop_dynamic-rep1,low_high_low,224.750642478,113.818473276,0,20,0,10,1603,1603,0.9066742081447964,156,True,True,0.0,True,0,True,False,0.07504910879999897,False,False,0.0,0,0.9025611202445705,0.9621665804724552,0.9380507892940778,False
v9-low_high_low-closed_loop_dynamic-rep1,low_high_low,225.000660793,114.06849159100001,0,20,0,10,1612,1612,0.9117647058823529,147,True,True,0.0,True,0,True,False,0.05004727729999843,False,False,0.0,0,0.9005819743599549,0.9608649528152157,0.9372617574627536,False
v9-low_high_low-closed_loop_dynamic-rep1,low_high_low,225.250192622,114.31802341999999,0,20,0,10,1623,1623,0.9179864253393665,136,True,True,0.0,True,0,True,False,0.0250940944000007,False,False,0.0,0,0.898860091829525,0.9594253461094466,0.9368734060179679,False
v9-low_high_low-closed_loop_dynamic-rep1,low_high_low,225.500997911,114.56882870900002,0,21,0,10,1687,1687,0.954185520361991,72,True,True,0.0,True,0,True,False,1.3565499997980623e-05,False,False,0.0,0,0.897187084924887,0.9580772709339372,0.9364454331019728,False
v9-low_high_low-closed_loop_dynamic-rep1,low_high_low,225.750114181,114.81794497899999,0,21,0,10,1688,1688,0.9547511312217195,71,True,True,0.0,True,0,True,False,0.0,False,False,0.0,0,0.8969618020042989,0.9569217865854078,0.9373407676346626,False
v9-low_high_low-closed_loop_dynamic-rep1,low_high_low,226.000698024,115.068528822,0,21,0,10,1697,1697,0.959841628959276,62,True,True,0.0,True,0,True,False,0.0,False,False,0.0,0,0.8967633758842762,0.9554766795794126,0.9385507726667058,False
v9-low_high_low-closed_loop_dynamic-rep1,low_high_low,226.250899947,115.318730745,0,21,0,10,1700,1700,0.9615384615384616,59,True,True,0.0,True,0,True,False,0.0,False,False,0.0,0,0.8965790233899321,0.9541536815834851,0.9396589257005183,False
v9-low_high_low-closed_loop_dynamic-rep1,low_high_low,226.500280596,115.56811139400001,0,21,0,10,1709,1709,0.9666289592760181,50,True,True,0.0,True,0,True,False,0.0,False,False,0.0,0,0.9017979623113124,0.9501477933303173,0.9491133575656306,False
v9-low_high_low-closed_loop_dynamic-rep1,low_high_low,226.751100404,115.818931202,0,21,0,10,1709,1709,0.9666289592760181,50,True,True,0.0,True,0,True,False,0.0,False,False,0.0,0,0.907075722279638,0.9460617884787338,0.9587912051053394,False
v9-low_high_low-closed_loop_dynamic-rep1,low_high_low,227.000937549,116.06876834700002,0,18,0,10,1430,1430,0.8088235294117647,329,True,True,0.0,True,0,True,False,0.0,False,False,0.0,0,0.9123324766880092,0.9418789659998874,0.9686302695160922,False
v9-low_high_low-closed_loop_dynamic-rep1,low_high_low,227.251243749,116.319074547,0,18,0,10,1439,1439,0.8139140271493213,320,True,True,0.0,True,0,True,False,0.0,False,False,0.0,0,0.9093593596916293,0.9378298515166297,0.9696421565394204,False
v9-low_high_low-closed_loop_dynamic-rep1,low_high_low,227.500717623,116.56854842100002,0,18,0,10,1439,1439,0.8139140271493213,320,True,True,0.0,True,0,True,False,0.0,False,False,0.0,0,0.9064243729386877,0.9337378026783945,0.9707482875156611,False
v9-low_high_low-closed_loop_dynamic-rep1,low_high_low,227.751032716,116.818863514,0,18,0,10,1448,1448,0.8190045248868778,311,True,True,0.0,True,0,True,False,0.0,False,False,0.0,0,0.9034794028513579,0.9295187637975124,0.97198619117728,False
v9-low_high_low-closed_loop_dynamic-rep1,low_high_low,228.001146313,117.068977111,0,18,0,10,1456,1456,0.8235294117647058,303,True,True,0.0,True,0,True,False,0.0,False,False,0.0,0,0.9005368899454756,0.9254020750686097,0.9731303983500463,False
v9-low_high_low-closed_loop_dynamic-rep1,low_high_low,228.250364623,117.318195421,0,18,0,10,1457,1457,0.8240950226244343,302,True,True,0.0,True,0,True,False,0.0,False,False,0.0,0,0.8975203340880096,0.9214551784515281,0.9740249499669206,False
v9-low_high_low-closed_loop_dynamic-rep1,low_high_low,228.500750512,117.56858131,0,18,0,10,1466,1466,0.829185520361991,293,True,True,0.0,True,0,True,False,0.0,False,False,0.0,0,0.8945178824934393,0.9172070576699669,0.9752627555721538,False
v9-low_high_low-closed_loop_dynamic-rep1,low_high_low,228.750435746,117.818266544,0,18,0,10,1474,1474,0.833710407239819,285,True,True,0.0,True,0,True,False,0.0,False,False,0.0,0,0.8915239192803173,0.9130974194859173,0.9763732765582165,False
v9-low_high_low-closed_loop_dynamic-rep1,low_high_low,229.000361166,118.06819196400001,0,18,0,10,1475,1475,0.8342760180995475,284,True,True,0.0,True,0,True,False,0.0,False,False,0.0,0,0.88844311168586,0.9091106880443445,0.9772661606223726,False
v9-low_high_low-closed_loop_dynamic-rep1,low_high_low,229.251028973,118.31885977099999,0,18,0,10,1484,1484,0.8393665158371041,275,True,True,0.0,True,0,True,False,0.0,False,False,0.0,0,0.885380373412444,0.9145465660364817,0.9681085756513855,False
v9-low_high_low-closed_loop_dynamic-rep1,low_high_low,229.501149952,118.56898075,0,18,0,10,1492,1492,0.8438914027149321,267,True,True,0.0,True,0,True,False,0.0,False,False,0.0,0,0.882323675586765,0.9200077218080317,0.9590394239874328,False
v9-low_high_low-closed_loop_dynamic-rep1,low_high_low,229.75022581,118.81805660799999,0,18,0,10,1493,1493,0.8444570135746606,266,True,True,0.0,True,0,True,False,0.0,False,False,0.0,0,0.8791961393607473,0.925572482210181,0.9498944234613681,False
v9-low_high_low-closed_loop_dynamic-rep1,low_high_low,230.000360318,119.068191116,0,18,0,10,1502,1502,0.8495475113122172,257,True,True,0.0,True,0,True,False,0.0,False,False,0.0,0,0.8760836058901591,0.9310904177927602,0.9409221587383532,False
v9-low_high_low-closed_loop_dynamic-rep1,low_high_low,230.250750617,119.318581415,0,18,0,10,1510,1510,0.8540723981900452,249,True,True,0.0,True,0,True,False,0.0,False,False,0.0,0,0.8729675010756793,0.9366280511743781,0.9320321978197441,False
v9-low_high_low-closed_loop_dynamic-rep1,low_high_low,230.500534783,119.56836558100001,0,18,0,10,1511,1511,0.8546380090497737,248,True,True,0.0,True,0,True,False,0.0,False,False,0.0,0,0.8697745586822402,0.9422792766494915,0.9230538973274889,False
v9-low_high_low-closed_loop_dynamic-rep1,low_high_low,230.75010414,119.817934938,0,18,0,10,1520,1520,0.8597285067873304,239,True,True,0.0,True,0,True,False,0.0,False,False,0.0,0,0.8648091099673083,0.9407161256784505,0.9193093286708596,False
v9-low_high_low-closed_loop_dynamic-rep1,low_high_low,231.001012931,120.068843729,0,18,0,10,1528,1528,0.8642533936651584,231,True,True,0.0,True,0,True,False,0.0,False,False,0.0,0,0.8600403881335978,0.9391410096332582,0.9157734347789266,False
v9-low_high_low-closed_loop_dynamic-rep1,low_high_low,231.2504369,120.31826769800001,0,18,0,10,1529,1529,0.8648190045248869,230,True,True,0.0,True,0,True,False,0.0,False,False,0.0,0,0.8552719887262447,0.9377020251967195,0.9120935710326722,False
v9-low_high_low-closed_loop_dynamic-rep1,low_high_low,231.50013192,120.567962718,0,18,0,10,1538,1538,0.8699095022624435,221,True,True,0.0,True,0,True,False,0.0,False,False,0.0,0,0.8504420725182131,0.936303767497568,0.9082971809364444,False
v9-low_high_low-closed_loop_dynamic-rep1,low_high_low,231.750624611,120.81845540900001,0,18,0,10,1546,1538,0.8744343891402715,221,True,True,0.0,True,0,True,False,0.0,False,False,0.0,0,0.8455967204733037,0.935028559337274,0.9043538959629667,False
v9-low_high_low-closed_loop_dynamic-rep1,low_high_low,232.000512858,121.06834365600001,0,18,0,10,1547,1547,0.875,212,True,True,0.0,True,0,True,False,0.0,False,False,0.0,0,0.8409890525704753,0.9337565037812785,0.9006513466464349,False
v9-low_high_low-closed_loop_dynamic-rep1,low_high_low,232.250339992,121.31817079,0,18,0,10,1556,1556,0.8800904977375565,203,True,True,0.0,True,0,True,False,0.0,False,False,0.0,0,0.844282184458371,0.9285490533481905,0.909248877497675,False
v9-low_high_low-closed_loop_dynamic-rep1,low_high_low,232.500945711,121.56877650900002,0,18,0,10,1556,1556,0.8800904977375565,203,True,True,0.0,True,0,True,False,0.0,False,False,0.0,0,0.8475999449714934,0.9234457619085408,0.9178665168376622,False
v9-low_high_low-closed_loop_dynamic-rep1,low_high_low,232.750978682,121.81880948000001,0,18,0,10,1565,1565,0.8851809954751131,194,True,True,0.0,True,0,True,False,0.0,False,False,0.0,0,0.8509092048817877,0.9183545928157806,0.9265584465285924,False
v9-low_high_low-closed_loop_dynamic-rep1,low_high_low,233.000336202,122.068167,0,18,0,10,1574,1574,0.8902714932126696,185,True,True,0.0,True,0,True,False,0.0,False,False,0.0,0,0.8542095800114253,0.9132771601690047,0.9353234891512575,False
v9-low_high_low-closed_loop_dynamic-rep1,low_high_low,233.250355439,122.318186237,0,18,0,10,1574,1574,0.8902714932126696,185,True,True,0.0,True,0,True,False,0.0,False,False,0.0,0,0.8575476739994345,0.9081155082926473,0.9443156362473254,False
v9-low_high_low-closed_loop_dynamic-rep1,low_high_low,233.500307272,122.56813806999999,0,18,0,10,1582,1582,0.8947963800904978,177,True,True,0.0,True,0,True,False,0.0,False,False,0.0,0,0.8608558610633482,0.9029700423184958,0.9533603782169631,False
v9-low_high_low-closed_loop_dynamic-rep1,low_high_low,233.750953441,122.81878423900001,0,18,0,10,1583,1583,0.8953619909502263,176,True,True,0.0,True,0,True,False,0.0,False,False,0.0,0,0.864144865950679,0.900531481919853,0.959594287707076,False
v9-low_high_low-closed_loop_dynamic-rep1,low_high_low,234.001059554,123.068890352,0,18,0,10,1592,1592,0.9004524886877828,167,True,True,0.0,True,0,True,False,0.0,False,False,0.0,0,0.867228674539932,0.8981405221408372,0.9655823929119436,False
v9-low_high_low-closed_loop_dynamic-rep1,low_high_low,234.250135855,123.317966653,0,18,0,10,1600,1600,0.9049773755656109,159,True,True,0.0,True,0,True,False,0.0,False,False,0.0,0,0.8705252726414029,0.8956610295516972,0.9719360828695701,False
v9-low_high_low-closed_loop_dynamic-rep1,low_high_low,234.500982845,123.56881364300001,0,18,0,10,1601,1601,0.9055429864253394,158,True,True,0.0,True,0,True,False,0.0,False,False,0.0,0,0.8738178392592761,0.8932907838722853,0.978200889380503,False
v9-low_high_low-closed_loop_dynamic-rep1,low_high_low,234.750826649,123.818657447,0,18,0,10,1610,1610,0.9106334841628959,149,True,True,0.0,True,0,True,False,0.0,False,False,0.0,0,0.8768985757584842,0.8908742665362558,0.9843123869408537,False
v9-low_high_low-closed_loop_dynamic-rep1,low_high_low,235.001249905,124.06908070300001,0,18,0,10,1618,1618,0.915158371040724,141,True,True,0.0,True,0,True,False,0.0,False,False,0.0,0,0.8802120955174209,0.8883253757513577,0.990866769704654,False
v9-low_high_low-closed_loop_dynamic-rep1,low_high_low,235.250843189,124.318673987,0,18,0,10,1619,1619,0.9157239819004525,140,True,True,0.0,True,0,True,False,0.0,False,False,0.0,0,0.8834872177309954,0.8859113649488691,0.9972636684506089,False
v9-low_high_low-closed_loop_dynamic-rep1,low_high_low,235.501088949,124.56891974700001,0,27,0,10,2195,2195,1.2415158371040724,-436,False,True,0.0,True,0,True,False,0.0,False,False,0.0,0,0.8865727645266969,0.8834770074464368,1.0035040607216343,False
v9-low_high_low-closed_loop_dynamic-rep1,low_high_low,235.751007197,124.81883799500001,0,27,0,10,2195,2195,1.2415158371040724,-436,False,True,0.0,True,0,True,False,0.0,False,False,0.0,0,0.9059094109202489,0.8808765218994348,1.028418158956985,False
v9-low_high_low-closed_loop_dynamic-rep1,low_high_low,236.00039477,125.06822556800002,0,27,0,10,2195,2195,1.2415158371040724,-436,False,True,0.0,True,0,True,False,0.0,False,False,0.0,0,0.9249520140622177,0.8784080363069572,1.0529867394553252,False
v9-low_high_low-closed_loop_dynamic-rep1,low_high_low,236.250758366,125.31858916400002,0,27,0,10,2195,2195,1.2415158371040724,-436,False,True,0.0,True,0,True,False,0.0,False,False,0.0,0,0.9438430935140278,0.8759209939523194,1.077543636961173,False
v9-low_high_low-closed_loop_dynamic-rep1,low_high_low,236.500227732,125.56805853000002,0,27,0,10,2195,2195,1.2415158371040724,-436,False,True,0.0,True,0,True,False,0.0,False,False,0.0,0,0.9626378599674215,0.876118586341007,1.098752925660156,False
v9-low_high_low-closed_loop_dynamic-rep1,low_high_low,236.750636445,125.818467243,0,27,0,10,2195,2195,1.2415158371040724,-436,False,True,0.0,True,0,True,False,0.0,False,False,0.0,0,0.981248542067986,0.8763312312567877,1.1197233501089896,False
v9-low_high_low-closed_loop_dynamic-rep1,low_high_low,237.000377279,126.068208077,0,27,0,10,2195,2195,1.2415158371040724,-436,False,True,0.0,True,0,True,False,0.0,False,False,0.0,0,0.9995835874600669,0.8766561203507921,1.1402231322586165,False
v9-low_high_low-closed_loop_dynamic-rep1,low_high_low,237.250442362,126.31827316,0,27,0,10,2195,2195,1.2415158371040724,-436,False,True,0.0,True,0,True,False,0.0,False,False,0.0,0,1.0179140612194568,0.8768264299491518,1.160907137891004,False
v9-low_high_low-closed_loop_dynamic-rep1,low_high_low,237.500833577,126.56866437500001,0,27,0,10,2195,2195,1.2415158371040724,-436,False,True,0.0,True,0,True,False,0.0,False,False,0.0,0,1.0360136071906112,0.8770107348095026,1.181300942018282,False
v9-low_high_low-closed_loop_dynamic-rep1,low_high_low,237.750784852,126.81861565000001,0,27,0,10,2195,2195,1.2415158371040724,-436,False,True,0.0,True,0,True,False,0.0,False,False,0.0,0,1.0540813520690047,0.8771945225117083,1.2016506316646949,False
v9-low_high_low-closed_loop_dynamic-rep1,low_high_low,238.000894035,127.06872483299999,0,27,0,10,2213,2213,1.2516968325791855,-454,False,True,0.0,True,0,True,False,0.0,False,False,0.0,0,1.0719055047005643,0.8773786944733601,1.221713624290783,False
v9-low_high_low-closed_loop_dynamic-rep1,low_high_low,238.251276192,127.31910699000001,0,19,0,10,1445,1445,0.8173076923076923,314,True,True,0.0,True,0,True,False,0.0,False,False,0.0,0,1.0900043959135748,0.8775346324923081,1.2421212286719967,False
v9-low_high_low-closed_loop_dynamic-rep1,low_high_low,238.500193621,127.568024419,0,19,0,10,1446,1446,0.8178733031674208,313,True,True,0.0,True,0,True,False,0.0,False,False,0.0,0,1.086372003567308,0.877689501933428,1.2377634700815965,False
v9-low_high_low-closed_loop_dynamic-rep1,low_high_low,238.750287133,127.818117931,0,19,0,10,1464,1464,0.8280542986425339,295,True,True,0.0,True,0,True,False,0.0,False,False,0.0,0,1.0825245139265838,0.8778311461681,1.2331807986672714,False
v9-low_high_low-closed_loop_dynamic-rep1,low_high_low,239.000384711,128.06821550900003,0,19,0,10,1464,1464,0.8280542986425339,295,True,True,0.0,True,0,True,False,0.0,False,False,0.0,0,1.079157891135407,0.8778316269418553,1.2293449654974515,False
v9-low_high_low-closed_loop_dynamic-rep1,low_high_low,239.251013247,128.318844045,0,19,0,10,1465,1465,0.8286199095022625,294,True,True,0.0,True,0,True,False,0.0,False,False,0.0,0,1.0755287736968326,0.8779591303765839,1.225032847753978,False
v9-low_high_low-closed_loop_dynamic-rep1,low_high_low,239.500862759,128.56869355700002,0,19,0,10,1483,1483,0.8388009049773756,276,True,True,0.0,True,0,True,False,0.0,False,False,0.0,0,1.0717131985701358,0.8780719025582581,1.220530113135046,False
v9-low_high_low-closed_loop_dynamic-rep1,low_high_low,239.751215302,128.81904609999998,0,19,0,10,1483,1483,0.8388009049773756,276,True,True,0.0,True,0,True,False,0.0,False,False,0.0,0,1.0683710065039596,0.8780437731863691,1.2167628074246277,False
v9-low_high_low-closed_loop_dynamic-rep1,low_high_low,240.000305126,129.068135924,0,19,0,10,1484,1484,0.8393665158371041,275,True,True,0.0,True,0,True,False,0.0,False,False,0.0,0,1.0647924536026019,0.8781423947230206,1.2125510167840758,False
v9-low_high_low-closed_loop_dynamic-rep1,low_high_low,240.250363882,129.31819467999998,0,19,0,10,1493,1493,0.8444570135746606,266,True,True,0.0,True,0,True,False,0.0,False,False,0.0,0,1.061002825200792,0.8782269032890273,1.2081192471185462,False
v9-low_high_low-closed_loop_dynamic-rep1,low_high_low,240.500227559,129.56805835699998,0,19,0,10,1502,1502,0.8495475113122172,257,True,True,0.0,True,0,True,False,0.0,False,False,0.0,0,1.057441474070136,0.8781703459352375,1.2041416326168217,False
v9-low_high_low-closed_loop_dynamic-rep1,low_high_low,240.750602838,129.818433636,0,19,0,10,1502,1502,0.8495475113122172,257,True,True,0.0,True,0,True,False,0.0,False,False,0.0,0,1.037869765053508,0.8853390843381217,1.1722850413064256,False
v9-low_high_low-closed_loop_dynamic-rep1,low_high_low,241.000889405,130.068720203,0,19,0,10,1503,1503,0.8501131221719457,256,True,True,0.0,True,0,True,False,0.0,False,False,0.0,0,1.0182488837264705,0.8925163222928735,1.1408742431853685,False
v9-low_high_low-closed_loop_dynamic-rep1,low_high_low,241.251106914,130.31893771199998,0,19,0,10,1521,1521,0.8602941176470589,238,True,True,0.0,True,0,True,False,0.0,False,False,0.0,0,0.9986617212572414,0.8995642690451922,1.110161614486125,False
v9-low_high_low-closed_loop_dynamic-rep1,low_high_low,241.500134036,130.567964834,0,19,0,10,1521,1521,0.8602941176470589,238,True,True,0.0,True,0,True,False,0.0,False,False,0.0,0,0.9796748117291868,0.9065364650514139,1.0806788799980869,False
v9-low_high_low-closed_loop_dynamic-rep1,low_high_low,241.750446984,130.818277782,0,19,0,10,1522,1522,0.8608597285067874,237,True,True,0.0,True,0,True,False,0.0,False,False,0.0,0,0.9605898652414027,0.9134173141333146,1.051644029928256,False
v9-low_high_low-closed_loop_dynamic-rep1,low_high_low,242.00053248,131.068363278,0,19,0,10,1540,1540,0.8710407239819005,219,True,True,0.0,True,0,True,False,0.0,False,False,0.0,0,0.9415505508966067,0.9202918362518664,1.0230999709084914,False
v9-low_high_low-closed_loop_dynamic-rep1,low_high_low,242.250486299,131.31831709699998,0,19,0,10,1540,1540,0.8710407239819005,219,True,True,0.0,True,0,True,False,0.0,False,False,0.0,0,0.9230302170227389,0.9311007535190601,0.9913322629524046,False
v9-low_high_low-closed_loop_dynamic-rep1,low_high_low,242.500760111,131.56859090900002,0,19,0,10,1541,1541,0.871606334841629,218,True,True,0.0,True,0,True,False,0.0,False,False,0.0,0,0.9044861732602942,0.9418028925983599,0.9603773574796401,False
v9-low_high_low-closed_loop_dynamic-rep1,low_high_low,242.750813108,131.81864390599998,0,19,0,10,1559,1559,0.8817873303167421,200,True,True,0.0,True,0,True,False,0.0,False,False,0.0,0,0.885986777328395,0.95249520400854,0.9301745285432969,False
v9-low_high_low-closed_loop_dynamic-rep1,low_high_low,243.001179261,132.069010059,0,19,0,10,1559,1559,0.8817873303167421,200,True,True,0.0,True,0,True,False,0.0,False,False,0.0,0,0.867973428077715,0.9630738444636879,0.9012532456024367,False
v9-low_high_low-closed_loop_dynamic-rep1,low_high_low,243.250560712,132.31839151000003,0,19,0,10,1560,1560,0.8823529411764706,199,True,True,0.0,True,0,True,False,0.0,False,False,0.0,0,0.8495237143951355,0.9737515346400455,0.87242349220961,False
v9-low_high_low-closed_loop_dynamic-rep1,low_high_low,243.50016737,132.56799816800003,0,19,0,10,1578,1578,0.8925339366515838,181,True,True,0.0,True,0,True,False,0.0,False,False,0.0,0,0.8527087004845025,0.973613198030543,0.8758187565753934,False
v9-low_high_low-closed_loop_dynamic-rep1,low_high_low,243.7509673,132.818798098,0,19,0,10,1578,1578,0.8925339366515838,181,True,True,0.0,True,0,True,False,0.0,False,False,0.0,0,0.8564522948289597,0.9733302350215498,0.8799195422199102,False
v9-low_high_low-closed_loop_dynamic-rep1,low_high_low,244.000956207,133.068787005,0,19,0,10,1578,1578,0.8925339366515838,181,True,True,0.0,True,0,True,False,0.0,False,False,0.0,0,0.8596761336748872,0.9731888049247737,0.8833600729113803,False
v9-low_high_low-closed_loop_dynamic-rep1,low_high_low,244.250380769,133.318211567,0,19,0,10,1579,1579,0.8930995475113123,180,True,True,0.0,True,0,True,False,0.0,False,False,0.0,0,0.8628926947685522,0.9730336199597286,0.8868066601894652,False
v9-low_high_low-closed_loop_dynamic-rep1,low_high_low,244.500479251,133.568310049,0,19,0,10,1597,1597,0.9032805429864253,162,True,True,0.0,True,0,True,False,0.0,False,False,0.0,0,0.8661180182330318,0.9727651431610858,0.8903670370203698,False
v9-low_high_low-closed_loop_dynamic-rep1,low_high_low,244.750593537,133.81842433499997,0,19,0,10,1597,1597,0.9032805429864253,162,True,True,0.0,True,0,True,False,0.0,False,False,0.0,0,0.8693442548561083,0.9726377147766401,0.8938006841074918,False
v9-low_high_low-closed_loop_dynamic-rep1,low_high_low,245.000600635,134.068431433,0,19,0,10,1598,1598,0.9038461538461539,161,True,True,0.0,True,0,True,False,0.0,False,False,0.0,0,0.8725682948632357,0.9724962024279975,0.8972459662924387,False
v9-low_high_low-closed_loop_dynamic-rep1,low_high_low,245.250810797,134.31864159500003,0,19,0,10,1616,1616,0.9140271493212669,143,True,True,0.0,True,0,True,False,0.0,False,False,0.0,0,0.8757945319936654,0.972241663846493,0.9007992195363728,False
v9-low_high_low-closed_loop_dynamic-rep1,low_high_low,245.500907196,134.568737994,0,26,0,10,2064,2064,1.167420814479638,-305,False,True,0.0,True,0,True,False,0.0,False,False,0.0,0,0.8792736881411767,0.9720015114447398,0.9046011531754342,False
v9-low_high_low-closed_loop_dynamic-rep1,low_high_low,245.750349909,134.818180707,0,26,0,10,2064,2064,1.167420814479638,-305,False,True,0.0,True,0,True,False,0.0,False,False,0.0,0,0.895131923967646,0.9718744075794682,0.9210366246777136,False
v9-low_high_low-closed_loop_dynamic-rep1,low_high_low,246.000893096,135.06872389400002,0,26,0,10,2064,2064,1.167420814479638,-305,False,True,0.0,True,0,True,False,0.0,False,False,0.0,0,0.9110601216376688,0.9716193298829182,0.9376718778818997,False
v9-low_high_low-closed_loop_dynamic-rep1,low_high_low,246.250928419,135.31875921699998,0,26,0,10,2064,2064,1.167420814479638,-305,False,True,0.0,True,0,True,False,0.0,False,False,0.0,0,0.9269277479049759,0.9712657995710403,0.9543502389504023,False
v9-low_high_low-closed_loop_dynamic-rep1,low_high_low,246.500995711,135.56882650900002,0,26,0,10,2064,2064,1.167420814479638,-305,False,True,0.0,True,0,True,False,0.0,False,False,0.0,0,0.9422885796318997,0.9711520255119342,0.9702791683260719,False
v9-low_high_low-closed_loop_dynamic-rep1,low_high_low,246.750263845,135.818094643,0,26,0,10,2064,2064,1.167420814479638,-305,False,True,0.0,True,0,True,False,0.0,False,False,0.0,0,0.9575999593561082,0.9709123446138573,0.9862887877246596,False
v9-low_high_low-closed_loop_dynamic-rep1,low_high_low,247.000966955,136.068797753,0,26,0,10,2064,2064,1.167420814479638,-305,False,True,0.0,True,0,True,False,0.0,False,False,0.0,0,0.9729702589272616,0.970572593188631,1.002470362088789,False
v9-low_high_low-closed_loop_dynamic-rep1,low_high_low,247.250183962,136.31801475999998,0,26,0,10,2064,2064,1.167420814479638,-305,False,True,0.0,True,0,True,False,0.0,False,False,0.0,0,0.9877428507449085,0.9704739212967193,1.0177943261217313,False
v9-low_high_low-closed_loop_dynamic-rep1,low_high_low,247.500422305,136.56825310300002,0,26,0,10,2072,2072,1.1719457013574661,-313,False,True,0.0,True,0,True,False,0.0,False,False,0.0,0,1.0025759832937777,0.9702475406848414,1.0333197882533334,False
v9-low_high_low-closed_loop_dynamic-rep1,low_high_low,247.750796446,136.81862724400003,0,26,0,10,2072,2072,1.1719457013574661,-313,False,True,0.0,True,0,True,False,0.0,False,False,0.0,0,1.0176154636871038,0.9700351000784501,1.0490501463347106,False
v9-low_high_low-closed_loop_dynamic-rep1,low_high_low,248.000709608,137.068540406,0,17,0,10,1217,1217,0.6883484162895928,542,True,True,0.0,True,0,True,True,0.0,False,False,0.0,0,1.0321183768117634,0.9699501736407804,1.0640942234564792,False
v9-low_high_low-closed_loop_dynamic-rep1,low_high_low,248.250583227,137.31841402499998,0,17,0,10,1224,1224,0.6923076923076923,535,True,True,0.0,True,0,True,True,0.024987361899999883,False,False,0.0,0,1.022451317964139,0.9697381780655544,1.0543581155108666,False
v9-low_high_low-closed_loop_dynamic-rep1,low_high_low,248.501044892,137.56887569000003,0,17,0,10,1225,1225,0.6928733031674208,534,True,True,0.0,True,0,True,True,0.050033528400001616,False,False,0.0,0,1.0129297212632336,0.9695404083328623,1.0447524544180473,False
v9-low_high_low-closed_loop_dynamic-rep1,low_high_low,248.75040403,137.81823482800002,0,17,0,10,1234,1234,0.6979638009049773,525,True,True,0.0,True,0,True,True,0.07496944220000046,False,False,0.0,0,1.002972280571605,0.9694839922382921,1.0345423839912993,False
v9-low_high_low-closed_loop_dynamic-rep1,low_high_low,249.000813902,138.0686447,0,17,0,10,1241,1241,0.7019230769230769,518,True,True,0.0,True,0,True,False,0.10001042940000104,False,False,0.0,0,0.9932278240141388,0.9694132060420815,1.024566013567411,False
v9-low_high_low-closed_loop_dynamic-rep1,low_high_low,249.250933872,138.31876467,0,17,0,10,1242,1242,0.7024886877828054,517,True,True,0.0,True,0,True,False,0.10001042940000104,False,False,0.0,0,0.983692644942533,0.9692149424818439,1.0149375559807368,False
v9-low_high_low-closed_loop_dynamic-rep1,low_high_low,249.500232321,138.568063119,0,17,0,10,1251,1251,0.707579185520362,508,True,True,0.0,True,0,True,False,0.10001042940000104,False,False,0.0,0,0.9741888466039581,0.9689188300707012,1.005439069166271,False
v9-low_high_low-closed_loop_dynamic-rep1,low_high_low,249.750722516,138.81855331399998,0,17,0,10,1258,1258,0.7115384615384616,501,True,True,0.0,True,0,True,False,0.10001042940000104,False,False,0.0,0,0.9643850951639129,0.9688619491320137,0.9953792653616839,False
v9-low_high_low-closed_loop_dynamic-rep1,low_high_low,250.000289069,139.068119867,0,17,0,10,1259,1259,0.7121040723981901,500,True,True,0.0,True,0,True,False,0.10001042940000104,False,False,0.0,0,0.9548146130975104,0.9686784973225112,0.9856878373337268,False
v9-low_high_low-closed_loop_dynamic-rep1,low_high_low,250.250885479,139.31871627700002,0,17,0,10,1268,1268,0.7171945701357466,491,True,True,0.0,True,0,True,False,0.10001042940000104,False,False,0.0,0,0.9452045208237543,0.9683955080073527,0.9760521532867102,False
v9-low_high_low-closed_loop_dynamic-rep1,low_high_low,250.500775694,139.56860649200001,0,17,0,10,1268,1268,0.7171945701357466,491,True,True,0.0,True,0,True,False,0.10001042940000104,False,False,0.0,0,0.9353672137174197,0.9683531058215497,0.9659360909715421,False
v9-low_high_low-closed_loop_dynamic-rep1,low_high_low,250.750634161,139.81846495899998,0,17,0,10,1276,1275,0.7217194570135747,484,True,True,0.0,True,0,True,False,0.10001042940000104,False,False,0.0,0,0.9128753102291857,0.9665086523604073,0.9445081614114491,False
v9-low_high_low-closed_loop_dynamic-rep1,low_high_low,251.001010897,140.068841695,0,17,0,10,1285,1285,0.7268099547511312,474,True,True,0.0,True,0,True,False,0.10001042940000104,False,False,0.0,0,0.8905566600065615,0.9646534853685523,0.92318814321841,False
v9-low_high_low-closed_loop_dynamic-rep1,low_high_low,251.250314107,140.318144905,0,17,0,10,1285,1285,0.7268099547511312,474,True,True,0.0,True,0,True,False,0.10001042940000104,False,False,0.0,0,0.8685875196683245,0.9628062726700227,0.9021415255839433,False
v9-low_high_low-closed_loop_dynamic-rep1,low_high_low,251.501130652,140.56896145000002,0,17,0,10,1292,1292,0.7307692307692307,467,True,True,0.0,True,0,True,False,0.10001042940000104,False,False,0.0,0,0.8464850209630084,0.960947846912387,0.880885496213808,False
v9-low_high_low-closed_loop_dynamic-rep1,low_high_low,251.75055572,140.818386518,0,17,0,10,1293,1293,0.7313348416289592,466,True,True,0.0,True,0,True,False,0.10001042940000104,False,False,0.0,0,0.8247026507711539,0.9590997313067307,0.8598716315429817,False
v9-low_high_low-closed_loop_dynamic-rep1,low_high_low,252.000490013,141.06832081099998,0,17,0,10,1302,1302,0.7364253393665159,457,True,True,0.0,True,0,True,False,0.10001042940000104,False,False,0.0,0,0.802904082908824,0.957247842597285,0.8387630111866509,False
v9-low_high_low-closed_loop_dynamic-rep1,low_high_low,252.251167295,141.318998093,0,17,0,10,1309,1309,0.7403846153846154,450,True,True,0.0,True,0,True,False,0.10001042940000104,False,False,0.0,0,0.7812959280576928,0.9553904487091627,0.817776574083726,False
v9-low_high_low-closed_loop_dynamic-rep1,low_high_low,252.500770818,141.56860161600002,0,17,0,10,1310,1310,0.7409502262443439,449,True,True,0.0,True,0,True,False,0.10001042940000104,False,False,0.0,0,0.7599776647127818,0.9535411685389702,0.797005614217193,True
v9-low_high_low-closed_loop_dynamic-rep1,low_high_low,252.751001348,141.81883214599998,0,17,0,10,1319,1319,0.7460407239819005,440,True,True,0.0,True,0,True,False,0.10001042940000104,False,False,0.0,0,0.7384080194797518,0.9518003113449659,0.7758014056922563,True
v9-low_high_low-closed_loop_dynamic-rep1,low_high_low,253.000497477,142.068328275,0,17,0,10,1319,1319,0.7460407239819005,440,True,True,0.0,True,0,True,False,0.10001042940000104,False,False,0.0,0,0.7171556908443425,0.9500645633886874,0.7548494265341229,True
v9-low_high_low-closed_loop_dynamic-rep1,low_high_low,253.251090501,142.318921299,0,17,0,10,1327,1327,0.7505656108597285,432,True,True,0.0,True,0,True,False,0.10001042940000104,False,False,0.0,0,0.7200262299308823,0.9359583082451923,0.7692930588765686,True
v9-low_high_low-closed_loop_dynamic-rep1,low_high_low,253.500154116,142.56798491400002,0,17,0,10,1336,1336,0.755656108597285,423,True,True,0.0,True,0,True,False,0.10001042940000104,False,False,0.0,0,0.7229282154902716,0.9328369468423071,0.7749781115954021,True
v9-low_high_low-closed_loop_dynamic-rep1,low_high_low,253.750536153,142.81836695100003,0,17,0,10,1336,1336,0.755656108597285,423,True,True,0.0,True,0,True,False,0.10001042940000104,False,False,0.0,0,0.7260721190848416,0.9297069369610288,0.780968808792783,True
v9-low_high_low-closed_loop_dynamic-rep1,low_high_low,254.001018283,143.068849081,0,17,0,10,1343,1343,0.7596153846153846,416,True,True,0.0,True,0,True,False,0.10001042940000104,False,False,0.0,0,0.7289621356677601,0.9264484833845019,0.786835046677086,True
v9-low_high_low-closed_loop_dynamic-rep1,low_high_low,254.250346988,143.31817778599998,0,17,0,10,1344,1344,0.7601809954751131,415,True,True,0.0,True,0,True,False,0.10001042940000104,False,False,0.0,0,0.7318390053408368,0.923303669967364,0.7926308853150178,True
v9-low_high_low-closed_loop_dynamic-rep1,low_high_low,254.500265853,143.56809665100002,0,17,0,10,1353,1353,0.7652714932126696,406,True,True,0.0,True,0,True,False,0.10001042940000104,False,False,0.0,0,0.7347227168030541,0.9201514343490379,0.7984802168165227,True
v9-low_high_low-closed_loop_dynamic-rep1,low_high_low,254.75052882,143.818359618,0,17,0,10,1360,1360,0.7692307692307693,399,True,True,0.0,True,0,True,False,0.10001042940000104,False,False,0.0,0,0.7376103664222851,0.9168680483741511,0.8044891167603264,False
v9-low_high_low-closed_loop_dynamic-rep1,low_high_low,255.000788875,144.068619673,0,17,0,10,1361,1361,0.7697963800904978,398,True,True,0.0,True,0,True,False,0.10001042940000104,False,False,0.0,0,0.7404980792815612,0.9136831019833137,0.8104539502527482,False
v9-low_high_low-closed_loop_dynamic-rep1,low_high_low,255.251196797,144.31902759500002,0,17,0,10,1370,1370,0.7748868778280543,389,True,True,0.0,True,0,True,False,0.10001042940000104,False,False,0.0,0,0.7433870845057693,0.9104960840634607,0.8164637910226925,False
v9-low_high_low-closed_loop_dynamic-rep1,low_high_low,255.500641828,144.56847262600002,0,17,0,10,1377,1377,0.7788461538461539,382,True,True,0.0,True,0,True,False,0.10001042940000104,False,False,0.0,0,0.7462652964019231,0.9073213747650446,0.8224927982052359,False
v9-low_high_low-closed_loop_dynamic-rep1,low_high_low,255.750651066,144.81848186399998,0,25,0,10,1889,1889,1.0684389140271493,-130,False,True,0.0,True,0,True,False,0.10001042940000104,False,False,0.0,0,0.7493479741962669,0.9040124366173072,0.8289133465909231,False
v9-low_high_low-closed_loop_dynamic-rep1,low_high_low,256.000955993,145.06878679099998,0,25,0,10,1889,1889,1.0684389140271493,-130,False,True,0.0,True,0,True,False,0.10001042940000104,False,False,0.0,0,0.7667050918717195,0.9008128336710401,0.8511258534663659,False
v9-low_high_low-closed_loop_dynamic-rep1,low_high_low,256.250364399,145.31819519699997,0,25,0,10,1889,1889,1.0684389140271493,-130,False,True,0.0,True,0,True,False,0.10001042940000104,False,False,0.0,0,0.7837461746047503,0.897737521078054,0.8730237471455838,False
v9-low_high_low-closed_loop_dynamic-rep1,low_high_low,256.500232251,145.568063049,0,25,0,10,1889,1889,1.0684389140271493,-130,False,True,0.0,True,0,True,False,0.10001042940000104,False,False,0.0,0,0.8008185934518105,0.8944029369263566,0.8953666858517352,False
v9-low_high_low-closed_loop_dynamic-rep1,low_high_low,256.750420393,145.818251191,0,25,0,10,1889,1889,1.0684389140271493,-130,False,True,0.0,True,0,True,False,0.10001042940000104,False,False,0.0,0,0.8177154949881237,0.8911620221455306,0.9175834188034857,False
v9-low_high_low-closed_loop_dynamic-rep1,low_high_low,257.000604733,146.06843553099998,0,25,0,10,1889,1889,1.0684389140271493,-130,False,True,0.0,True,0,True,False,0.10001042940000104,False,False,0.0,0,0.8345830254730767,0.887921490999038,0.9399288494910197,False
v9-low_high_low-closed_loop_dynamic-rep1,low_high_low,257.250523758,146.31835455599997,0,25,0,10,1889,1889,1.0684389140271493,-130,False,True,0.0,True,0,True,False,0.10001042940000104,False,False,0.0,0,0.8511783272462667,0.8845571964317303,0.9622648831300988,False
v9-low_high_low-closed_loop_dynamic-rep1,low_high_low,257.501021262,146.56885205999998,0,25,0,10,1889,1889,1.0684389140271493,-130,False,True,0.0,True,0,True,False,0.10001042940000104,False,False,0.0,0,0.8676141651009054,0.8812840381234723,0.9844886864719865,False
v9-low_high_low-closed_loop_dynamic-rep1,low_high_low,257.75063013,146.81846092799998,0,24,0,10,1801,1801,1.0186651583710407,-42,False,True,0.0,True,0,True,False,0.10001042940000104,False,False,0.0,0,0.8839629812289594,0.8780227457870471,1.006765468742598,False
v9-low_high_low-closed_loop_dynamic-rep1,low_high_low,258.000925791,147.06875658899997,0,24,0,10,1810,1810,1.0237556561085972,-51,False,True,0.0,True,0,True,False,0.09998881110000184,False,False,0.0,0,0.897610701767873,0.8746250644523187,1.0262805609509347,False
v9-low_high_low-closed_loop_dynamic-rep1,low_high_low,258.250363419,147.31819421699998,0,24,0,10,1810,1810,1.0237556561085972,-51,False,True,0.0,True,0,True,False,0.07504504830000087,False,False,0.0,0,0.9114652125538465,0.8712390333029969,1.0461712316749012,False
v9-low_high_low-closed_loop_dynamic-rep1,low_high_low,258.500707268,147.56853806599997,0,24,0,10,1825,1825,1.032239819004525,-66,False,True,0.0,True,0,True,False,0.05001066340000193,False,False,0.0,0,0.9251435968700223,0.8679392326256217,1.065908259580974,False
v9-low_high_low-closed_loop_dynamic-rep1,low_high_low,258.751112181,147.81894297899998,0,24,0,10,1834,1834,1.0373303167420815,-75,False,True,0.0,True,0,True,False,0.02497017210000081,False,False,0.0,0,0.9389951808583714,0.864511744563065,1.08615665057616,False
v9-low_high_low-closed_loop_dynamic-rep1,low_high_low,259.000812969,148.06864376699997,0,24,0,10,1834,1834,1.0373303167420815,-75,False,True,0.0,True,0,True,False,9.33000023906061e-08,False,False,0.0,0,0.9530620352049768,0.8610938944105767,1.1068038472823603,False
v9-low_high_low-closed_loop_dynamic-rep1,low_high_low,259.250546981,148.318377779,0,24,0,10,1849,1849,1.045814479638009,-90,False,True,0.0,True,0,True,False,0.0,False,False,0.0,0,0.966933147998757,0.8577743867048635,1.127258126362605,False
v9-low_high_low-closed_loop_dynamic-rep1,low_high_low,259.500320392,148.56815118999998,0,24,0,10,1849,1849,1.045814479638009,-90,False,True,0.0,True,0,True,False,0.0,False,False,0.0,0,0.9812018223996606,0.8544544624552033,1.1483371736163206,False
v9-low_high_low-closed_loop_dynamic-rep1,low_high_low,259.751108122,148.81893892,0,24,0,10,1858,1858,1.0509049773755657,-99,False,True,0.0,True,0,True,False,0.0,False,False,0.0,0,0.9952727114229646,0.8509937559199088,1.1695417322387904,False
v9-low_high_low-closed_loop_dynamic-rep1,low_high_low,260.000163245,149.067994043,0,24,0,10,1873,1873,1.0593891402714932,-114,False,True,0.0,True,0,True,False,0.0,False,False,0.0,0,1.009303192334051,0.8476551776308252,1.190700203300861,False
v9-low_high_low-closed_loop_dynamic-rep1,low_high_low,260.250836013,149.318666811,0,24,0,10,1873,1873,1.0593891402714932,-114,False,True,0.0,True,0,True,False,0.0,False,False,0.0,0,1.0238218668641423,0.8442948785276574,1.2126354108052357,False
v9-low_high_low-closed_loop_dynamic-rep1,low_high_low,260.500984006,149.568814804,0,24,0,10,1882,1882,1.0644796380090498,-123,False,True,0.0,True,0,True,False,0.0,False,False,0.0,0,1.0380554972135758,0.8408123180656668,1.2345864527789951,False
v9-low_high_low-closed_loop_dynamic-rep1,low_high_low,260.750841137,149.818671935,0,24,0,10,1889,1889,1.0684389140271493,-130,False,True,0.0,True,0,True,False,0.0,False,False,0.0,0,1.052318001150566,0.8311090073957015,1.2661612276926557,False
v9-low_high_low-closed_loop_dynamic-rep1,low_high_low,261.001296062,150.06912685999998,0,24,0,10,1897,1897,1.0729638009049773,-138,False,True,0.0,True,0,True,False,0.0,False,False,0.0,0,1.0523180011505657,0.8286299569502831,1.2699492606127245,False
v9-low_high_low-closed_loop_dynamic-rep1,low_high_low,261.25084986,150.318680658,0,24,0,10,1906,1906,1.0780542986425339,-147,False,True,0.0,True,0,True,False,0.0,False,False,0.0,0,1.052543841691742,0.8261598260311652,1.2740196370333274,False
v9-low_high_low-closed_loop_dynamic-rep1,low_high_low,261.501041715,150.56887251299997,0,24,0,10,1906,1906,1.0780542986425339,-147,False,True,0.0,True,0,True,False,0.0,False,False,0.0,0,1.0530249798744342,0.8236833795026021,1.27843417274041,False
v9-low_high_low-closed_loop_dynamic-rep1,low_high_low,261.750751109,150.818581907,0,24,0,10,1921,1921,1.0865384615384615,-162,False,True,0.0,True,0,True,False,0.0,False,False,0.0,0,1.0535051902475112,0.8212117084647058,1.2828667436038985,False
v9-low_high_low-closed_loop_dynamic-rep1,low_high_low,262.00080381,151.06863460799997,0,24,0,10,1921,1921,1.0865384615384615,-162,False,True,0.0,True,0,True,False,0.0,False,False,0.0,0,1.0544103583959272,0.8187366393088806,1.2878504610297954,False
v9-low_high_low-closed_loop_dynamic-rep1,low_high_low,262.25074637,151.318577168,0,24,0,10,1930,1930,1.091628959276018,-171,False,True,0.0,True,0,True,False,0.0,False,False,0.0,0,1.0553151278438913,0.8162626603496042,1.2928621865318466,False
v9-low_high_low-closed_loop_dynamic-rep1,low_high_low,262.50066548,151.568496278,0,24,0,10,1945,1937,1.1001131221719458,-178,False,True,0.0,True,0,True,False,0.0,False,False,0.0,0,1.0564742549377828,0.813788803468948,1.2982167491544936,False
v9-low_high_low-closed_loop_dynamic-rep1,low_high_low,262.750292098,151.81812289599998,0,24,0,10,1945,1945,1.1001131221719458,-186,False,True,0.0,True,0,True,False,0.0,False,False,0.0,0,1.0580556000291854,0.811204998542817,1.3043011346451154,False
v9-low_high_low-closed_loop_dynamic-rep1,low_high_low,263.000358204,152.068189002,0,24,0,10,1954,1954,1.1052036199095023,-195,False,True,0.0,True,0,True,False,0.0,False,False,0.0,0,1.0621257100346155,0.8073736542040157,1.3155317918835958,False
v9-low_high_low-closed_loop_dynamic-rep1,low_high_low,263.251077742,152.31890854,0,24,0,10,1961,1961,1.1091628959276019,-202,False,True,0.0,True,0,True,False,0.0,False,False,0.0,0,1.0662104070657241,0.8157654905007357,1.3070060200894986,False
v9-low_high_low-closed_loop_dynamic-rep1,low_high_low,263.500647836,152.56847863399997,0,24,0,10,1969,1969,1.11368778280543,-210,False,True,0.0,True,0,True,False,0.0,False,False,0.0,0,1.0704734256397055,0.824037440448925,1.2990592090773512,False
v9-low_high_low-closed_loop_dynamic-rep1,low_high_low,263.750675097,152.818505895,0,24,0,10,1978,1978,1.1187782805429864,-219,False,True,0.0,True,0,True,False,0.0,False,False,0.0,0,1.0745463687464931,0.8325223625401585,1.2907117179025447,False
v9-low_high_low-closed_loop_dynamic-rep1,low_high_low,264.000593245,153.068424043,0,24,0,10,1978,1978,1.1187782805429864,-219,False,True,0.0,True,0,True,False,0.0,False,False,0.0,0,1.0786178785958145,0.8410035251557696,1.282536691384301,False
v9-low_high_low-closed_loop_dynamic-rep1,low_high_low,264.250543093,153.31837389099996,0,24,0,10,1993,1993,1.127262443438914,-234,False,True,0.0,True,0,True,False,0.0,False,False,0.0,0,1.082689459830203,0.8493871113810514,1.274671401676694,False
v9-low_high_low-closed_loop_dynamic-rep1,low_high_low,264.500178731,153.568009529,0,24,0,10,1993,1993,1.127262443438914,-234,False,True,0.0,True,0,True,False,0.0,False,False,0.0,0,1.0867559293089366,0.8579577654944572,1.2666776536285778,False
v9-low_high_low-closed_loop_dynamic-rep1,low_high_low,264.750823662,153.81865446,0,24,0,10,2002,2002,1.1323529411764706,-243,False,True,0.0,True,0,True,False,0.0,False,False,0.0,0,1.0908388331623304,0.8664354489235301,1.2589960793012358,False
v9-low_high_low-closed_loop_dynamic-rep1,low_high_low,265.000771247,154.06860204499998,0,24,0,10,2009,2009,1.13631221719457,-250,False,True,0.0,True,0,True,False,0.0,False,False,0.0,0,1.0949096354643661,0.874918176791855,1.2514423228457483,False
v9-low_high_low-closed_loop_dynamic-rep1,low_high_low,265.251194156,154.31902495399999,0,24,0,10,2017,2017,1.1408371040723981,-258,False,True,0.0,True,0,True,False,0.0,False,False,0.0,0,1.0987622956028278,0.883614833354808,1.2434855710051544,False
v9-low_high_low-closed_loop_dynamic-rep1,low_high_low,265.500827949,154.56865874699997,0,24,0,10,2026,2026,1.1459276018099547,-267,False,True,0.0,True,0,True,False,0.0,False,False,0.0,0,1.102828728429977,0.8921571662035065,1.2361372751428585,False
v9-low_high_low-closed_loop_dynamic-rep1,low_high_low,265.750176001,154.818006799,1,32,0,10,2538,2538,1.4355203619909502,-779,False,True,0.0,True,0,True,False,0.0,False,False,0.0,0,1.1068906655341628,0.900816572279016,1.2287636568827667,False
v9-low_high_low-closed_loop_dynamic-rep1,low_high_low,266.001000794,155.06883159199998,1,32,0,10,2538,2538,1.4355203619909502,-779,False,True,0.02508247929999925,True,0,True,False,0.0,False,False,0.0501649585999985,0,1.1253058178654973,0.9095130998489818,1.2372618031036018,False
v9-low_high_low-closed_loop_dynamic-rep1,low_high_low,266.251064527,155.31889532499997,1,32,0,10,2538,2538,1.4355203619909502,-779,False,True,0.05008885259999829,True,0,True,False,0.0,False,False,0.10017770519999658,0,1.143438315941741,0.9181691329588231,1.2453460641363343,False
v9-low_high_low-closed_loop_dynamic-rep1,low_high_low,266.50072181,155.568552608,1,32,0,10,2538,2538,1.4355203619909502,-779,False,True,0.07505458090000161,True,0,True,False,0.0,False,False,0.15010916180000322,0,1.1612871171697976,0.9269382038153287,1.2528204279313075,False
v9-low_high_low-closed_loop_dynamic-rep1,low_high_low,266.751052021,155.818882819,1,32,0,10,2538,2538,1.4355203619909502,-779,False,True,0.10008760200000211,True,0,True,False,0.0,False,False,0.20017520400000421,0,1.1791835175851824,0.935632187346268,1.2603067033528406,False
v9-low_high_low-closed_loop_dynamic-rep1,low_high_low,267.000440408,156.06827120599996,1,32,0,10,2538,2538,1.4355203619909502,-779,False,True,0.12502644069999747,True,0,True,False,0.0,False,False,0.25005288139999493,0,1.1965899242343876,0.9444905531288456,1.2669157147950332,False
v9-low_high_low-closed_loop_dynamic-rep1,low_high_low,267.25046737,156.318298168,1,32,0,10,2538,2538,1.4355203619909502,-779,False,True,0.1500291369000024,True,0,True,False,0.0,False,False,0.3000582738000048,0,1.2140409011070152,0.9532443504095601,1.273588351806548,False
v9-low_high_low-closed_loop_dynamic-rep1,low_high_low,267.500532848,156.56836364599997,1,32,0,10,2538,2538,1.4355203619909502,-779,False,True,0.17503568469999778,True,0,True,False,0.0,False,False,0.35007136939999556,0,1.2312402587567859,0.9620278939792982,1.279838418888175,False
v9-low_high_low-closed_loop_dynamic-rep1,low_high_low,267.75047729,156.81830808799998,1,32,0,10,2546,2546,1.4400452488687783,-787,False,True,0.20003012889999922,True,0,True,False,0.0,False,False,0.40006025779999843,0,1.2480071188909498,0.9710048718729638,1.2852737973226422,False
v9-low_high_low-closed_loop_dynamic-rep1,low_high_low,268.000079425,157.067910223,1,32,0,10,2561,2561,1.4485294117647058,-802,False,True,0.22499034240000243,True,0,True,False,0.0,False,False,0.44998068480000486,0,1.2649766758066758,0.9798428612978519,1.2909995324466106,False
v9-low_high_low-closed_loop_dynamic-rep1,low_high_low,268.250998446,157.31882924399997,1,32,0,10,2561,2561,1.4485294117647058,-802,False,True,0.2500822444999983,True,0,True,False,0.0,False,False,0.5001644889999965,0,1.2822063539467183,0.9888547996080312,1.2966578656997647,False
v9-low_high_low-closed_loop_dynamic-rep1,low_high_low,268.500772305,157.568603103,1,32,0,10,2578,2578,1.4581447963800904,-819,False,True,0.2750596303999998,True,0,True,False,0.0,False,False,0.5501192607999996,0,1.2991592809512444,0.9978113742700794,1.3020088911109151,False
v9-low_high_low-closed_loop_dynamic-rep1,low_high_low,268.751260635,157.81909143299998,1,32,0,10,2585,2585,1.46210407239819,-826,False,True,0.3001084633999994,True,0,True,False,0.0,False,False,0.6002169267999988,0,1.316415177232692,1.006779947954016,1.307550055906376,False
v9-low_high_low-closed_loop_dynamic-rep1,low_high_low,269.000319035,158.068149833,1,32,0,10,2593,2593,1.466628959276018,-834,False,True,0.3250143034000018,True,0,True,False,0.0,False,False,0.6500286068000036,0,1.3335168117123315,1.015823810668949,1.3127441960965383,False
v9-low_high_low-closed_loop_dynamic-rep1,low_high_low,269.250157132,158.31798793000002,1,32,0,10,2602,2602,1.4717194570135748,-843,False,True,0.3499981131000027,True,0,True,False,0.0,False,False,0.6999962262000053,0,1.350898082035296,1.0247973449636893,1.318209974561518,False
v9-low_high_low-closed_loop_dynamic-rep1,low_high_low,269.500789943,158.56862074099996,1,32,0,10,2610,2610,1.4762443438914028,-851,False,True,0.3750613941999973,True,0,True,False,0.0,False,False,0.7501227883999946,0,1.3681651828626678,1.033997026975565,1.3231809639381098,False
v9-low_high_low-closed_loop_dynamic-rep1,low_high_low,269.750919288,158.81875008599997,1,32,0,10,2625,2625,1.4847285067873304,-866,False,True,0.40007432869999776,True,0,True,False,0.0,False,False,0.8001486573999955,0,1.385623208341288,1.0430513769845018,1.3284323657643533,False
v9-low_high_low-closed_loop_dynamic-rep1,low_high_low,270.000820061,159.068650859,1,32,0,10,2625,2625,1.4847285067873304,-866,False,True,0.42506440600000134,True,0,True,False,0.0,False,False,0.8501288120000027,0,1.4032349549341636,1.052125845693666,1.3337139855251932,False
v9-low_high_low-closed_loop_dynamic-rep1,low_high_low,270.250252911,159.318083709,0,24,0,10,2689,1825,1.5209276018099547,-66,False,True,0.4500076910000018,True,0,True,False,0.0,False,False,0.9000153820000036,0,1.4206162485540736,1.0612679546755668,1.3386027932864144,False
v9-low_high_low-closed_loop_dynamic-rep1,low_high_low,270.500165926,159.567996724,0,24,0,10,1826,1826,1.0328054298642535,-67,False,True,0.4500076910000018,True,0,True,False,0.0,False,False,0.9000153820000036,0,1.4396150128119924,1.0704135816958724,1.344914748308022,False
v9-low_high_low-closed_loop_dynamic-rep1,low_high_low,270.751064162,159.81889495999997,0,24,0,10,1841,1841,1.041289592760181,-82,False,True,0.4500076910000018,True,0,True,False,0.0,False,False,0.8998377498000082,0,1.4338878151394834,1.0796371994306555,1.3281200535658102,False
v9-low_high_low-closed_loop_dynamic-rep1,low_high_low,271.000510928,160.06834172599997,0,24,0,10,1849,1849,1.045814479638009,-90,False,True,0.4500076910000018,True,0,True,False,0.0,False,False,0.8499483966000071,0,1.4142198970510216,1.0887939274359724,1.2988866500949383,False
v9-low_high_low-closed_loop_dynamic-rep1,low_high_low,271.251091846,160.318922644,0,24,0,10,1850,1850,1.0463800904977376,-91,False,True,0.4500076910000018,True,0,True,False,0.0,False,False,0.799832213000002,0,1.3946893255010195,1.097992288057127,1.270217779005435,False
v9-low_high_low-closed_loop_dynamic-rep1,low_high_low,271.500819583,160.568650381,0,24,0,10,1858,1858,1.0509049773755657,-99,False,True,0.4500076910000018,True,0,True,False,0.0,False,False,0.7498866656000018,0,1.3752535016259064,1.1071593299865952,1.2421459715672154,False
v9-low_high_low-closed_loop_dynamic-rep1,low_high_low,271.750435395,160.818266193,0,24,0,10,1873,1873,1.0593891402714932,-114,False,True,0.4500076910000018,True,0,True,False,0.0,False,False,0.6999635032000014,0,1.3560522853182138,1.1163222633569574,1.214749835088257,False
v9-low_high_low-closed_loop_dynamic-rep1,low_high_low,272.000623508,161.06845430599998,0,24,0,10,1874,1874,1.0599547511312217,-115,False,True,0.4500076910000018,True,0,True,False,0.0,False,False,0.6499258806000057,0,1.3372315731977404,1.1255062048352935,1.188115682928137,False
v9-low_high_low-closed_loop_dynamic-rep1,low_high_low,272.250496894,161.31832769199997,0,24,0,10,1882,1882,1.0644796380090498,-123,False,True,0.4500076910000018,True,0,True,False,0.0,False,False,0.5999512034000076,0,1.318462803027605,1.1346785932693428,1.1619702802612375,False
v9-low_high_low-closed_loop_dynamic-rep1,low_high_low,272.500896386,161.568727184,0,24,0,10,1897,1897,1.0729638009049773,-138,False,True,0.4500076910000018,True,0,True,False,0.0,False,False,0.5498713049999993,0,1.2998811212683261,1.1438702940786207,1.1363885643305136,False
v9-low_high_low-closed_loop_dynamic-rep1,low_high_low,272.750262465,161.81809326299998,0,24,0,10,1897,1897,1.0729638009049773,-138,False,True,0.4500076910000018,True,0,True,False,0.0,False,False,0.4999980892000053,0,1.2817992596575818,1.153024060213857,1.111684746127362,False
v9-low_high_low-closed_loop_dynamic-rep1,low_high_low,273.000546692,162.06837749,0,24,0,10,1898,1898,1.0735294117647058,-139,False,True,0.4500076910000018,True,0,True,False,0.0,False,False,0.44994124380000355,0,1.263423721905545,1.1635690084604637,1.0858176117780935,False
v9-low_high_low-closed_loop_dynamic-rep1,low_high_low,273.250966538,162.318797336,0,24,0,10,1913,1913,1.0820135746606334,-154,False,True,0.4500076910000018,True,0,True,False,0.0,False,False,0.39985727460000364,0,1.2446422334555451,1.1742063792883484,1.0599859236073013,False
v9-low_high_low-closed_loop_dynamic-rep1,low_high_low,273.50022444,162.568055238,0,24,0,10,1921,1921,1.0865384615384615,-162,False,True,0.4500076910000018,True,0,True,False,0.0,False,False,0.3500056942000015,0,1.2263708397342774,1.184794200804299,1.0350918656605121,False
v9-low_high_low-closed_loop_dynamic-rep1,low_high_low,273.751010508,162.81884130599997,0,24,0,10,1922,1922,1.08710407239819,-163,False,True,0.4500076910000018,True,0,True,False,0.0,False,False,0.29984848060000785,0,1.2077331550090535,1.1954751871119336,1.0102536364027204,False
v9-low_high_low-closed_loop_dynamic-rep1,low_high_low,274.000368688,163.06819948599997,0,24,0,10,1930,1930,1.091628959276018,-171,False,True,0.4500076910000018,True,0,True,False,0.0,False,False,0.24997684460000755,0,1.1890314446385783,1.206067243366006,0.9858749179855988,False
v9-low_high_low-closed_loop_dynamic-rep1,low_high_low,274.251175056,163.319005854,0,24,0,10,1945,1945,1.1001131221719458,-186,False,True,0.4500076910000018,True,0,True,False,0.0,False,False,0.1998155709999992,0,1.1702199306906116,1.2168343120030554,0.9616920883536635,False
v9-low_high_low-closed_loop_dynamic-rep1,low_high_low,274.500999537,163.56883033499997,0,24,0,10,1946,1946,1.1006787330316743,-187,False,True,0.4500076910000018,True,0,True,False,0.0,False,False,0.1498506748000068,0,1.1516524690651617,1.2274745558347846,0.9382291987974793,False
v9-low_high_low-closed_loop_dynamic-rep1,low_high_low,274.751066704,163.81889750199997,0,24,0,10,1954,1954,1.1052036199095023,-195,False,True,0.4500076910000018,True,0,True,False,0.0,False,False,0.09983724140000731,0,1.1328688932588271,1.238238318579524,0.9149037598500633,False
v9-low_high_low-closed_loop_dynamic-rep1,low_high_low,275.000194866,164.068025664,0,24,0,10,1961,1961,1.1091628959276019,-202,False,True,0.4500076910000018,True,0,True,False,0.0,False,False,0.05001160900000059,0,1.1139588257585982,1.2490460786870483,0.891847662601488,False
v9-low_high_low-closed_loop_dynamic-rep1,low_high_low,275.250508747,164.31833954500001,0,24,0,10,1969,1969,1.11368778280543,-210,False,True,0.4500076910000018,True,0,True,False,0.0,False,False,0.0,0,1.0951551164273758,1.259693839547682,0.8693819736552915,False
v9-low_high_low-closed_loop_dynamic-rep1,low_high_low,275.500940075,164.568770873,0,24,0,10,1970,1970,1.1142533936651584,-211,False,True,0.4500076910000018,True,0,True,False,0.0,False,False,0.0,0,1.0748335705480776,1.2712144206031684,0.845517131593023,False
v9-low_high_low-closed_loop_dynamic-rep1,low_high_low,275.751096586,164.818927384,0,24,0,10,1985,1985,1.122737556561086,-226,False,True,0.4499156325000001,True,0,True,False,0.0,False,False,0.0,0,1.0789084632204757,1.270422018396155,0.8492520183037636,False
v9-low_high_low-closed_loop_dynamic-rep1,low_high_low,276.000717503,165.06854830099996,0,24,0,10,1993,1993,1.127262443438914,-234,False,True,0.42495354080000425,True,0,True,False,0.0,False,False,0.0,0,1.0829744993571266,1.269744408021947,0.8529074769025545,False
v9-low_high_low-closed_loop_dynamic-rep1,low_high_low,276.250888768,165.31871956599997,0,24,0,10,1994,1994,1.1278280542986425,-235,False,True,0.39993641430000365,True,0,True,False,0.0,False,False,0.0,0,1.0870496873842759,1.2690654520027165,0.8565749588949877,False
v9-low_high_low-closed_loop_dynamic-rep1,low_high_low,276.500976224,165.568807022,0,24,0,10,2002,2002,1.1323529411764706,-243,False,True,0.37492766870000194,True,0,True,False,0.0,False,False,0.0,0,1.091123391413009,1.26827337918111,0.8603219221691131,False
v9-low_high_low-closed_loop_dynamic-rep1,low_high_low,276.750467095,165.81829789299996,0,24,0,10,2017,2017,1.1408371040723981,-258,False,True,0.34997858160000417,True,0,True,False,0.0,False,False,0.0,0,1.095187442309389,1.267596055294911,0.8639877331068133,False
v9-low_high_low-closed_loop_dynamic-rep1,low_high_low,277.000492284,166.068323082,0,24,0,10,2018,2018,1.1414027149321266,-259,False,True,0.32497606270000007,True,0,True,False,0.0,False,False,0.0,0,1.099260250817987,1.2669174948389155,0.8676652231073299,False
v9-low_high_low-closed_loop_dynamic-rep1,low_high_low,277.250795775,166.31862657299996,0,24,0,10,2026,2026,1.1459276018099547,-267,False,True,0.29994571360000466,True,0,True,False,0.0,False,False,0.0,0,1.1033373371166286,1.2662521979555443,0.8713409057832606,False
v9-low_high_low-closed_loop_dynamic-rep1,low_high_low,277.500245289,166.568076087,0,24,0,10,2041,2041,1.1544117647058822,-282,False,True,0.2750007621999998,True,0,True,False,0.0,False,False,0.0,0,1.1074007681139142,1.2655749594559969,0.8750179195943689,False
v9-low_high_low-closed_loop_dynamic-rep1,low_high_low,277.750923857,166.81875465499996,0,24,0,10,2041,2041,1.1544117647058822,-282,False,True,0.2499329054000043,True,0,True,False,0.0,False,False,0.0,0,1.1114853247029406,1.2648941882538476,0.8787180263965922,False
v9-low_high_low-closed_loop_dynamic-rep1,low_high_low,278.000893515,167.06872431299996,0,24,0,10,2042,2042,1.1549773755656108,-283,False,True,0.22493593960000452,True,0,True,False,0.0,False,False,0.0,0,1.1155571894007914,1.264215284715386,0.8824107751963605,False
v9-low_high_low-closed_loop_dynamic-rep1,low_high_low,278.250993911,167.318824709,0,17,0,10,1378,1378,0.7794117647058824,381,True,True,0.1999258999999995,True,0,True,False,0.0,False,False,0.0,0,1.1196311765533937,1.263423134739085,0.8861885980777245,False
v9-low_high_low-closed_loop_dynamic-rep1,low_high_low,278.500725692,167.56855649,0,17,0,10,1386,1386,0.7839366515837104,373,True,True,0.1749527219000015,True,0,True,False,0.0,False,False,0.0,0,1.104516865144911,1.2627453546766982,0.8746948551853525,False
v9-low_high_low-closed_loop_dynamic-rep1,low_high_low,278.750357563,167.818188361,0,17,0,10,1387,1387,0.7845022624434389,372,True,True,0.14998953479999955,True,0,True,False,0.0,False,False,0.0,0,1.0894090539475116,1.262067621090273,0.8631938857653242,False
v9-low_high_low-closed_loop_dynamic-rep1,low_high_low,279.000923037,168.068753835,0,17,0,10,1395,1395,0.7890271493212669,364,True,True,0.12493298740000114,True,0,True,False,0.0,False,False,0.0,0,1.074244312947852,1.2612743503385193,0.8517134378095699,False
v9-low_high_low-closed_loop_dynamic-rep1,low_high_low,279.250245215,168.318076013,0,17,0,10,1403,1403,0.793552036199095,356,True,True,0.10000076960000115,True,0,True,False,0.0,False,False,0.0,0,1.05915524448292,1.2605974575475691,0.8402010000428327,False
v9-low_high_low-closed_loop_dynamic-rep1,low_high_low,279.501022235,168.56885303299998,0,17,0,10,1404,1404,0.7941176470588235,355,True,True,0.07492306760000247,True,0,True,False,0.0,False,False,0.0,0,1.043781124582129,1.2599160800754539,0.8284528954655607,False
v9-low_high_low-closed_loop_dynamic-rep1,low_high_low,279.750344427,168.818175225,0,17,0,10,1412,1412,0.7986425339366516,347,True,True,0.04999084840000023,True,0,True,False,0.0,False,False,0.0,0,1.0284946281947973,1.2592532891804311,0.8167496063196149,False
v9-low_high_low-closed_loop_dynamic-rep1,low_high_low,280.000352104,169.068182902,0,17,0,10,1420,1420,0.8031674208144797,339,True,True,0.024990080700001728,True,0,True,False,0.0,False,False,0.0,0,1.0131666323368793,1.2585745146933833,0.8050112412960382,False
v9-low_high_low-closed_loop_dynamic-rep1,low_high_low,280.250914286,169.318745084,0,17,0,10,1420,1420,0.8031674208144797,339,True,True,0.0,True,0,True,False,0.0,False,False,0.0,0,0.9978320865479647,1.2578946048278292,0.793255716908445,True
v9-low_high_low-closed_loop_dynamic-rep1,low_high_low,280.500367267,169.568198065,0,17,0,10,1429,1429,0.8082579185520362,330,True,True,0.0,True,0,True,False,0.0,False,False,0.0,0,0.9823400405559969,1.2572174835536207,0.7813604673865481,True
v9-low_high_low-closed_loop_dynamic-rep1,low_high_low,280.750191705,169.818022503,0,17,0,10,1437,1437,0.8127828054298643,322,True,True,0.0,True,0,True,False,0.0,False,False,0.0,0,0.9670510758331451,1.2564259317636879,0.7696841106070316,True
v9-low_high_low-closed_loop_dynamic-rep1,low_high_low,281.000525957,170.06835675499997,0,17,0,10,1437,1437,0.8127828054298643,322,True,True,0.0,True,0,True,False,0.0,False,False,0.0,0,0.9515341531090528,1.2485951390843344,0.7620838199056795,True
v9-low_high_low-closed_loop_dynamic-rep1,low_high_low,281.250262261,170.31809305899998,0,17,0,10,1446,1446,0.8178733031674208,313,True,True,0.0,True,0,True,False,0.0,False,False,0.0,0,0.9358269299579207,1.2408967330861438,0.7541537543019343,True
v9-low_high_low-closed_loop_dynamic-rep1,low_high_low,281.500285557,170.56811635499997,0,17,0,10,1446,1446,0.8178733031674208,313,True,True,0.0,True,0,True,False,0.0,False,False,0.0,0,0.9203278191320162,1.2332036731579201,0.746290202635621,True
v9-low_high_low-closed_loop_dynamic-rep1,low_high_low,281.750282356,170.818113154,0,17,0,10,1454,1454,0.8223981900452488,305,True,True,0.0,True,0,True,False,0.0,False,False,0.0,0,0.9046046635994353,1.225624272162444,0.7380766554201688,True
v9-low_high_low-closed_loop_dynamic-rep1,low_high_low,282.000372138,171.06820293599998,0,17,0,10,1463,1463,0.8274886877828054,296,True,True,0.0,True,0,True,False,0.0,False,False,0.0,0,0.8886773133527173,1.2182543882536778,0.7294677711989226,True
v9-low_high_low-closed_loop_dynamic-rep1,low_high_low,282.250658883,171.31848968100002,0,17,0,10,1463,1463,0.8274886877828054,296,True,True,0.0,True,0,True,False,0.0,False,False,0.0,0,0.872963622930882,1.2108930066051473,0.7209254807559901,True
v9-low_high_low-closed_loop_dynamic-rep1,low_high_low,282.50111283,171.568943628,0,17,0,10,1471,1471,0.8320135746606335,288,True,True,0.0,True,0,True,False,0.0,False,False,0.0,0,0.8570114181639148,1.2036407157179871,0.7120159753425228,True
v9-low_high_low-closed_loop_dynamic-rep1,low_high_low,282.750752795,171.81858359299997,0,17,0,10,1472,1472,0.832579185520362,287,True,True,0.0,True,0,True,False,0.0,False,False,0.0,0,0.8409147235881249,1.1966229970163478,0.7027398986020296,True
v9-low_high_low-closed_loop_dynamic-rep1,low_high_low,283.000332173,172.068162971,0,17,0,10,1480,1480,0.8371040723981901,279,True,True,0.0,True,0,True,False,0.0,False,False,0.0,0,0.824850168601472,1.189493959849492,0.6934462859364509,True
v9-low_high_low-closed_loop_dynamic-rep1,low_high_low,283.250080961,172.31791175899997,0,17,0,10,1488,1488,0.8416289592760181,271,True,True,0.0,True,0,True,False,0.0,False,False,0.0,0,0.8089725376609757,1.182162501573814,0.6843158504723249,True
v9-low_high_low-closed_loop_dynamic-rep1,low_high_low,283.500631823,172.56846262099998,0,17,0,10,1489,1489,0.8421945701357466,270,True,True,0.0,True,0,True,False,0.0,False,False,0.0,0,0.8120216774822395,1.1654319885112583,0.696755954433282,True
v9-low_high_low-closed_loop_dynamic-rep1,low_high_low,283.750529782,172.81836058,0,17,0,10,1497,1497,0.8467194570135747,262,True,True,0.0,True,0,True,False,0.0,False,False,0.0,0,0.8149334499381222,1.1485837669237575,0.7095115510127327,True
v9-low_high_low-closed_loop_dynamic-rep1,low_high_low,284.000382695,173.06821349299997,0,17,0,10,1505,1505,0.8512443438914027,254,True,True,0.0,True,0,True,False,0.0,False,False,0.0,0,0.8180424793985293,1.1316539488760777,0.7228733485275978,True
v9-low_high_low-closed_loop_dynamic-rep1,low_high_low,284.250887044,173.318717842,0,17,0,10,1506,1506,0.8518099547511312,253,True,True,0.0,True,0,True,False,0.0,False,False,0.0,0,0.8211595231195705,1.1146794032078624,0.7366777575295728,True
v9-low_high_low-closed_loop_dynamic-rep1,low_high_low,284.500181598,173.56801239599997,0,17,0,10,1514,1514,0.8563348416289592,245,True,True,0.0,True,0,True,False,0.0,False,False,0.0,0,0.8240641994840496,1.0977730587369376,0.7506689956776598,True
v9-low_high_low-closed_loop_dynamic-rep1,low_high_low,284.750648997,173.81847979499997,0,17,0,10,1522,1522,0.8608597285067874,237,True,True,0.0,True,0,True,False,0.0,False,False,0.0,0,0.8271806947291853,1.0806883743188944,0.7654201843806429,True
v9-low_high_low-closed_loop_dynamic-rep1,low_high_low,285.000881629,174.06871242699998,0,17,0,10,1522,1522,0.8608597285067874,237,True,True,0.0,True,0,True,False,0.0,False,False,0.0,0,0.8302939699916289,1.0635207333657832,0.7807031343563481,True
v9-low_high_low-closed_loop_dynamic-rep1,low_high_low,285.251126633,174.318957431,0,17,0,10,1531,1531,0.8659502262443439,228,True,True,0.0,True,0,True,False,0.0,False,False,0.0,0,0.8331814123454754,1.0464618449026595,0.7961890024026407,True
v9-low_high_low-closed_loop_dynamic-rep1,low_high_low,285.501019833,174.56885063099998,0,17,0,10,1531,1531,0.8659502262443439,228,True,True,0.0,True,0,True,False,0.0,False,False,0.0,0,0.8363185471990949,1.0285675193390285,0.8130905667102192,False
v9-low_high_low-closed_loop_dynamic-rep1,low_high_low,285.75037275,174.81820354799999,0,17,0,10,1539,1539,0.870475113122172,220,True,True,0.0,True,0,True,False,0.0,False,False,0.0,0,0.8391955323997738,1.0229684435647635,0.8203532940619442,False
v9-low_high_low-closed_loop_dynamic-rep1,low_high_low,286.00120997,175.06904076799998,0,17,0,10,1540,1540,0.8710407239819005,219,True,True,0.0,True,0,True,False,0.0,False,False,0.0,0,0.8420898080151582,1.017236913132863,0.8278207339347422,False
v9-low_high_low-closed_loop_dynamic-rep1,low_high_low,286.250221483,175.318052281,0,17,0,10,1548,1548,0.8755656108597285,211,True,True,0.0,True,0,True,False,0.0,False,False,0.0,0,0.8449911865037333,1.0114341561557132,0.8354386505152239,False
v9-low_high_low-closed_loop_dynamic-rep1,low_high_low,286.500185682,175.56801647999998,0,9,0,10,780,780,0.4411764705882353,979,True,True,0.0,True,0,True,True,0.0,False,False,0.0,0,0.8478754303159501,1.0057223330202498,0.8430512105361376,False
v9-low_high_low-closed_loop_dynamic-rep1,low_high_low,286.750277002,175.8181078,0,9,0,10,781,781,0.4417420814479638,978,True,True,0.0,True,0,True,True,0.02500913200000241,False,False,0.0,0,0.8290337086960389,0.9998946999528288,0.8291210151780478,False
v9-low_high_low-closed_loop_dynamic-rep1,low_high_low,287.001029486,176.06886028399998,0,9,0,10,789,789,0.4462669683257919,970,True,True,0.0,True,0,True,True,0.05008438039999987,False,False,0.0,0,0.8099429513394796,0.9939525366282252,0.8148708529755763,False
v9-low_high_low-closed_loop_dynamic-rep1,low_high_low,287.250210719,176.31804151699998,0,9,0,10,789,789,0.4462669683257919,970,True,True,0.0,True,0,True,True,0.07500250370000003,False,False,0.0,0,0.7909442917193437,0.9881599185986438,0.8004213456067102,False
v9-low_high_low-closed_loop_dynamic-rep1,low_high_low,287.500175867,176.56800666499998,0,9,0,10,790,790,0.4468325791855204,969,True,True,0.0,True,0,True,True,0.09999901850000015,False,False,0.0,0,0.7718858630143662,0.9822361002947971,0.7858455444497522,True
v9-low_high_low-closed_loop_dynamic-rep1,low_high_low,287.750226038,176.81805683599998,0,9,0,10,798,798,0.4513574660633484,961,True,True,0.0,True,0,True,True,0.12500403559999995,False,False,0.0,0,0.7526237961877827,0.9762113231022068,0.7709640099195868,True
v9-low_high_low-closed_loop_dynamic-rep1,low_high_low,288.000198657,177.068029455,0,9,0,10,798,798,0.4513574660633484,961,True,True,0.0,True,0,True,True,0.1500012975000004,False,False,0.0,0,0.7335648574492077,0.9702023361207587,0.7560947135854997,True
v9-low_high_low-closed_loop_dynamic-rep1,low_high_low,288.250817936,177.31864873399996,0,9,0,10,798,798,0.4513574660633484,961,True,True,0.0,True,0,True,True,0.17506322539999813,False,False,0.0,0,0.7142292040612006,0.9642773540554315,0.7406885592173132,True
v9-low_high_low-closed_loop_dynamic-rep1,low_high_low,288.500601292,177.56843209,0,9,0,10,807,807,0.45644796380090497,952,True,True,0.0,True,0,True,True,0.20004156100000045,False,False,0.0,0,0.6947325393960403,0.9582729020143674,0.72498401857723,True
v9-low_high_low-closed_loop_dynamic-rep1,low_high_low,288.750969903,177.818800701,0,9,0,10,807,807,0.45644796380090497,952,True,True,0.0,True,0,True,True,0.22507842210000034,False,False,0.0,0,0.6754163761450223,0.9521554953675915,0.709355120493496,True
v9-low_high_low-closed_loop_dynamic-rep1,low_high_low,289.001397632,178.06922843,0,9,0,10,807,807,0.45644796380090497,952,True,True,0.0,True,0,True,True,0.2501211950000027,False,False,0.0,0,0.6558684969022603,0.946135593994514,0.6932077189203214,True
v9-low_high_low-closed_loop_dynamic-rep1,low_high_low,289.250930529,178.318761327,0,9,0,10,816,816,0.46153846153846156,943,True,True,0.0,True,0,True,True,0.2750744847000021,False,False,0.0,0,0.6361655550933241,0.9401372095069576,0.6766730947995906,True
v9-low_high_low-closed_loop_dynamic-rep1,low_high_low,289.500397433,178.56822823099998,0,9,0,10,816,816,0.46153846153846156,943,True,True,0.0,True,0,True,True,0.3000211750999995,False,False,0.0,0,0.61669339554129,0.9339431723875575,0.6603114769443181,True
v9-low_high_low-closed_loop_dynamic-rep1,low_high_low,289.751096759,178.818927557,0,9,0,10,816,816,0.46153846153846156,943,True,True,0.0,True,0,True,True,0.3250911077000012,False,False,0.0,0,0.5968979530476235,0.9278177105622177,0.6433353731585151,True
v9-low_high_low-closed_loop_dynamic-rep1,low_high_low,290.00089451,179.068725308,0,9,0,10,825,825,0.4666289592760181,934,True,True,0.0,True,0,True,True,0.35007088280000287,False,False,0.0,0,0.5769480421645905,0.9217137780995477,0.6259514134140224,True
v9-low_high_low-closed_loop_dynamic-rep1,low_high_low,290.250309156,179.318139954,0,9,0,10,825,825,0.4666289592760181,934,True,True,0.0,True,0,True,True,0.375012347400002,False,False,0.0,0,0.5572826566145912,0.9155207334392538,0.6087056647216474,True
v9-low_high_low-closed_loop_dynamic-rep1,low_high_low,290.500513582,179.56834437999998,0,9,0,10,825,825,0.4666289592760181,934,True,True,0.0,True,0,True,True,0.4000327900000002,False,False,0.0,0,0.5373010992092759,0.9093219043016412,0.5908810693633548,True
v9-low_high_low-closed_loop_dynamic-rep1,low_high_low,290.750985765,179.81881656299998,0,9,0,10,826,826,0.4671945701357466,933,True,True,0.0,True,0,True,True,0.42508000830000015,False,False,0.0,0,0.5172967705533935,0.9031029021679309,0.5727993668402616,True
v9-low_high_low-closed_loop_dynamic-rep1,low_high_low,291.000560459,180.06839125699997,0,9,0,10,834,834,0.47171945701357465,925,True,True,0.0,True,0,True,True,0.450037477699999,False,False,0.0,0,0.4971670469309962,0.8968071639773768,0.5543745265437442,True
v9-low_high_low-closed_loop_dynamic-rep1,low_high_low,291.251048135,180.318878933,0,9,0,10,834,834,0.47171945701357465,925,True,True,0.0,True,0,True,True,0.4750862453000025,False,False,0.0,0,0.47716136107567664,0.8903895250329189,0.5359018133754835,True
v9-low_high_low-closed_loop_dynamic-rep1,low_high_low,291.500930196,180.568760994,0,9,0,10,835,835,0.47228506787330315,924,True,True,0.0,True,0,True,True,0.5000744514000018,False,False,0.0,0,0.45704326098495474,0.884053598225339,0.5169859179380407,True
v9-low_high_low-closed_loop_dynamic-rep1,low_high_low,291.750134673,180.81796547099998,0,9,0,10,843,843,0.47680995475113125,916,True,True,0.0,True,0,True,True,0.5249948990999996,False,False,0.0,0,0.4585937413282804,0.8668291919657254,0.5290474127761186,True
v9-low_high_low-closed_loop_dynamic-rep1,low_high_low,292.000456866,181.06828766399997,0,9,0,10,843,843,0.47680995475113125,916,True,True,0.0,True,0,True,True,0.5500271183999985,False,False,0.0,0,0.46034941081866493,0.84932956602981,0.5420150542628202,True
v9-low_high_low-closed_loop_dynamic-rep1,low_high_low,292.25027211,181.31810290800001,0,9,0,10,843,843,0.47680995475113125,916,True,True,0.0,True,0,True,True,0.5750086428000032,False,False,0.0,0,0.461875949748077,0.8319637583138564,0.5551635454459729,True
v9-low_high_low-closed_loop_dynamic-rep1,low_high_low,292.500932769,181.56876356699996,0,9,0,10,852,852,0.4819004524886878,907,True,True,0.0,True,0,True,True,0.6000747086999979,False,False,0.0,0,0.46340704914671915,0.8144257152617671,0.5689985476425853,True
v9-low_high_low-closed_loop_dynamic-rep1,low_high_low,292.750151107,181.817981905,0,9,0,10,852,852,0.4819004524886878,907,True,True,0.0,True,0,True,True,0.6249965425000028,False,False,0.0,0,0.4651549605670816,0.796791544399886,0.5837850110688853,True
v9-low_high_low-closed_loop_dynamic-rep1,low_high_low,293.000527582,182.06835838,0,9,0,10,852,852,0.4819004524886878,907,True,True,0.0,True,0,True,True,0.6500341900000024,False,False,0.0,0,0.4666844774333712,0.7791886847916849,0.5989364149431132,True
v9-low_high_low-closed_loop_dynamic-rep1,low_high_low,293.25020182,182.31803261799996,0,9,0,10,853,853,0.4824660633484163,906,True,True,0.0,True,0,True,True,0.6750016137999978,False,False,0.0,0,0.46820963680576916,0.7616211290145953,0.6147540016537496,True
v9-low_high_low-closed_loop_dynamic-rep1,low_high_low,293.500185404,182.56801620199997,0,9,0,10,861,861,0.48699095022624433,898,True,True,0.0,True,0,True,True,0.6999999721999984,False,False,0.0,0,0.46976496453427596,0.7533905618684394,0.6235344432365062,True
v9-low_high_low-closed_loop_dynamic-rep1,low_high_low,293.750513734,182.81834453199997,0,9,0,10,861,861,0.48699095022624433,898,True,True,0.0,True,0,True,True,0.7250328051999986,False,False,0.0,0,0.4712945429066743,0.7451926161710978,0.63244660867448,True
v9-low_high_low-closed_loop_dynamic-rep1,low_high_low,294.000712728,183.06854352599998,0,9,0,10,862,862,0.48755656108597284,897,True,True,0.0,True,0,True,True,0.7500527046000002,False,False,0.0,0,0.4728229078021494,0.7369847306213235,0.6415640489641224,True
v9-low_high_low-closed_loop_dynamic-rep1,low_high_low,294.250396966,183.31822776399997,0,1,0,10,94,94,0.053167420814479636,1665,True,True,0.0,True,0,True,True,0.7750211283999988,False,False,0.0,0,0.47437637308382347,0.7286807790670253,0.6510071168491594,True
v9-low_high_low-closed_loop_dynamic-rep1,low_high_low,294.500611974,183.56844277199997,0,1,0,10,94,94,0.053167420814479636,1665,True,True,0.0,True,0,True,True,0.8000426291999986,False,False,0.0,0,0.45394080365972866,0.7203730295329192,0.6301468614865526,True
v9-low_high_low-closed_loop_dynamic-rep1,low_high_low,294.751094046,183.81892484399998,0,1,0,10,95,95,0.05373303167420815,1664,True,True,0.0,True,0,True,True,0.8250908363999997,False,False,0.0,0,0.43348287877465996,0.7120422011942875,0.608788184250304,True
v9-low_high_low-closed_loop_dynamic-rep1,low_high_low,295.000939823,184.068770621,0,1,0,10,95,95,0.05373303167420815,1664,True,True,0.0,True,0,True,True,0.8500754141000015,False,False,0.0,0,0.413105139743663,0.7036195554348412,0.5871143525685005,True
v9-low_high_low-closed_loop_dynamic-rep1,low_high_low,295.250643383,184.318474181,0,1,0,10,95,95,0.05373303167420815,1664,True,True,0.0,True,0,True,True,0.8750457701000016,False,False,0.0,0,0.392484823137328,0.6952160702425335,0.5645508496378766,True
v9-low_high_low-closed_loop_dynamic-rep1,low_high_low,295.50011771,184.56794850799997,0,1,0,10,96,96,0.05429864253393665,1663,True,True,0.0,True,0,True,True,0.899993202799999,False,False,0.0,0,0.3718834364054298,0.6868202996223421,0.541456675945535,True
v9-low_high_low-closed_loop_dynamic-rep1,low_high_low,295.750785833,184.818616631,0,1,0,10,96,96,0.05429864253393665,1663,True,True,0.0,True,0,True,True,0.9250600151000015,True,True,0.0,0,0.35121182309468113,0.6782566088246602,0.5178155561260072,True
v9-low_high_low-closed_loop_dynamic-rep1,low_high_low,296.302750797,185.37058159499998,0,1,0,10,96,96,0.05429864253393665,1663,True,True,0.0,True,0,True,True,0.9802565114999993,True,True,0.0,0,0.3053575531295245,0.6592913561631224,0.46316025574279285,True
v9-low_high_low-closed_loop_dynamic-rep1,low_high_low,296.346539287,185.41437008499997,0,1,0,10,96,96,0.05429864253393665,1663,True,True,0.0,True,0,True,True,0.984635360499999,True,True,0.0,0,0.3017019076973981,0.6577756007400455,0.4586699588096023,True
v9-low_high_low-closed_loop_dynamic-rep1,low_high_low,296.500771468,185.56860226599997,0,1,0,10,96,96,0.05429864253393665,1663,True,True,0.0,True,0,True,True,1.0,True,True,0.0,0,0.28882596317500003,0.652436794474661,0.44268803602280177,True
v9-low_high_low-closed_loop_dynamic-rep1,low_high_low,296.75097179,185.81880258799998,0,1,0,10,96,96,0.05429864253393665,1663,True,True,0.0,True,0,True,True,1.0,True,True,0.0,0,0.26790915591640174,0.6437902235467194,0.4161435606158436,True
v9-low_high_low-closed_loop_dynamic-rep1,low_high_low,297.000558892,186.06838969,0,1,0,10,96,96,0.05429864253393665,1663,True,True,0.0,True,0,True,True,1.0,True,True,0.0,0,0.24681848112069865,0.6351646918664021,0.3885897378763828,True
v9-low_high_low-closed_loop_dynamic-rep1,low_high_low,297.25018253,186.318013328,0,1,0,10,96,96,0.05429864253393665,1663,True,True,0.0,True,0,True,True,1.0,True,True,0.0,0,0.22572471895033647,0.6264109217555421,0.36034607812669317,True
v9-low_high_low-closed_loop_dynamic-rep1,low_high_low,297.698562302,186.76639310000002,0,1,0,10,96,96,0.05429864253393665,1663,True,True,0.0,True,0,True,True,1.0,True,True,0.0,0,0.18763440724434005,0.610698456335915,0.3072455895338495,True
v9-low_high_low-closed_loop_dynamic-rep1,low_high_low,297.750998746,186.81882954399998,0,1,0,10,96,96,0.05429864253393665,1663,True,True,0.0,True,0,True,True,1.0,True,True,0.0,0,0.18315002357194482,0.6088625737122172,0.30080683471030994,True
v9-low_high_low-closed_loop_dynamic-rep1,low_high_low,298.000742413,187.068573211,0,1,0,10,96,96,0.05429864253393665,1663,True,True,0.0,True,0,True,True,1.0,True,True,0.0,0,0.1617918547651559,0.6001044088106328,0.2696061758416617,True
